cell_id,condition,x,y
train_0,control,6.462090492248535,-7.130476951599121
train_1,control,3.548473834991455,9.068191528320312
train_2,control,-1.9970701932907104,-0.18744418025016785
train_3,control,2.552394151687622,5.931580543518066
train_4,control,0.4353398084640503,2.916426181793213
train_5,control,6.2264227867126465,-1.1236293315887451
train_6,control,-4.41201114654541,2.787578582763672
train_7,control,6.113537788391113,-2.1956067085266113
train_8,control,2.332443952560425,-5.344701290130615
train_9,control,-2.3923611640930176,2.569377899169922
train_10,control,2.39094877243042,-7.685917377471924
train_11,control,15.586658477783203,-5.7411909103393555
train_12,control,-2.518937587738037,-7.308376312255859
train_13,control,5.996147155761719,4.333198547363281
train_14,control,1.9522621631622314,3.8261499404907227
train_15,control,5.252061367034912,-5.1213884353637695
train_16,control,2.6145505905151367,2.102349042892456
train_17,control,-2.507110357284546,1.6098144054412842
train_18,control,4.344797611236572,3.2900054454803467
train_19,control,1.784073829650879,4.774637699127197
train_20,control,-6.249413013458252,2.865323305130005
train_21,control,3.3568806648254395,-4.4861674308776855
train_22,control,-1.2912514209747314,0.931025505065918
train_23,control,4.325309753417969,-0.8339676856994629
train_24,control,4.909946441650391,-7.526829719543457
train_25,control,0.09462058544158936,-1.6588020324707031
train_26,control,9.041507720947266,5.739086151123047
train_27,control,-7.174743175506592,-3.8330140113830566
train_28,control,-4.842599868774414,1.9503331184387207
train_29,control,-1.3682324886322021,5.369836330413818
train_30,control,7.658663272857666,-4.298985481262207
train_31,control,-6.111122131347656,-1.239414930343628
train_32,control,-5.127197265625,-3.3455214500427246
train_33,control,7.368834495544434,0.9866434335708618
train_34,control,-2.5341556072235107,4.308942794799805
train_35,control,8.805967330932617,0.7378824949264526
train_36,control,-3.6900646686553955,2.9505162239074707
train_37,control,4.363254070281982,-0.5669903755187988
train_38,control,1.7181808948516846,1.0626671314239502
train_39,control,1.4436861276626587,-9.44644546508789
train_40,control,4.014797210693359,0.5349812507629395
train_41,control,-10.97533130645752,3.473170518875122
train_42,control,-8.042105674743652,1.1295650005340576
train_43,control,2.6737823486328125,2.1694746017456055
train_44,control,1.0424096584320068,2.39782452583313
train_45,control,-9.16088581085205,0.9063048362731934
train_46,control,-2.7911601066589355,5.213564872741699
train_47,control,6.926262855529785,1.9823710918426514
train_48,control,-6.51135778427124,0.530926525592804
train_49,control,-0.7734538316726685,1.1629904508590698
train_50,control,-9.718600273132324,-3.868314266204834
train_51,control,-6.986018180847168,-9.963769912719727
train_52,control,-1.0560808181762695,1.0493334531784058
train_53,control,-7.818347930908203,-2.1998448371887207
train_54,control,-3.8236305713653564,4.231773376464844
train_55,control,-1.0924488306045532,3.8338003158569336
train_56,control,10.192405700683594,-2.5432660579681396
train_57,control,5.551735877990723,-2.322047710418701
train_58,control,-6.362446308135986,-0.5247556567192078
train_59,control,1.7633334398269653,4.351833820343018
train_60,control,9.85836410522461,-2.150674819946289
train_61,control,0.5417518615722656,-0.33999621868133545
train_62,control,-6.808170318603516,3.2634689807891846
train_63,control,0.822586715221405,1.7081713676452637
train_64,control,7.520277976989746,-1.0592904090881348
train_65,control,5.9691667556762695,-7.214331150054932
train_66,control,-0.48255982995033264,0.13902363181114197
train_67,control,0.6288192868232727,3.444790840148926
train_68,control,4.613945484161377,5.5786356925964355
train_69,control,-2.512662887573242,-0.5886859893798828
train_70,control,6.080593585968018,-4.716931343078613
train_71,control,8.547300338745117,-0.4753163456916809
train_72,control,-2.46927809715271,-4.073791027069092
train_73,control,5.459618091583252,-5.289544582366943
train_74,control,3.432126045227051,-0.7684246301651001
train_75,control,7.504733085632324,0.9739161729812622
train_76,control,7.391396522521973,-5.447090148925781
train_77,control,-9.935585021972656,-1.5641705989837646
train_78,control,2.211305618286133,6.095280170440674
train_79,control,-2.3898520469665527,4.273268699645996
train_80,control,-0.566076397895813,0.47823217511177063
train_81,control,-8.77659797668457,-4.697376251220703
train_82,control,5.289807319641113,-2.231520652770996
train_83,control,2.7317185401916504,8.201148986816406
train_84,control,8.664432525634766,-1.1347767114639282
train_85,control,-1.773721694946289,-4.068935394287109
train_86,control,0.4182993769645691,-2.521618604660034
train_87,control,-2.090320587158203,-1.1350245475769043
train_88,control,-1.935984492301941,4.616793155670166
train_89,control,-7.876099109649658,-2.80470871925354
train_90,control,-0.9074659943580627,1.637857437133789
train_91,control,-5.477521896362305,-3.22064208984375
train_92,control,7.9691572189331055,-2.5295705795288086
train_93,control,-7.731054782867432,1.7138863801956177
train_94,control,7.623271465301514,-3.9414186477661133
train_95,control,1.283044457435608,1.8646959066390991
train_96,control,2.2705790996551514,3.7795238494873047
train_97,control,-6.043178081512451,-4.401069641113281
train_98,control,6.241804122924805,3.370701551437378
train_99,control,-0.7051833868026733,-1.1562433242797852
train_100,control,-7.800986289978027,-1.9497089385986328
train_101,control,4.595335483551025,-0.7694106101989746
train_102,control,11.064753532409668,-3.730175018310547
train_103,control,-1.190263032913208,-4.589754581451416
train_104,control,-4.741020202636719,-0.14636260271072388
train_105,control,-1.6133283376693726,1.6016364097595215
train_106,control,-9.74600601196289,-5.6650896072387695
train_107,control,6.491641998291016,-1.0005484819412231
train_108,control,0.805900514125824,4.043839454650879
train_109,control,-2.0895485877990723,-0.9702286720275879
train_110,control,2.3224120140075684,-3.0649027824401855
train_111,control,4.294970512390137,-4.794381141662598
train_112,control,4.130671501159668,-1.252758264541626
train_113,control,0.5380308628082275,-0.1268119215965271
train_114,control,-4.910197734832764,-1.012909173965454
train_115,control,2.3445417881011963,-0.957821786403656
train_116,control,-5.807071685791016,1.268191933631897
train_117,control,-1.6463689804077148,-5.558194160461426
train_118,control,-11.686407089233398,-5.228000640869141
train_119,control,-3.1728310585021973,-2.1135292053222656
train_120,control,-6.4538373947143555,-1.6890594959259033
train_121,control,0.4247981309890747,3.125491142272949
train_122,control,6.139899253845215,2.1400327682495117
train_123,control,3.8480231761932373,-9.760688781738281
train_124,control,-4.247285842895508,-4.5583271980285645
train_125,control,2.2790274620056152,1.3208799362182617
train_126,control,-1.9997541904449463,6.675483226776123
train_127,control,4.976085186004639,1.1925239562988281
train_128,control,-8.411518096923828,-4.499422550201416
train_129,control,-9.450605392456055,2.07694411277771
train_130,control,7.48088264465332,4.247803688049316
train_131,control,2.101834774017334,3.3846664428710938
train_132,control,6.813647270202637,3.809697151184082
train_133,control,-2.952826976776123,-4.138225555419922
train_134,control,-12.53167724609375,3.6236863136291504
train_135,control,8.91415786743164,4.8147358894348145
train_136,control,3.7711291313171387,-1.1632086038589478
train_137,control,-7.303450107574463,3.285895347595215
train_138,control,-4.205840110778809,-6.97358512878418
train_139,control,-5.378091812133789,-3.450960636138916
train_140,control,-1.8398100137710571,-4.051852703094482
train_141,control,4.20523738861084,-5.139853477478027
train_142,control,1.1931828260421753,0.5231866836547852
train_143,control,-5.863656997680664,6.183664798736572
train_144,control,7.458466053009033,1.5172910690307617
train_145,control,-15.088454246520996,-1.9122639894485474
train_146,control,-10.570547103881836,-1.704033374786377
train_147,control,2.395867347717285,6.5490217208862305
train_148,control,-5.0655059814453125,-1.2894856929779053
train_149,control,2.4511055946350098,-0.1344546526670456
train_150,control,6.3176164627075195,4.397541046142578
train_151,control,1.8672451972961426,-2.4701595306396484
train_152,control,-2.892949342727661,4.685568809509277
train_153,control,-7.980351448059082,2.4484615325927734
train_154,control,3.4979352951049805,-0.8049721717834473
train_155,control,-1.1368756294250488,-3.2055087089538574
train_156,control,1.3741793632507324,-4.6149678230285645
train_157,control,-5.4437360763549805,4.4271697998046875
train_158,control,8.121532440185547,6.560739517211914
train_159,control,-3.425175666809082,0.5610437393188477
train_160,control,6.42974853515625,4.573681354522705
train_161,control,0.18054091930389404,-5.326356887817383
train_162,control,-2.9181036949157715,5.254064083099365
train_163,control,-15.204320907592773,1.0460454225540161
train_164,control,2.496006488800049,5.448287010192871
train_165,control,-2.1814889907836914,-7.147287368774414
train_166,control,-8.443122863769531,-4.469449996948242
train_167,control,-8.514432907104492,-1.5855984687805176
train_168,control,1.4981815814971924,2.131709337234497
train_169,control,-3.38909912109375,6.146581172943115
train_170,control,-12.842191696166992,3.6385936737060547
train_171,control,-5.648120403289795,-0.08022385835647583
train_172,control,3.9354493618011475,-3.300355911254883
train_173,control,7.536423683166504,6.057542324066162
train_174,control,1.8755638599395752,1.7415251731872559
train_175,control,-6.254042625427246,1.9634311199188232
train_176,control,4.717220306396484,2.871520757675171
train_177,control,0.2576051950454712,2.188210964202881
train_178,control,-0.2417725920677185,8.442580223083496
train_179,control,2.905498743057251,9.537493705749512
train_180,control,-10.916048049926758,-1.1273404359817505
train_181,control,-1.4058837890625,2.418651580810547
train_182,control,7.33780574798584,0.7949697971343994
train_183,control,-2.7748568058013916,-9.796773910522461
train_184,control,-3.8054211139678955,1.2685160636901855
train_185,control,-7.5549397468566895,-0.9045717716217041
train_186,control,-5.446825981140137,5.201514720916748
train_187,control,2.131995677947998,7.146054744720459
train_188,control,-11.154544830322266,1.7722632884979248
train_189,control,-4.472936630249023,1.0288066864013672
train_190,control,-5.712032318115234,2.9952430725097656
train_191,control,-3.836923837661743,-5.5585432052612305
train_192,control,-7.414729595184326,-1.1139235496520996
train_193,control,5.3039045333862305,2.545203447341919
train_194,control,2.3355889320373535,-2.7559428215026855
train_195,control,3.3036863803863525,2.2855148315429688
train_196,control,5.539814472198486,3.712392568588257
train_197,control,6.6331586837768555,2.6144521236419678
train_198,control,4.847491264343262,-5.052902698516846
train_199,control,5.54273796081543,-8.667318344116211
train_200,control,-4.060883522033691,1.401611328125
train_201,control,-2.4796762466430664,0.8728271722793579
train_202,control,-10.097724914550781,-3.4424893856048584
train_203,control,-3.1876959800720215,-4.157092571258545
train_204,control,4.715097427368164,1.6283763647079468
train_205,control,-17.045318603515625,0.0544360876083374
train_206,control,-1.3911198377609253,-4.203845024108887
train_207,control,10.15722942352295,-2.128145694732666
train_208,control,-2.0129270553588867,3.2983736991882324
train_209,control,-13.296171188354492,-2.305661201477051
train_210,control,-3.243968963623047,-4.413049697875977
train_211,control,3.8973100185394287,-4.490788459777832
train_212,control,4.74783182144165,-5.376279830932617
train_213,control,-6.862817287445068,-5.241652965545654
train_214,control,6.450000762939453,-1.6010186672210693
train_215,control,-13.12281608581543,-1.0727791786193848
train_216,control,7.557276725769043,1.7386555671691895
train_217,control,-2.1300125122070312,3.0316410064697266
train_218,control,8.292265892028809,-2.0519702434539795
train_219,control,-2.5596935749053955,-2.060223340988159
train_220,control,-9.668397903442383,0.2684895694255829
train_221,control,1.866574764251709,1.0419015884399414
train_222,control,-1.0457947254180908,-0.046352386474609375
train_223,control,2.938560962677002,3.1158864498138428
train_224,control,-7.972556114196777,3.3139288425445557
train_225,control,-3.192284345626831,3.1292476654052734
train_226,control,-4.723316192626953,-4.667804718017578
train_227,control,-0.6352362632751465,7.103285789489746
train_228,control,-11.470510482788086,1.1932902336120605
train_229,control,3.218172311782837,1.5283424854278564
train_230,control,3.3301894664764404,0.8794612288475037
train_231,control,-5.132906913757324,-1.0875248908996582
train_232,control,3.71207332611084,-0.8970167636871338
train_233,control,-1.0452380180358887,6.840476036071777
train_234,control,-4.279896259307861,1.0823849439620972
train_235,control,6.316075801849365,-7.704127311706543
train_236,control,-2.200594663619995,4.379044532775879
train_237,control,1.1196141242980957,3.2217750549316406
train_238,control,8.955558776855469,5.913508415222168
train_239,control,-5.3250885009765625,-0.06487679481506348
train_240,control,-9.342825889587402,-1.9090520143508911
train_241,control,9.865653991699219,2.9382050037384033
train_242,control,-4.176231384277344,-2.348544120788574
train_243,control,2.2497196197509766,1.903069019317627
train_244,control,7.7770161628723145,-2.850379467010498
train_245,control,1.0838871002197266,8.988485336303711
train_246,control,1.1956785917282104,-0.7726602554321289
train_247,control,-4.051876068115234,3.830979347229004
train_248,control,-1.5073422193527222,8.65031623840332
train_249,control,-8.49778938293457,-0.46896690130233765
train_250,control,-0.6992049217224121,0.2377750128507614
train_251,control,7.803380966186523,0.7134889364242554
train_252,control,-12.050342559814453,-2.4676060676574707
train_253,control,3.650850296020508,-1.0049598217010498
train_254,control,7.0270209312438965,2.5420737266540527
train_255,control,-1.9196982383728027,-3.9757936000823975
train_256,control,1.09743332862854,8.4571533203125
train_257,control,-1.7195141315460205,-1.1593841314315796
train_258,control,8.231775283813477,-5.282747268676758
train_259,control,-10.986785888671875,-3.5397133827209473
train_260,control,-3.0847268104553223,1.748880386352539
train_261,control,-8.559471130371094,-3.4072256088256836
train_262,control,7.284424781799316,0.6380057334899902
train_263,control,5.090682029724121,3.3529162406921387
train_264,control,8.747215270996094,-0.43168336153030396
train_265,control,3.2260115146636963,5.131894111633301
train_266,control,-1.7225836515426636,-8.868999481201172
train_267,control,-0.6541337370872498,2.2832889556884766
train_268,control,0.2627224028110504,2.379859209060669
train_269,control,9.471748352050781,-3.822611093521118
train_270,control,-10.860092163085938,-0.7283151149749756
train_271,control,-3.175642490386963,3.4978954792022705
train_272,control,5.380401611328125,0.45879438519477844
train_273,control,-1.297701120376587,1.1078734397888184
train_274,control,3.2364563941955566,2.7355000972747803
train_275,control,-4.930877685546875,3.3885726928710938
train_276,control,-4.880854606628418,-3.099202871322632
train_277,control,-2.256279706954956,-1.3484870195388794
train_278,control,-0.25258368253707886,0.19416213035583496
train_279,control,3.32254958152771,0.5783634781837463
train_280,control,1.5416393280029297,5.981489181518555
train_281,control,6.330140113830566,5.810976028442383
train_282,control,-1.7804129123687744,-3.143425464630127
train_283,control,4.935450553894043,4.189503192901611
train_284,control,11.060382843017578,-0.6425010561943054
train_285,control,-4.443522930145264,2.073153257369995
train_286,control,0.4374385476112366,7.0546650886535645
train_287,control,-2.591449022293091,6.808201313018799
train_288,control,3.5713322162628174,-5.2916412353515625
train_289,control,-6.302296161651611,5.590823650360107
train_290,control,-4.242388725280762,-3.719186305999756
train_291,control,-0.9430222511291504,1.559019923210144
train_292,control,-1.1864893436431885,-11.451580047607422
train_293,control,-3.7545413970947266,-7.707142353057861
train_294,control,2.367192029953003,3.466862678527832
train_295,control,-0.2903393805027008,2.996267795562744
train_296,control,-6.0245819091796875,1.9491578340530396
train_297,control,7.1835784912109375,5.225375652313232
train_298,control,-5.2342023849487305,-2.8037543296813965
train_299,control,6.193279266357422,0.6271991729736328
train_300,control,-7.032943248748779,-4.898335933685303
train_301,control,-8.07168197631836,-2.015183687210083
train_302,control,3.821448802947998,3.3025450706481934
train_303,control,-12.961938858032227,-4.077092170715332
train_304,control,4.233211040496826,-0.6875882148742676
train_305,control,2.1970419883728027,0.6937947273254395
train_306,control,7.974981307983398,0.9538778066635132
train_307,control,-4.065642833709717,-6.488595008850098
train_308,control,4.511570453643799,0.09090954065322876
train_309,control,-0.9526355266571045,-2.1087470054626465
train_310,control,1.8573286533355713,3.0214133262634277
train_311,control,5.690070152282715,2.210787296295166
train_312,control,-6.3395795822143555,-4.020649433135986
train_313,control,1.884333610534668,5.229673385620117
train_314,control,-8.463537216186523,-1.4111196994781494
train_315,control,0.5174555778503418,1.3590505123138428
train_316,control,-7.604770183563232,8.275882720947266
train_317,control,-2.8886220455169678,1.5849547386169434
train_318,control,-11.830196380615234,1.0887097120285034
train_319,control,-5.162876129150391,2.0839827060699463
train_320,control,1.8735816478729248,3.349925994873047
train_321,control,-2.1346006393432617,-5.549898624420166
train_322,control,-12.891651153564453,1.7488667964935303
train_323,control,-11.73733901977539,-0.1595851182937622
train_324,control,1.9748426675796509,2.806790828704834
train_325,control,1.7253875732421875,3.4700820446014404
train_326,control,-3.0961813926696777,-1.089921236038208
train_327,control,-3.2307333946228027,8.658292770385742
train_328,control,2.1666996479034424,0.16369348764419556
train_329,control,-3.3061933517456055,-2.0677614212036133
train_330,control,14.53393840789795,-2.8686115741729736
train_331,control,-4.307163238525391,7.807137489318848
train_332,control,16.896879196166992,-12.080001831054688
train_333,control,-10.163143157958984,-0.12036022543907166
train_334,control,4.525660514831543,-3.3461875915527344
train_335,control,-5.133231163024902,-3.4782614707946777
train_336,control,-0.8227548599243164,-5.967145919799805
train_337,control,-4.012946128845215,6.670053005218506
train_338,control,8.347521781921387,-1.9347589015960693
train_339,control,4.219995498657227,-4.24962854385376
train_340,control,6.745954513549805,-1.4667915105819702
train_341,control,-9.378116607666016,0.20112916827201843
train_342,control,5.832292079925537,4.291083812713623
train_343,control,5.511568069458008,-0.018855273723602295
train_344,control,2.508249521255493,5.136167049407959
train_345,control,-4.892133712768555,-1.7535187005996704
train_346,control,8.360427856445312,-2.464244842529297
train_347,control,4.96285343170166,1.9228894710540771
train_348,control,6.410290241241455,-2.125519275665283
train_349,control,5.832709312438965,5.993734836578369
train_350,control,-0.3522814214229584,0.37575802206993103
train_351,control,-5.14447546005249,-0.7106384038925171
train_352,control,1.6790915727615356,4.12353515625
train_353,control,-4.536670207977295,-2.6443865299224854
train_354,control,-1.0240875482559204,5.9377522468566895
train_355,control,-2.9786651134490967,5.616613388061523
train_356,control,1.3634426593780518,-0.2121417373418808
train_357,control,2.568880081176758,3.358316659927368
train_358,control,-12.09343147277832,-0.4341192841529846
train_359,control,-3.7182846069335938,3.476949453353882
train_360,control,6.039663314819336,-1.0432789325714111
train_361,control,-7.039714336395264,-4.031308174133301
train_362,control,9.873693466186523,-1.0211976766586304
train_363,control,-2.3792202472686768,3.794757604598999
train_364,control,6.471006393432617,2.0520920753479004
train_365,control,0.948325514793396,-0.09277760982513428
train_366,control,5.778180122375488,5.525060653686523
train_367,control,-8.471054077148438,0.48659324645996094
train_368,control,2.404198169708252,3.1488349437713623
train_369,control,2.5884382724761963,3.415285110473633
train_370,control,0.17456531524658203,4.954226970672607
train_371,control,-7.983031749725342,3.0878076553344727
train_372,control,-6.092936992645264,2.872671127319336
train_373,control,-1.7339808940887451,2.071286678314209
train_374,control,3.487184524536133,-1.260955572128296
train_375,control,-10.467212677001953,-2.770564556121826
train_376,control,-0.12936799228191376,4.933871269226074
train_377,control,8.471243858337402,-0.5186055898666382
train_378,control,-0.4832829236984253,-0.6812378168106079
train_379,control,-4.150756359100342,4.166459083557129
train_380,control,7.54859733581543,-2.1130008697509766
train_381,control,12.056519508361816,3.869244337081909
train_382,control,3.036424160003662,3.556776762008667
train_383,control,-4.756044387817383,6.662315368652344
train_384,control,-9.38693904876709,-1.5781978368759155
train_385,control,8.89725112915039,4.274843215942383
train_386,control,5.35091495513916,3.18900203704834
train_387,control,-8.465259552001953,0.16658389568328857
train_388,control,-2.5294761657714844,2.421030282974243
train_389,control,1.4348772764205933,4.124811172485352
train_390,control,-6.654817581176758,0.021471261978149414
train_391,control,0.9285964369773865,5.863048076629639
train_392,control,10.734601974487305,-2.800579309463501
train_393,control,-5.478326797485352,1.811286449432373
train_394,control,2.061690330505371,-5.324280738830566
train_395,control,1.1857637166976929,2.124734401702881
train_396,control,0.7554982900619507,-1.7930169105529785
train_397,control,-11.275811195373535,-2.844640016555786
train_398,control,-4.207598686218262,-6.819858074188232
train_399,control,-4.3104248046875,-2.0697109699249268
train_400,control,3.581556797027588,6.850517749786377
train_401,control,6.350830078125,-8.394048690795898
train_402,control,-0.8992152214050293,-6.334798336029053
train_403,control,-12.375739097595215,1.5274794101715088
train_404,control,-6.931027889251709,-1.0061516761779785
train_405,control,0.7202799916267395,0.44380807876586914
train_406,control,4.338869094848633,-5.60573673248291
train_407,control,-2.5304791927337646,3.0708584785461426
train_408,control,-4.343727111816406,-0.9610631465911865
train_409,control,3.656466007232666,0.004291415214538574
train_410,control,3.3668723106384277,4.6014909744262695
train_411,control,0.5791343450546265,3.966163396835327
train_412,control,-1.3537046909332275,-2.144425630569458
train_413,control,-8.728999137878418,0.9548582434654236
train_414,control,-2.7033612728118896,-5.560545921325684
train_415,control,-1.9782078266143799,-0.36772632598876953
train_416,control,-7.411874771118164,-3.7044105529785156
train_417,control,-2.895303249359131,8.125975608825684
train_418,control,5.394222259521484,-4.963795185089111
train_419,control,3.5714731216430664,0.15121689438819885
train_420,control,-5.225553512573242,-7.053708553314209
train_421,control,-1.535775065422058,2.2105021476745605
train_422,control,6.348613739013672,0.7016987204551697
train_423,control,4.459047794342041,4.690229415893555
train_424,control,-7.756919860839844,5.305083751678467
train_425,control,-2.305100202560425,3.3069987297058105
train_426,control,-5.567261695861816,3.9470386505126953
train_427,control,3.6203157901763916,-5.291888236999512
train_428,control,7.178375720977783,-4.474898338317871
train_429,control,-7.083683967590332,2.6521928310394287
train_430,control,-0.11105337738990784,1.6653038263320923
train_431,control,9.109682083129883,-2.368454933166504
train_432,control,-0.7715305089950562,2.4196996688842773
train_433,control,-13.323017120361328,0.5457684993743896
train_434,control,11.56711483001709,-6.375710487365723
train_435,control,5.384783744812012,-0.1873934268951416
train_436,control,1.8907792568206787,7.4686174392700195
train_437,control,4.029675483703613,4.901195049285889
train_438,control,0.6106683611869812,-2.2283411026000977
train_439,control,9.499683380126953,-2.311025619506836
train_440,control,-6.0158843994140625,-1.7920618057250977
train_441,control,-6.208517074584961,0.09454548358917236
train_442,control,-2.425096035003662,1.572706699371338
train_443,control,-10.359845161437988,-3.8988521099090576
train_444,control,-11.740069389343262,2.92594838142395
train_445,control,6.104083061218262,3.625804901123047
train_446,control,2.073821783065796,2.3627119064331055
train_447,control,10.340773582458496,2.631605625152588
train_448,control,-3.2049622535705566,0.2614397406578064
train_449,control,6.9822258949279785,-6.835918426513672
train_450,control,0.30515938997268677,3.9689292907714844
train_451,control,-8.91185188293457,2.6824276447296143
train_452,control,0.5415471196174622,1.5870119333267212
train_453,control,7.191595554351807,1.0523124933242798
train_454,control,8.39263916015625,1.972279667854309
train_455,control,-1.9785159826278687,-9.748089790344238
train_456,control,-4.504227161407471,-4.145059108734131
train_457,control,-1.0288323163986206,3.6281898021698
train_458,control,-1.9359495639801025,-2.89894962310791
train_459,control,5.646984100341797,-0.4465031027793884
train_460,control,-12.017667770385742,2.102423906326294
train_461,control,0.817719042301178,-1.0360748767852783
train_462,control,-3.963326930999756,-5.830091953277588
train_463,control,-0.5943657159805298,-13.884004592895508
train_464,control,6.6844611167907715,3.851558208465576
train_465,control,-1.3705635070800781,-3.0052313804626465
train_466,control,-7.791747093200684,-4.51785945892334
train_467,control,-5.2821502685546875,-0.15816670656204224
train_468,control,-5.368314266204834,3.136139392852783
train_469,control,1.6013370752334595,0.3293870687484741
train_470,control,3.597381591796875,-5.5819411277771
train_471,control,-0.4925867021083832,3.5740108489990234
train_472,control,1.0866801738739014,8.259183883666992
train_473,control,-3.59110689163208,-4.092977523803711
train_474,control,5.449975490570068,-2.851896047592163
train_475,control,-10.393131256103516,1.7196650505065918
train_476,control,4.661093711853027,7.142655372619629
train_477,control,-4.696108818054199,-5.195332050323486
train_478,control,-0.0545693039894104,5.652469635009766
train_479,control,3.3545262813568115,-0.16443735361099243
train_480,control,-12.276338577270508,-0.8477811813354492
train_481,control,-9.364984512329102,-3.739624500274658
train_482,control,8.103422164916992,-0.3804932236671448
train_483,control,-5.831382751464844,3.147244930267334
train_484,control,-0.768551230430603,-2.0326313972473145
train_485,control,-9.032983779907227,-6.936502456665039
train_486,control,-1.4764803647994995,-0.9047670364379883
train_487,control,7.183953762054443,1.512296199798584
train_488,control,1.5009206533432007,10.343572616577148
train_489,control,0.9978453516960144,-0.5896474123001099
train_490,control,-8.160612106323242,-4.341940879821777
train_491,control,-4.453557014465332,0.7955465316772461
train_492,control,1.0877978801727295,-0.3153488337993622
train_493,control,-2.6748673915863037,-1.249194622039795
train_494,control,-8.774873733520508,-0.3175555467605591
train_495,control,-6.424788475036621,-0.05771934986114502
train_496,control,1.7115998268127441,4.534322738647461
train_497,control,6.360129356384277,-8.401143074035645
train_498,control,-4.3701934814453125,-1.8540714979171753
train_499,control,-0.3629346489906311,2.502552032470703
train_500,control,-1.6685028076171875,-5.247559070587158
train_501,control,7.743356227874756,-8.412827491760254
train_502,control,2.413846015930176,-3.0472240447998047
train_503,control,-0.21365171670913696,-4.254624366760254
train_504,control,-9.283754348754883,-0.6833212375640869
train_505,control,3.630244016647339,1.2397868633270264
train_506,control,3.3144187927246094,1.04393470287323
train_507,control,2.0513134002685547,5.204988956451416
train_508,control,7.359841346740723,-1.2113823890686035
train_509,control,-1.3279075622558594,0.8933776617050171
train_510,control,-8.088220596313477,0.2435268759727478
train_511,control,4.94403600692749,1.9682483673095703
train_512,control,0.9848799705505371,2.054028034210205
train_513,control,-3.2847776412963867,3.5415666103363037
train_514,control,-4.641231536865234,-3.0079715251922607
train_515,control,10.309926986694336,4.261142730712891
train_516,control,-3.1728034019470215,-0.5960906147956848
train_517,control,6.412884712219238,-0.6913114786148071
train_518,control,-1.7550339698791504,-2.179230213165283
train_519,control,-5.269042491912842,2.5744645595550537
train_520,control,10.047418594360352,-5.688045501708984
train_521,control,-5.766574859619141,-0.23775511980056763
train_522,control,4.8252105712890625,-7.455132484436035
train_523,control,-0.25671446323394775,6.546212196350098
train_524,control,4.928003311157227,2.1771843433380127
train_525,control,7.680691242218018,-7.165966987609863
train_526,control,-8.003164291381836,-0.319052517414093
train_527,control,-9.531707763671875,3.891998767852783
train_528,control,6.446515083312988,-2.377910614013672
train_529,control,5.061649799346924,1.4003212451934814
train_530,control,9.440460205078125,1.7834925651550293
train_531,control,6.926635265350342,3.0740110874176025
train_532,control,-4.662794589996338,-5.059917449951172
train_533,control,4.97362756729126,1.172593116760254
train_534,control,-2.818014144897461,-4.311716556549072
train_535,control,-8.136056900024414,-2.6242096424102783
train_536,control,-5.542699813842773,-3.3257319927215576
train_537,control,5.117763519287109,-2.871356964111328
train_538,control,6.85256814956665,-10.002630233764648
train_539,control,7.013318061828613,3.2625844478607178
train_540,control,-4.83827543258667,0.21861547231674194
train_541,control,-9.398614883422852,1.1618092060089111
train_542,control,1.9530749320983887,-1.5090605020523071
train_543,control,-6.512467384338379,-0.1503925919532776
train_544,control,-3.706775665283203,-5.796559810638428
train_545,control,-5.7906494140625,3.4781458377838135
train_546,control,-0.3774528503417969,0.35224807262420654
train_547,control,-2.240917682647705,-5.244762420654297
train_548,control,0.7963855266571045,0.11637914180755615
train_549,control,7.3793559074401855,-0.11075079441070557
train_550,control,5.727532863616943,6.862895965576172
train_551,control,7.547120571136475,-0.3667416572570801
train_552,control,5.336385726928711,4.971289157867432
train_553,control,2.544922351837158,4.578298568725586
train_554,control,-4.583970546722412,1.499880075454712
train_555,control,7.598414421081543,2.8869457244873047
train_556,control,-0.46793460845947266,0.11485809087753296
train_557,control,-4.3476972579956055,0.8795438408851624
train_558,control,0.5432349443435669,-1.1220673322677612
train_559,control,-1.6824532747268677,-4.6362199783325195
train_560,control,-0.19585806131362915,-0.8790609836578369
train_561,control,-4.255946159362793,-1.0326324701309204
train_562,control,7.045182228088379,7.3371381759643555
train_563,control,7.195003509521484,-0.36977440118789673
train_564,control,-8.214425086975098,-1.1317901611328125
train_565,control,-7.516936779022217,-0.282023549079895
train_566,control,6.243890285491943,-0.05116063356399536
train_567,control,8.790816307067871,5.953557968139648
train_568,control,-0.5631056427955627,-8.161222457885742
train_569,control,4.755174160003662,-4.327325820922852
train_570,control,-8.61325740814209,-2.833082675933838
train_571,control,9.481545448303223,-0.06693767011165619
train_572,control,3.290104627609253,0.9305482506752014
train_573,control,6.528112411499023,8.284337997436523
train_574,control,-5.558987617492676,-1.451564073562622
train_575,control,-2.3831920623779297,-2.6281628608703613
train_576,control,-5.232598304748535,-0.7562400102615356
train_577,control,10.844256401062012,-0.9482870101928711
train_578,control,0.4057038426399231,-1.0019716024398804
train_579,control,5.798978328704834,0.06586503982543945
train_580,control,-4.166420936584473,-5.430464744567871
train_581,control,-4.314486980438232,-2.844547986984253
train_582,control,0.4322626292705536,4.290865898132324
train_583,control,5.635783672332764,4.04246711730957
train_584,control,-9.756781578063965,-0.34182441234588623
train_585,control,7.123343467712402,2.8471784591674805
train_586,control,0.5008401274681091,-0.12472689151763916
train_587,control,7.364397048950195,-13.401634216308594
train_588,control,3.699777126312256,1.5507447719573975
train_589,control,-0.7992199063301086,0.966657280921936
train_590,control,0.21711677312850952,-4.350338935852051
train_591,control,-7.630838394165039,-5.137476444244385
train_592,control,-10.555219650268555,-2.6870787143707275
train_593,control,2.597891330718994,3.5432820320129395
train_594,control,-11.722206115722656,-1.9111231565475464
train_595,control,6.03201961517334,1.1689395904541016
train_596,control,-7.082997798919678,-1.893501877784729
train_597,control,-0.7701556086540222,1.4180641174316406
train_598,control,3.9358863830566406,0.18305730819702148
train_599,control,-6.895063400268555,-0.7909770011901855
train_600,control,-4.879600524902344,3.892070770263672
train_601,control,6.305142879486084,2.368009090423584
train_602,control,-0.5604734420776367,-2.577479600906372
train_603,control,-3.9056639671325684,-3.2000832557678223
train_604,control,6.0636701583862305,-2.7647204399108887
train_605,control,1.129499912261963,-2.016636371612549
train_606,control,-2.9585514068603516,-6.189640998840332
train_607,control,7.254809856414795,-5.90414571762085
train_608,control,3.867901086807251,-3.0759971141815186
train_609,control,10.098833084106445,4.537254333496094
train_610,control,11.076075553894043,-1.7982561588287354
train_611,control,12.9197998046875,-12.322710037231445
train_612,control,-7.252624988555908,-0.7737032771110535
train_613,control,8.202987670898438,5.182138919830322
train_614,control,-3.8733198642730713,2.2001547813415527
train_615,control,-0.2046365737915039,0.2147001028060913
train_616,control,5.9278154373168945,-4.131355285644531
train_617,control,-5.850811004638672,-2.6221818923950195
train_618,control,-1.4719722270965576,-1.7795729637145996
train_619,control,2.5996384620666504,5.690546035766602
train_620,control,2.9203717708587646,-6.834857940673828
train_621,control,4.059513568878174,-2.5046639442443848
train_622,control,2.0156843662261963,-3.5873889923095703
train_623,control,-0.7898876667022705,-8.834562301635742
train_624,control,-0.4750267267227173,0.6045328974723816
train_625,control,3.527545928955078,1.9589722156524658
train_626,control,-1.1314269304275513,2.8924639225006104
train_627,control,-1.970240831375122,1.8567755222320557
train_628,control,-0.04948776960372925,1.823510766029358
train_629,control,4.61717414855957,-1.1942815780639648
train_630,control,-7.7471489906311035,-0.9566963911056519
train_631,control,-6.538628101348877,-3.4853460788726807
train_632,control,5.521269798278809,-1.709970474243164
train_633,control,-4.33961820602417,-0.41829854249954224
train_634,control,3.6528947353363037,0.26718950271606445
train_635,control,-5.728776454925537,5.159991264343262
train_636,control,-8.408716201782227,-1.4014309644699097
train_637,control,5.493568420410156,1.6003265380859375
train_638,control,0.5211237072944641,0.7711580395698547
train_639,control,4.5835113525390625,3.6415584087371826
train_640,control,4.915255546569824,2.55407977104187
train_641,control,6.051782608032227,0.6534461975097656
train_642,control,-4.857106685638428,3.1403536796569824
train_643,control,-7.615523338317871,-1.070420503616333
train_644,control,5.579494476318359,0.5831805467605591
train_645,control,0.37709128856658936,-8.838037490844727
train_646,control,1.0541783571243286,2.932600736618042
train_647,control,1.9127458333969116,-6.516870498657227
train_648,control,14.244863510131836,-7.119365215301514
train_649,control,-7.677420139312744,2.156069040298462
train_650,control,10.235712051391602,-0.6313533782958984
train_651,control,-0.2645421326160431,-0.9090127944946289
train_652,control,5.039112091064453,3.9216320514678955
train_653,control,12.581191062927246,2.9825775623321533
train_654,control,9.324590682983398,3.924325942993164
train_655,control,6.768276691436768,-5.759795188903809
train_656,control,2.7634429931640625,0.0957430899143219
train_657,control,4.388214111328125,0.13940131664276123
train_658,control,9.447030067443848,6.126657485961914
train_659,control,-6.578293800354004,-0.4796951413154602
train_660,control,-3.1536343097686768,-3.8154184818267822
train_661,control,-5.734350204467773,2.0633087158203125
train_662,control,1.2897369861602783,-0.09394609928131104
train_663,control,5.007862091064453,5.870684623718262
train_664,control,2.149872064590454,-2.728426933288574
train_665,control,2.8399975299835205,3.655026435852051
train_666,control,2.8854336738586426,-0.6254191994667053
train_667,control,3.8505117893218994,4.995680809020996
train_668,control,-2.9549684524536133,-5.309360504150391
train_669,control,4.80317497253418,-9.420291900634766
train_670,control,-11.505535125732422,1.2552094459533691
train_671,control,1.8839749097824097,-0.6669450402259827
train_672,control,2.030585765838623,2.6689913272857666
train_673,control,9.940967559814453,-4.572452545166016
train_674,control,7.870680809020996,-2.804361343383789
train_675,control,6.495876312255859,3.3371617794036865
train_676,control,3.3251824378967285,4.605179786682129
train_677,control,2.70099139213562,-1.8949344158172607
train_678,control,13.15322494506836,-2.6638379096984863
train_679,control,-1.3918793201446533,1.6607449054718018
train_680,control,3.2240753173828125,1.341475009918213
train_681,control,2.1875433921813965,-2.685206890106201
train_682,control,-6.252650260925293,-1.5096360445022583
train_683,control,-5.9003777503967285,3.0029051303863525
train_684,control,-2.2698144912719727,-0.2578839063644409
train_685,control,-13.602231979370117,-1.3135802745819092
train_686,control,-11.102396965026855,0.17736554145812988
train_687,control,-12.742746353149414,-2.3401734828948975
train_688,control,-1.3232128620147705,0.5407155752182007
train_689,control,-5.475174903869629,-3.3633036613464355
train_690,control,-8.095952987670898,2.0781688690185547
train_691,control,7.42800235748291,-1.2578930854797363
train_692,control,-8.812464714050293,0.539868950843811
train_693,control,5.154361248016357,-0.5968088507652283
train_694,control,-5.547952651977539,-1.7177653312683105
train_695,control,-7.090437889099121,1.0780835151672363
train_696,control,7.478419780731201,0.9843035340309143
train_697,control,9.59628677368164,2.9456231594085693
train_698,control,-15.624611854553223,5.72916316986084
train_699,control,7.210953235626221,0.728529155254364
train_700,control,3.438131093978882,0.8068972826004028
train_701,control,-5.89027738571167,0.34033793210983276
train_702,control,-3.165703773498535,-4.80525016784668
train_703,control,-10.874210357666016,-3.6941044330596924
train_704,control,0.7226833701133728,6.799167156219482
train_705,control,-8.22512435913086,-2.264585018157959
train_706,control,5.262326240539551,0.6003498435020447
train_707,control,10.055228233337402,-14.230293273925781
train_708,control,-6.004338264465332,-6.738981246948242
train_709,control,-0.5472854971885681,-4.424630165100098
train_710,control,1.712260127067566,1.575406551361084
train_711,control,1.2450212240219116,4.586956977844238
train_712,control,-14.138019561767578,2.6022467613220215
train_713,control,4.2747392654418945,0.390932559967041
train_714,control,-5.969531059265137,-1.6965484619140625
train_715,control,4.2377519607543945,6.896885871887207
train_716,control,7.586207866668701,-2.996241807937622
train_717,control,4.4313554763793945,-1.3615996837615967
train_718,control,-5.112224102020264,2.883880138397217
train_719,control,5.890228271484375,1.7808892726898193
train_720,control,-3.9309937953948975,2.0855603218078613
train_721,control,1.350062370300293,-0.8728070855140686
train_722,control,4.143367767333984,-0.45436960458755493
train_723,control,-3.8117008209228516,3.3419532775878906
train_724,control,4.400378227233887,1.8559707403182983
train_725,control,-1.7114317417144775,0.2641761600971222
train_726,control,-4.191737174987793,-3.9878756999969482
train_727,control,8.259662628173828,4.444684028625488
train_728,control,-9.02782154083252,3.7072811126708984
train_729,control,-4.581321716308594,0.7188714742660522
train_730,control,-4.535141944885254,-2.0231175422668457
train_731,control,7.06581974029541,-6.273289680480957
train_732,control,-2.018174409866333,0.4730570614337921
train_733,control,-5.905308246612549,-3.584092140197754
train_734,control,-6.531075477600098,-1.0114871263504028
train_735,control,-7.420599937438965,-0.081656813621521
train_736,control,-10.286604881286621,-2.215613603591919
train_737,control,-2.5825202465057373,-5.5304059982299805
train_738,control,-13.008231163024902,-0.31233012676239014
train_739,control,-1.2138471603393555,-6.230611324310303
train_740,control,-7.619297504425049,-0.8188849687576294
train_741,control,15.55276870727539,-9.437522888183594
train_742,control,-8.597615242004395,-3.5878725051879883
train_743,control,-4.961256504058838,5.210601806640625
train_744,control,4.703496932983398,8.679197311401367
train_745,control,-9.350366592407227,-2.1549770832061768
train_746,control,-6.612309455871582,-0.2793367803096771
train_747,control,-4.086236000061035,-0.8792340755462646
train_748,control,-8.779361724853516,-3.2648801803588867
train_749,control,0.9188207387924194,6.705735206604004
train_750,control,-11.96509838104248,-3.531102418899536
train_751,control,0.3299732804298401,-0.3340890407562256
train_752,control,-8.524070739746094,5.160970687866211
train_753,control,-1.6449050903320312,3.691028594970703
train_754,control,7.530357360839844,3.725693941116333
train_755,control,1.3270572423934937,5.488295078277588
train_756,control,-7.202808380126953,-2.4752323627471924
train_757,control,5.104429244995117,2.855900526046753
train_758,control,-7.826052665710449,-4.106022357940674
train_759,control,-11.260107040405273,0.31552332639694214
train_760,control,5.960253715515137,-0.20641028881072998
train_761,control,-13.192235946655273,-1.5158134698867798
train_762,control,6.943058967590332,5.086109638214111
train_763,control,-5.235966205596924,1.9780501127243042
train_764,control,-5.167605400085449,0.6764553785324097
train_765,control,8.569112777709961,-0.1266390085220337
train_766,control,-2.5949487686157227,-0.37025466561317444
train_767,control,-1.7572115659713745,0.7060866355895996
train_768,control,-0.4742334485054016,3.8854103088378906
train_769,control,-5.58596134185791,4.209092140197754
train_770,control,4.566101551055908,2.5916688442230225
train_771,control,6.001345157623291,-4.708645343780518
train_772,control,-0.7960385084152222,1.7596856355667114
train_773,control,-3.697150230407715,3.5946481227874756
train_774,control,-0.36391955614089966,6.925701141357422
train_775,control,-2.149216651916504,-1.4469106197357178
train_776,control,6.254189491271973,5.327260971069336
train_777,control,3.177851438522339,4.319090366363525
train_778,control,1.1220507621765137,8.709100723266602
train_779,control,6.499551773071289,3.9803380966186523
train_780,control,7.770201683044434,0.6440094113349915
train_781,control,-0.8924421072006226,0.5775739550590515
train_782,control,-7.357669353485107,-1.5706615447998047
train_783,control,1.5121355056762695,-5.7561936378479
train_784,control,-13.12791633605957,2.945441722869873
train_785,control,-4.133553981781006,1.4530212879180908
train_786,control,1.1060950756072998,-2.457118272781372
train_787,control,4.400009632110596,-0.9056919813156128
train_788,control,6.799384593963623,0.18682490289211273
train_789,control,2.076369285583496,-2.3680856227874756
train_790,control,-2.9963717460632324,1.0121102333068848
train_791,control,-4.939537048339844,-0.40752363204956055
train_792,control,5.344725608825684,-1.8678483963012695
train_793,control,-0.8026633858680725,1.2289979457855225
train_794,control,5.06901216506958,0.7223213315010071
train_795,control,2.352466344833374,7.17030143737793
train_796,control,3.89923357963562,3.779275894165039
train_797,control,8.751923561096191,-4.203193664550781
train_798,control,-9.602373123168945,4.578293800354004
train_799,control,9.253427505493164,4.288317680358887
train_800,control,-12.928300857543945,2.3123836517333984
train_801,control,-5.6379876136779785,-0.7373673915863037
train_802,control,-1.8996524810791016,0.6804912090301514
train_803,control,-2.755516767501831,4.6125593185424805
train_804,control,-4.140100002288818,-0.4130510091781616
train_805,control,-4.759744644165039,-0.029356777667999268
train_806,control,-8.725261688232422,2.4005939960479736
train_807,control,-1.3656786680221558,-5.573806285858154
train_808,control,-3.0067737102508545,-1.6892482042312622
train_809,control,5.355035781860352,1.9604119062423706
train_810,control,1.6474571228027344,-0.42142391204833984
train_811,control,-0.42000114917755127,-2.2487449645996094
train_812,control,-3.4919047355651855,-0.06198620796203613
train_813,control,14.850616455078125,-9.46954345703125
train_814,control,6.95129919052124,-1.4743186235427856
train_815,control,-1.724411964416504,-7.35634708404541
train_816,control,-10.754558563232422,-3.0282275676727295
train_817,control,-8.878366470336914,1.7803444862365723
train_818,control,-4.279542922973633,-1.0972578525543213
train_819,control,4.713650703430176,3.568976402282715
train_820,control,7.830658912658691,1.3894882202148438
train_821,control,-7.065667152404785,-2.0022804737091064
train_822,control,-2.090094566345215,-1.7034378051757812
train_823,control,-5.596484184265137,-1.4809321165084839
train_824,control,13.734601974487305,2.1176705360412598
train_825,control,0.24706190824508667,-0.3246724307537079
train_826,control,3.052612066268921,7.220851421356201
train_827,control,-1.5846428871154785,5.710955619812012
train_828,control,2.721658229827881,2.9843926429748535
train_829,control,0.8677277565002441,4.520551681518555
train_830,control,-5.749229431152344,0.3437539041042328
train_831,control,3.9713637828826904,-0.024540066719055176
train_832,control,6.894074440002441,-0.06310302019119263
train_833,control,2.3185904026031494,4.649919509887695
train_834,control,-4.695396900177002,1.4298388957977295
train_835,control,-5.854163646697998,1.5416131019592285
train_836,control,-7.505040645599365,2.3348731994628906
train_837,control,14.735403060913086,-1.3112894296646118
train_838,control,3.052678108215332,0.2051878273487091
train_839,control,2.0601494312286377,-2.343503713607788
train_840,control,-5.829016208648682,0.9985944032669067
train_841,control,-12.019250869750977,-0.847514808177948
train_842,control,-6.427835464477539,-1.612592339515686
train_843,control,12.79034423828125,-6.485336780548096
train_844,control,5.207740306854248,2.762570381164551
train_845,control,4.04004430770874,5.0720601081848145
train_846,control,3.1305503845214844,-1.1743664741516113
train_847,control,-2.108962059020996,2.3423614501953125
train_848,control,2.864016532897949,-2.0716583728790283
train_849,control,4.974736213684082,-1.9928500652313232
train_850,control,-3.790836811065674,-5.571018218994141
train_851,control,-4.007778167724609,-3.8402767181396484
train_852,control,3.4686594009399414,-1.89866042137146
train_853,control,2.7090981006622314,2.150280475616455
train_854,control,-2.0576791763305664,3.0673022270202637
train_855,control,-4.883087158203125,-1.312525749206543
train_856,control,-9.70719051361084,-5.6385345458984375
train_857,control,3.364041805267334,-3.0390710830688477
train_858,control,-7.491342544555664,-2.336583137512207
train_859,control,-3.539618730545044,2.1648550033569336
train_860,control,7.170158386230469,4.598275184631348
train_861,control,4.328066349029541,2.2142081260681152
train_862,control,-2.6912615299224854,-3.5036721229553223
train_863,control,5.4864583015441895,-7.523240089416504
train_864,control,-2.5898852348327637,3.5448338985443115
train_865,control,-11.192333221435547,-0.14980340003967285
train_866,control,11.38922119140625,-21.317121505737305
train_867,control,9.156585693359375,-4.760298728942871
train_868,control,-9.102120399475098,-1.8366036415100098
train_869,control,2.248659133911133,0.2504061460494995
train_870,control,-9.231847763061523,2.8566479682922363
train_871,control,-6.051199913024902,-6.310883522033691
train_872,control,-8.896099090576172,-6.444845199584961
train_873,control,-1.978610634803772,-0.09107023477554321
train_874,control,-1.2251697778701782,0.7954880595207214
train_875,control,0.42875298857688904,0.8397607207298279
train_876,control,-4.277359962463379,0.3467141389846802
train_877,control,-5.728928565979004,-8.124029159545898
train_878,control,5.579241752624512,1.9197447299957275
train_879,control,-7.576700687408447,-2.8990938663482666
train_880,control,6.471484661102295,2.1463582515716553
train_881,control,0.6213868260383606,-1.650262475013733
train_882,control,9.156137466430664,0.8850234746932983
train_883,control,-8.396784782409668,-3.659266233444214
train_884,control,-6.347001552581787,1.5262362957000732
train_885,control,0.0052016377449035645,0.5323488116264343
train_886,control,3.911794662475586,3.0994319915771484
train_887,control,8.554281234741211,2.986698865890503
train_888,control,9.813063621520996,-8.938108444213867
train_889,control,9.143376350402832,-8.882911682128906
train_890,control,18.766714096069336,-13.997167587280273
train_891,control,10.935544967651367,-1.4816336631774902
train_892,control,-7.812325477600098,-0.17476987838745117
train_893,control,6.000875473022461,7.102097511291504
train_894,control,-2.875713348388672,2.984198570251465
train_895,control,-10.090002059936523,-2.375148296356201
train_896,control,-7.454933166503906,-1.4054005146026611
train_897,control,2.7578022480010986,6.279151916503906
train_898,control,-4.336838722229004,-5.675882339477539
train_899,control,2.322601556777954,9.231929779052734
train_900,control,-10.415750503540039,2.3864829540252686
train_901,control,4.533428192138672,3.464236259460449
train_902,control,-9.666358947753906,-1.0210107564926147
train_903,control,-2.1037139892578125,0.5000383853912354
train_904,control,7.09765625,-1.5334218740463257
train_905,control,8.213354110717773,-2.0252108573913574
train_906,control,4.009145736694336,1.7784509658813477
train_907,control,-4.958045482635498,0.569046139717102
train_908,control,-5.222336769104004,0.8344680070877075
train_909,control,5.107616424560547,-2.9227042198181152
train_910,control,3.0939831733703613,4.6159210205078125
train_911,control,2.227071523666382,3.6778194904327393
train_912,control,4.095028877258301,-6.074041843414307
train_913,control,6.007508277893066,-0.20517975091934204
train_914,control,-9.808732032775879,0.09192270040512085
train_915,control,2.6209943294525146,0.5948135852813721
train_916,control,0.6785120368003845,-1.9139680862426758
train_917,control,-5.8026814460754395,-5.917845249176025
train_918,control,-0.7493423223495483,9.130338668823242
train_919,control,-7.132126331329346,-1.2102413177490234
train_920,control,-6.443417549133301,2.2571120262145996
train_921,control,5.317936897277832,-8.523900985717773
train_922,control,1.8326027393341064,6.443048477172852
train_923,control,-1.3852581977844238,-10.27310562133789
train_924,control,-5.755861282348633,0.13493764400482178
train_925,control,2.5191564559936523,-0.5313165187835693
train_926,control,-3.2868239879608154,-0.20674929022789001
train_927,control,3.138014316558838,-1.2323815822601318
train_928,control,-0.5617612600326538,2.8934731483459473
train_929,control,-0.42492449283599854,3.1397571563720703
train_930,control,-6.31904411315918,5.20084285736084
train_931,control,1.191595435142517,-2.8384158611297607
train_932,control,-2.9357783794403076,3.555879831314087
train_933,control,1.6831231117248535,6.534839630126953
train_934,control,4.100412368774414,-11.873931884765625
train_935,control,0.25190287828445435,-0.13085998594760895
train_936,control,-5.400214195251465,1.9496662616729736
train_937,control,-11.299824714660645,-6.1381096839904785
train_938,control,1.7626032829284668,3.7959108352661133
train_939,control,-8.881962776184082,1.4732517004013062
train_940,control,1.0245907306671143,4.281368732452393
train_941,control,7.835482120513916,4.145035266876221
train_942,control,-8.212614059448242,4.0034308433532715
train_943,control,16.15534019470215,-9.595132827758789
train_944,control,8.828604698181152,-2.708723545074463
train_945,control,5.020336151123047,4.038128852844238
train_946,control,8.008245468139648,0.9203987121582031
train_947,control,-6.80733585357666,0.6300382614135742
train_948,control,-5.053252220153809,-4.401280403137207
train_949,control,-11.00070571899414,-1.4689114093780518
train_950,control,-7.058563709259033,3.2046728134155273
train_951,control,-0.7397258877754211,-6.893866062164307
train_952,control,-8.894882202148438,-3.7951419353485107
train_953,control,-4.201719284057617,-5.678447723388672
train_954,control,-6.708246231079102,-4.900725364685059
train_955,control,-11.595442771911621,-3.390580892562866
train_956,control,-7.1098833084106445,-3.016963243484497
train_957,control,1.2062865495681763,-6.326988220214844
train_958,control,7.714017391204834,-9.260932922363281
train_959,control,5.116890907287598,0.3608360290527344
train_960,control,1.2043907642364502,2.77358078956604
train_961,control,8.209992408752441,2.2760963439941406
train_962,control,7.457035541534424,-0.7377965450286865
train_963,control,-0.7845176458358765,4.360898017883301
train_964,control,-4.606879711151123,-3.885842800140381
train_965,control,7.5189056396484375,0.7059106826782227
train_966,control,13.535435676574707,1.5320881605148315
train_967,control,-2.150956630706787,-0.06288301944732666
train_968,control,-3.095493793487549,-0.5097082853317261
train_969,control,7.267821311950684,3.5092554092407227
train_970,control,2.80218505859375,-3.8728086948394775
train_971,control,-2.3607969284057617,-6.188190460205078
train_972,control,9.0136137008667,1.765615463256836
train_973,control,-3.9678845405578613,-7.613551616668701
train_974,control,10.582508087158203,5.001297950744629
train_975,control,-8.332239151000977,1.7478468418121338
train_976,control,9.398110389709473,0.40875303745269775
train_977,control,-1.0388998985290527,3.3363852500915527
train_978,control,3.611236095428467,-3.5019450187683105
train_979,control,-7.170105457305908,-9.708005905151367
train_980,control,3.2538139820098877,0.5974858999252319
train_981,control,-4.217567443847656,3.8379292488098145
train_982,control,1.8965442180633545,-9.818208694458008
train_983,control,-9.185457229614258,-5.77723503112793
train_984,control,5.297491073608398,5.338352680206299
train_985,control,7.642666816711426,-1.292675495147705
train_986,control,11.630266189575195,-3.57340669631958
train_987,control,-9.478944778442383,3.5246739387512207
train_988,control,-6.766477108001709,6.5767316818237305
train_989,control,-1.1397813558578491,-8.04730224609375
train_990,control,4.752963066101074,0.8816815614700317
train_991,control,7.089564323425293,-6.970851898193359
train_992,control,-4.394613265991211,3.203869342803955
train_993,control,-5.333971977233887,-5.562615871429443
train_994,control,-2.848810911178589,-2.759549617767334
train_995,control,-6.235118389129639,-4.664035797119141
train_996,control,-6.199308395385742,2.3990139961242676
train_997,control,-0.021554812788963318,0.27661648392677307
train_998,control,-3.3784523010253906,1.9890426397323608
train_999,control,5.7337493896484375,5.831780433654785
train_1000,control,1.9230798482894897,1.9761395454406738
train_1001,control,2.7281577587127686,6.4833173751831055
train_1002,control,-7.264878273010254,0.7842862606048584
train_1003,control,6.404265403747559,-4.243220329284668
train_1004,control,3.4408044815063477,-1.9619024991989136
train_1005,control,1.3758487701416016,-2.3454182147979736
train_1006,control,-1.670579433441162,1.804095983505249
train_1007,control,2.0574052333831787,-1.225285530090332
train_1008,control,-4.094717502593994,-2.7670445442199707
train_1009,control,1.5719120502471924,-7.205599784851074
train_1010,control,-6.803911209106445,-1.4090495109558105
train_1011,control,-2.408500909805298,-11.967567443847656
train_1012,control,-5.181143760681152,-3.8771228790283203
train_1013,control,3.9334769248962402,0.9505512118339539
train_1014,control,-0.3369104862213135,0.9100804328918457
train_1015,control,-4.082253456115723,1.6851606369018555
train_1016,control,-10.502379417419434,1.2052550315856934
train_1017,control,-5.664053440093994,3.6882760524749756
train_1018,control,2.761920928955078,0.9107844829559326
train_1019,control,-4.196483612060547,-1.7017157077789307
train_1020,control,-2.52706241607666,-0.20784182846546173
train_1021,control,-4.989799499511719,-1.9445946216583252
train_1022,control,7.632251262664795,1.1169359683990479
train_1023,control,4.089714050292969,-0.332506388425827
train_1024,control,-2.636324644088745,-1.060330867767334
train_1025,control,2.9215731620788574,-1.7854723930358887
train_1026,control,6.823841094970703,-5.138524532318115
train_1027,control,-3.711247205734253,-3.998694896697998
train_1028,control,-1.6382471323013306,4.914137840270996
train_1029,control,-5.00297737121582,-0.21987169981002808
train_1030,control,-1.528939962387085,0.7459444999694824
train_1031,control,-8.33450698852539,-2.9814834594726562
train_1032,control,1.7146883010864258,4.264519691467285
train_1033,control,0.2696930170059204,4.036460876464844
train_1034,control,0.08128100633621216,-3.1207494735717773
train_1035,control,-3.151127338409424,-4.850009918212891
train_1036,control,-0.11908520013093948,0.5951189994812012
train_1037,control,-2.107491970062256,3.2590339183807373
train_1038,control,-0.26134151220321655,1.8739714622497559
train_1039,control,2.463305950164795,-1.884999394416809
train_1040,control,0.34084147214889526,2.37571120262146
train_1041,control,-2.229072093963623,-2.6857810020446777
train_1042,control,1.350914478302002,4.352673053741455
train_1043,control,-2.992401599884033,0.13452190160751343
train_1044,control,-15.861296653747559,-1.4466347694396973
train_1045,control,-0.8145069479942322,-0.03043869137763977
train_1046,control,15.121857643127441,-3.1409311294555664
train_1047,control,-3.9688100814819336,3.6671900749206543
train_1048,control,1.5813227891921997,2.6241111755371094
train_1049,control,0.007669687271118164,1.8119983673095703
train_1050,control,6.003211498260498,-1.0197416543960571
train_1051,control,-5.822514057159424,0.35402220487594604
train_1052,control,3.413693904876709,-0.8979940414428711
train_1053,control,-0.6601451635360718,-1.3244297504425049
train_1054,control,-4.788717269897461,-0.7646947503089905
train_1055,control,-8.09481430053711,1.471534013748169
train_1056,control,1.536287784576416,-1.7600915431976318
train_1057,control,-9.423856735229492,-3.516040802001953
train_1058,control,-11.38064956665039,-4.484933853149414
train_1059,control,13.458728790283203,0.958450436592102
train_1060,control,-5.276359558105469,1.3352775573730469
train_1061,control,-6.555116653442383,-3.6932623386383057
train_1062,control,-14.532682418823242,1.404823899269104
train_1063,control,8.651102066040039,-6.356489181518555
train_1064,control,-2.5268349647521973,1.7516992092132568
train_1065,control,5.79083776473999,3.925903797149658
train_1066,control,1.8961608409881592,4.89988899230957
train_1067,control,-6.063396453857422,-5.534023284912109
train_1068,control,2.020249605178833,0.36098921298980713
train_1069,control,9.602132797241211,0.7960559725761414
train_1070,control,-4.36681604385376,0.49268460273742676
train_1071,control,7.395798683166504,-2.9969773292541504
train_1072,control,-3.064311981201172,1.6490139961242676
train_1073,control,-0.6137791872024536,0.752143383026123
train_1074,control,-8.315492630004883,0.1767619252204895
train_1075,control,-9.337766647338867,-2.313270092010498
train_1076,control,0.9622889161109924,3.57332706451416
train_1077,control,1.594365119934082,-4.720675468444824
train_1078,control,3.9496359825134277,8.753634452819824
train_1079,control,-0.1750989556312561,-6.714705467224121
train_1080,control,7.376533031463623,-8.548712730407715
train_1081,control,-2.9092891216278076,3.8346452713012695
train_1082,control,3.616513967514038,3.9953088760375977
train_1083,control,-8.047208786010742,-3.7173948287963867
train_1084,control,-8.108959197998047,-2.058884620666504
train_1085,control,0.9018345475196838,1.3979214429855347
train_1086,control,7.624179840087891,4.422325611114502
train_1087,control,-4.780599117279053,0.1293565034866333
train_1088,control,5.232481002807617,-3.8874826431274414
train_1089,control,11.761670112609863,-0.029575705528259277
train_1090,control,-13.440657615661621,2.241170883178711
train_1091,control,-1.3779946565628052,-2.8798108100891113
train_1092,control,-8.769095420837402,0.4746514558792114
train_1093,control,1.8942766189575195,-5.318088531494141
train_1094,control,-5.347212791442871,0.7951483726501465
train_1095,control,-3.514230966567993,11.779139518737793
train_1096,control,1.3304259777069092,-3.4380369186401367
train_1097,control,3.506671905517578,6.370821952819824
train_1098,control,-4.1621246337890625,-3.867889404296875
train_1099,control,-8.30859375,-3.67960786819458
train_1100,control,-0.5594015121459961,0.6286423802375793
train_1101,control,-6.871028423309326,-3.7978873252868652
train_1102,control,2.1507391929626465,2.1614131927490234
train_1103,control,-1.7640721797943115,-0.3323945105075836
train_1104,control,-12.643779754638672,-0.986535906791687
train_1105,control,-2.664607048034668,-11.605772972106934
train_1106,control,10.240657806396484,4.255132675170898
train_1107,control,-6.416260719299316,-1.881556510925293
train_1108,control,-5.5441131591796875,0.9265011548995972
train_1109,control,0.3679327964782715,-10.372665405273438
train_1110,control,4.8138628005981445,-15.78846549987793
train_1111,control,6.129439353942871,3.6196889877319336
train_1112,control,-4.91294002532959,0.5722250938415527
train_1113,control,-2.040113687515259,1.3714840412139893
train_1114,control,2.5888912677764893,3.4911577701568604
train_1115,control,2.337822198867798,0.7246956825256348
train_1116,control,4.680174350738525,4.209378242492676
train_1117,control,-0.3312643766403198,7.216071605682373
train_1118,control,11.776796340942383,7.337027549743652
train_1119,control,-0.5126936435699463,2.8940651416778564
train_1120,control,1.8525259494781494,6.636693954467773
train_1121,control,14.233405113220215,-2.982785224914551
train_1122,control,-3.679149627685547,0.08292359113693237
train_1123,control,4.8800554275512695,-3.439849615097046
train_1124,control,0.6731503009796143,7.186200141906738
train_1125,control,-10.175924301147461,-0.435172438621521
train_1126,control,6.993290901184082,4.439047813415527
train_1127,control,-4.760678291320801,-1.157477855682373
train_1128,control,-0.9769995808601379,4.446998596191406
train_1129,control,4.016565799713135,-7.005438804626465
train_1130,control,-1.8628816604614258,-3.7916641235351562
train_1131,control,-5.141066074371338,-6.461735725402832
train_1132,control,3.059171438217163,0.018018662929534912
train_1133,control,-3.54180908203125,0.40145382285118103
train_1134,control,2.2257261276245117,-0.9787530899047852
train_1135,control,6.520116806030273,4.529809951782227
train_1136,control,-7.218606948852539,-4.605957984924316
train_1137,control,4.426569938659668,4.1000189781188965
train_1138,control,5.255744934082031,6.238296985626221
train_1139,control,2.7890172004699707,-3.453803300857544
train_1140,control,-3.8986361026763916,4.441171646118164
train_1141,control,-4.46501350402832,1.012380599975586
train_1142,control,3.308835983276367,0.2188677191734314
train_1143,control,-5.694796562194824,8.303750991821289
train_1144,control,-7.678685665130615,1.13120698928833
train_1145,control,-1.8267168998718262,2.044543743133545
train_1146,control,7.334152698516846,-4.486751079559326
train_1147,control,-1.2429277896881104,3.7109837532043457
train_1148,control,-1.4595637321472168,-2.8136041164398193
train_1149,control,4.491354942321777,7.636858940124512
train_1150,control,8.512469291687012,-2.5075533390045166
train_1151,control,-6.551861763000488,0.9955729246139526
train_1152,control,-0.14482766389846802,2.227492332458496
train_1153,control,1.6715545654296875,3.2036030292510986
train_1154,control,-5.203210830688477,3.2906460762023926
train_1155,control,-8.028379440307617,4.7318010330200195
train_1156,control,-0.4978622496128082,-2.5524556636810303
train_1157,control,-12.028190612792969,-2.255399465560913
train_1158,control,4.924887657165527,5.266653060913086
train_1159,control,7.6199951171875,5.662237644195557
train_1160,control,10.592019081115723,-6.6394782066345215
train_1161,control,1.9420924186706543,2.428643226623535
train_1162,control,-7.543790817260742,-6.884779930114746
train_1163,control,-9.622225761413574,-2.956294298171997
train_1164,control,6.166023254394531,2.6156675815582275
train_1165,control,10.378637313842773,1.7024897336959839
train_1166,control,-2.663135528564453,0.5044360756874084
train_1167,control,8.385492324829102,6.394085884094238
train_1168,control,0.22458010911941528,4.224925518035889
train_1169,control,-3.188717842102051,8.686874389648438
train_1170,control,-0.2090502381324768,-1.3077929019927979
train_1171,control,2.409377098083496,-1.951080322265625
train_1172,control,-2.7300775051116943,-5.219740867614746
train_1173,control,11.530415534973145,-0.11030763387680054
train_1174,control,6.204948902130127,-0.8855236172676086
train_1175,control,3.10823917388916,1.462897539138794
train_1176,control,3.4177470207214355,1.7145534753799438
train_1177,control,-10.04163932800293,-2.7380003929138184
train_1178,control,1.0239531993865967,0.3745199739933014
train_1179,control,3.4780759811401367,-3.8816633224487305
train_1180,control,-3.9791688919067383,9.089774131774902
train_1181,control,-5.662639617919922,3.5964841842651367
train_1182,control,-0.14275920391082764,5.109255313873291
train_1183,control,-8.264801979064941,0.21893548965454102
train_1184,control,14.737553596496582,-15.99497127532959
train_1185,control,-2.3904571533203125,1.8556921482086182
train_1186,control,-5.360622882843018,2.0046370029449463
train_1187,control,-10.157958030700684,-3.8290016651153564
train_1188,control,5.489182472229004,-2.410722255706787
train_1189,control,-9.035432815551758,1.874345064163208
train_1190,control,8.51024055480957,-0.9529255032539368
train_1191,control,0.8125947713851929,1.2561469078063965
train_1192,control,-6.358217239379883,-1.342112421989441
train_1193,control,13.383458137512207,-15.771000862121582
train_1194,control,9.60975456237793,4.747207164764404
train_1195,control,3.8529715538024902,6.402326583862305
train_1196,control,9.967519760131836,-6.780717372894287
train_1197,control,7.307853698730469,4.798611640930176
train_1198,control,2.830867290496826,-0.7917460203170776
train_1199,control,0.16434234380722046,4.459748268127441
train_1200,control,4.709977149963379,2.006009817123413
train_1201,control,2.662109375,4.929866790771484
train_1202,control,-4.95675802230835,4.6221513748168945
train_1203,control,3.678313732147217,4.941815376281738
train_1204,control,-0.808269739151001,0.5148769021034241
train_1205,control,3.144890308380127,1.433948278427124
train_1206,control,1.0288583040237427,-2.935105800628662
train_1207,control,-1.3579835891723633,-3.2509925365448
train_1208,control,3.4813265800476074,1.7981746196746826
train_1209,control,-8.897796630859375,3.607994794845581
train_1210,control,10.234845161437988,4.47206974029541
train_1211,control,11.075827598571777,0.1902092695236206
train_1212,control,1.8529040813446045,2.845858573913574
train_1213,control,14.994635581970215,-2.898993968963623
train_1214,control,-2.6202552318573,-10.308798789978027
train_1215,control,-2.990949869155884,5.010066032409668
train_1216,control,0.33843833208084106,-6.368587493896484
train_1217,control,9.726430892944336,4.479022026062012
train_1218,control,-9.484338760375977,-0.5040826797485352
train_1219,control,1.1941118240356445,-3.341279983520508
train_1220,control,-7.867164611816406,-0.2704225182533264
train_1221,control,-11.740175247192383,-1.0949828624725342
train_1222,control,-1.421260952949524,-7.656250953674316
train_1223,control,-9.494115829467773,-7.221835613250732
train_1224,control,-14.918954849243164,-1.7655467987060547
train_1225,control,7.993480682373047,-1.200181484222412
train_1226,control,5.119101524353027,-0.3478299379348755
train_1227,control,6.216760158538818,-5.493887901306152
train_1228,control,5.281733989715576,4.2462663650512695
train_1229,control,4.960532188415527,1.3741841316223145
train_1230,control,5.0575666427612305,-2.424304962158203
train_1231,control,0.6474655866622925,0.06931421160697937
train_1232,control,-3.251479387283325,8.04085922241211
train_1233,control,4.977945327758789,3.304396390914917
train_1234,control,4.862328052520752,-0.7252918481826782
train_1235,control,6.494808673858643,-1.4959335327148438
train_1236,control,-0.5321345329284668,-2.7260520458221436
train_1237,control,1.2333457469940186,-0.8363192677497864
train_1238,control,-5.560791969299316,4.006211280822754
train_1239,control,-4.132137298583984,0.7200272083282471
train_1240,control,-1.5152885913848877,-6.018570423126221
train_1241,control,1.8519675731658936,5.194373607635498
train_1242,control,2.7895045280456543,5.580318927764893
train_1243,control,3.7255733013153076,-6.71343994140625
train_1244,control,-11.571554183959961,5.4208879470825195
train_1245,control,-1.779479742050171,2.228814125061035
train_1246,control,-5.16394567489624,3.551687717437744
train_1247,control,7.756830215454102,7.359296798706055
train_1248,control,-7.523220539093018,-0.23611986637115479
train_1249,control,-1.6548885107040405,1.1709293127059937
train_1250,control,3.8144893646240234,3.9039664268493652
train_1251,control,-4.508980751037598,2.2584378719329834
train_1252,control,1.360297679901123,1.5244615077972412
train_1253,control,-7.353241443634033,-0.9994199872016907
train_1254,control,9.711427688598633,1.520382285118103
train_1255,control,5.918663024902344,5.503910064697266
train_1256,control,-1.9390385150909424,1.7039965391159058
train_1257,control,1.889033317565918,0.17888730764389038
train_1258,control,6.555666923522949,4.030118942260742
train_1259,control,-3.524257183074951,-2.9588518142700195
train_1260,control,0.5140962600708008,1.296633243560791
train_1261,control,4.700142860412598,1.3432759046554565
train_1262,control,-7.217416763305664,-4.946739673614502
train_1263,control,0.22918424010276794,-0.09205640852451324
train_1264,control,2.433098316192627,-1.6578364372253418
train_1265,control,2.6917998790740967,-8.295947074890137
train_1266,control,5.479798316955566,1.7684543132781982
train_1267,control,8.262371063232422,9.269510269165039
train_1268,control,6.804827690124512,-2.6541082859039307
train_1269,control,10.124399185180664,-2.8438663482666016
train_1270,control,5.820947170257568,3.461041212081909
train_1271,control,5.059669494628906,1.9655100107192993
train_1272,control,0.8550325632095337,-0.8377843499183655
train_1273,control,6.671409606933594,-7.283899784088135
train_1274,control,-6.088448524475098,-8.647238731384277
train_1275,control,2.7955691814422607,-2.040261745452881
train_1276,control,-8.262242317199707,5.798738479614258
train_1277,control,0.5049830079078674,7.066424369812012
train_1278,control,-0.4940560460090637,-1.2441219091415405
train_1279,control,-0.5293290019035339,-0.5462467670440674
train_1280,control,-10.239255905151367,2.5255956649780273
train_1281,control,-8.860990524291992,1.2835227251052856
train_1282,control,-8.782878875732422,1.1639686822891235
train_1283,control,-1.0256693363189697,4.211908340454102
train_1284,control,-11.818161010742188,6.257269382476807
train_1285,control,-1.8973584175109863,10.230667114257812
train_1286,control,-9.920469284057617,-4.69454288482666
train_1287,control,5.7694902420043945,4.174407005310059
train_1288,control,-11.24234390258789,0.9471553564071655
train_1289,control,-12.808832168579102,2.961249828338623
train_1290,control,-8.38100814819336,-5.977558612823486
train_1291,control,3.877774477005005,3.5269317626953125
train_1292,control,-11.206769943237305,-3.8426949977874756
train_1293,control,8.03948974609375,-0.3050333857536316
train_1294,control,-6.380927085876465,0.8656540513038635
train_1295,control,-5.011250972747803,-7.323442459106445
train_1296,control,-2.2091333866119385,4.400562763214111
train_1297,control,5.806867599487305,5.0657806396484375
train_1298,control,-12.720701217651367,0.9332212209701538
train_1299,control,-8.005744934082031,-4.4647064208984375
train_1300,control,10.636575698852539,0.9464027285575867
train_1301,control,-0.9555026292800903,-1.4521275758743286
train_1302,control,-3.1873676776885986,-4.766523361206055
train_1303,control,-8.115880012512207,4.8053507804870605
train_1304,control,3.1556904315948486,3.226715087890625
train_1305,control,-2.60325026512146,4.588454246520996
train_1306,control,-8.624615669250488,1.4726653099060059
train_1307,control,-6.547945022583008,-7.041378021240234
train_1308,control,-7.590522766113281,-1.3640172481536865
train_1309,control,0.8724079132080078,0.6312306523323059
train_1310,control,0.5880753993988037,7.46415901184082
train_1311,control,7.966361045837402,-1.7374073266983032
train_1312,control,0.6602267026901245,-3.891761302947998
train_1313,control,0.3299626111984253,-3.3114588260650635
train_1314,control,-2.9776763916015625,3.8298254013061523
train_1315,control,13.797752380371094,-7.0700459480285645
train_1316,control,-10.10541820526123,-0.4653171896934509
train_1317,control,3.495537519454956,2.4317164421081543
train_1318,control,3.0713486671447754,3.4147424697875977
train_1319,control,-1.5646334886550903,5.77884578704834
train_1320,control,1.4714064598083496,-2.5101430416107178
train_1321,control,-4.676861763000488,1.9669034481048584
train_1322,control,4.762206077575684,9.618106842041016
train_1323,control,-7.317704677581787,-1.077081322669983
train_1324,control,-3.5256853103637695,-0.7839951515197754
train_1325,control,6.969202041625977,-2.320133686065674
train_1326,control,2.783938407897949,-1.763782262802124
train_1327,control,-0.8664631843566895,3.330404043197632
train_1328,control,5.846593856811523,5.532545566558838
train_1329,control,10.494600296020508,-5.577712059020996
train_1330,control,7.187921524047852,4.107880592346191
train_1331,control,0.7993733286857605,2.4830446243286133
train_1332,control,0.20836403965950012,-2.6429054737091064
train_1333,control,9.282341003417969,-5.890201091766357
train_1334,control,3.911508321762085,4.687530517578125
train_1335,control,0.13282620906829834,-0.24153277277946472
train_1336,control,-3.535454750061035,3.414170742034912
train_1337,control,-2.0327765941619873,0.47408607602119446
train_1338,control,-3.0366220474243164,-0.8857168555259705
train_1339,control,-8.647214889526367,-4.950687885284424
train_1340,control,4.6919450759887695,10.032289505004883
train_1341,control,6.91445255279541,-1.4452227354049683
train_1342,control,7.681079387664795,4.055625915527344
train_1343,control,-1.5494561195373535,-2.8303215503692627
train_1344,control,4.523929595947266,-0.3044893741607666
train_1345,control,-5.802689075469971,5.191612243652344
train_1346,control,2.5241963863372803,2.019178867340088
train_1347,control,0.03852283954620361,6.885727882385254
train_1348,control,-7.108215808868408,0.2616845369338989
train_1349,control,7.8590521812438965,3.527327537536621
train_1350,control,-4.787567138671875,1.6445201635360718
train_1351,control,-8.665654182434082,5.254838943481445
train_1352,control,-0.03119996190071106,3.7357213497161865
train_1353,control,13.78966236114502,-8.33197021484375
train_1354,control,7.9721503257751465,-10.795204162597656
train_1355,control,0.08201265335083008,1.1160222291946411
train_1356,control,4.238471031188965,1.552436351776123
train_1357,control,8.898673057556152,-5.8230485916137695
train_1358,control,5.353818893432617,2.7581307888031006
train_1359,control,-2.0622806549072266,-0.26516398787498474
train_1360,control,9.84665298461914,-0.9936895370483398
train_1361,control,-3.147449254989624,7.092646598815918
train_1362,control,-1.449537992477417,-2.096153736114502
train_1363,control,4.176856994628906,3.0998802185058594
train_1364,control,-4.939918518066406,2.6270065307617188
train_1365,control,-0.17301495373249054,1.2422784566879272
train_1366,control,-4.053713798522949,1.634662389755249
train_1367,control,10.838687896728516,3.0331625938415527
train_1368,control,0.637565553188324,2.714975357055664
train_1369,control,-10.177106857299805,-2.329843044281006
train_1370,control,-1.3678512573242188,-4.557923316955566
train_1371,control,-10.908195495605469,1.6433238983154297
train_1372,control,-4.805902481079102,-8.035472869873047
train_1373,control,10.011885643005371,2.425452709197998
train_1374,control,-9.825492858886719,-0.484720379114151
train_1375,control,-2.687391996383667,-10.311203956604004
train_1376,control,13.764331817626953,-2.632739305496216
train_1377,control,3.0786523818969727,4.742190361022949
train_1378,control,3.1684370040893555,5.5914506912231445
train_1379,control,1.9909471273422241,5.3404130935668945
train_1380,control,11.214166641235352,-1.726694107055664
train_1381,control,4.729959964752197,-4.118716716766357
train_1382,control,-1.2658164501190186,2.4282844066619873
train_1383,control,0.9527220726013184,1.5494402647018433
train_1384,control,5.142563343048096,-7.6718034744262695
train_1385,control,-0.8212812542915344,5.6191301345825195
train_1386,control,1.5967875719070435,-0.15220743417739868
train_1387,control,5.5435943603515625,1.8512117862701416
train_1388,control,7.061489105224609,-1.5369030237197876
train_1389,control,-2.412358522415161,-3.3096718788146973
train_1390,control,-0.9755663871765137,-5.947108268737793
train_1391,control,-8.350961685180664,1.160818099975586
train_1392,control,0.5176263451576233,7.349257946014404
train_1393,control,-11.938432693481445,0.698652982711792
train_1394,control,15.711724281311035,-7.815094947814941
train_1395,control,2.4641289710998535,-3.5503129959106445
train_1396,control,1.1886942386627197,-3.000098705291748
train_1397,control,8.36487865447998,-1.0578266382217407
train_1398,control,0.2812989056110382,2.171255350112915
train_1399,control,4.999752044677734,-1.1425819396972656
train_1400,control,-1.2349867820739746,3.939013719558716
train_1401,control,-6.346440315246582,-4.842380523681641
train_1402,control,-7.997810363769531,1.4721176624298096
train_1403,control,0.023839831352233887,4.654711723327637
train_1404,control,-2.5142595767974854,-0.46230173110961914
train_1405,control,3.906780242919922,1.7601218223571777
train_1406,control,1.6134817600250244,3.886160373687744
train_1407,control,1.4939897060394287,0.6855648159980774
train_1408,control,-6.821770191192627,-5.451789379119873
train_1409,control,2.0565974712371826,1.8736064434051514
train_1410,control,-6.829003810882568,1.949103593826294
train_1411,control,-7.661438941955566,2.107512950897217
train_1412,control,-10.182561874389648,2.968672275543213
train_1413,control,1.5724878311157227,2.433452606201172
train_1414,control,-1.3910081386566162,-3.951411247253418
train_1415,control,0.6576589345932007,-4.621799468994141
train_1416,control,-0.6819305419921875,-2.270148277282715
train_1417,control,4.350556373596191,-1.083394169807434
train_1418,control,-9.245231628417969,3.524303436279297
train_1419,control,7.417019844055176,-0.5804800987243652
train_1420,control,-8.390908241271973,-1.9673625230789185
train_1421,control,2.1203532218933105,-11.287875175476074
train_1422,control,-4.324024677276611,-2.7565157413482666
train_1423,control,-5.501241683959961,-4.50679349899292
train_1424,control,7.078591346740723,4.1482462882995605
train_1425,control,-5.994217872619629,1.520329475402832
train_1426,control,-1.5813041925430298,0.20445086061954498
train_1427,control,-3.3597583770751953,2.044158935546875
train_1428,control,-4.0387492179870605,-2.0080606937408447
train_1429,control,0.28021490573883057,3.784510374069214
train_1430,control,-1.2536431550979614,-0.569362223148346
train_1431,control,4.186311721801758,2.6245107650756836
train_1432,control,-14.841163635253906,-1.4977827072143555
train_1433,control,7.110295295715332,-6.577583312988281
train_1434,control,3.044950008392334,2.5707340240478516
train_1435,control,-5.640357971191406,-6.899242877960205
train_1436,control,1.164215087890625,0.5139226913452148
train_1437,control,6.923262596130371,-2.0720224380493164
train_1438,control,2.1272127628326416,-0.335628867149353
train_1439,control,-0.06018191576004028,-0.9152033925056458
train_1440,control,-7.261742115020752,1.0065248012542725
train_1441,control,-2.5473930835723877,-3.6548144817352295
train_1442,control,6.369040489196777,-5.110581398010254
train_1443,control,1.1961594820022583,3.067085027694702
train_1444,control,-5.019567966461182,-10.555191040039062
train_1445,control,-6.0277605056762695,7.077816009521484
train_1446,control,0.03239083290100098,-3.34285044670105
train_1447,control,-1.9168965816497803,-4.871822834014893
train_1448,control,5.530635356903076,-0.38751858472824097
train_1449,control,-10.910987854003906,3.141437530517578
train_1450,control,-4.838109016418457,1.8367042541503906
train_1451,control,-3.453808069229126,-2.1351118087768555
train_1452,control,-12.91006088256836,-2.402122735977173
train_1453,control,-6.13862419128418,-3.491842746734619
train_1454,control,2.1501386165618896,5.9913482666015625
train_1455,control,-5.788908004760742,-3.888018846511841
train_1456,control,-8.365478515625,4.827065467834473
train_1457,control,5.685234069824219,3.1955654621124268
train_1458,control,1.5474369525909424,3.2411019802093506
train_1459,control,-6.038328170776367,0.5114691257476807
train_1460,control,2.8871231079101562,6.093967437744141
train_1461,control,0.7641754150390625,3.311540126800537
train_1462,control,2.1218090057373047,2.620779037475586
train_1463,control,2.9015793800354004,1.9102277755737305
train_1464,control,-0.53635174036026,5.067200660705566
train_1465,control,3.8501837253570557,6.676214218139648
train_1466,control,3.530120849609375,2.023580551147461
train_1467,control,3.275357484817505,-9.12936019897461
train_1468,control,7.478405475616455,2.9549880027770996
train_1469,control,-9.004877090454102,-3.9479098320007324
train_1470,control,7.417809963226318,1.353930950164795
train_1471,control,1.7842252254486084,-1.956263542175293
train_1472,control,-6.457587718963623,4.900172233581543
train_1473,control,-3.4864118099212646,-2.965115785598755
train_1474,control,6.527090072631836,-0.11976224184036255
train_1475,control,12.388529777526855,0.29802966117858887
train_1476,control,-1.6543508768081665,3.4968249797821045
train_1477,control,2.7854719161987305,-0.5021588802337646
train_1478,control,5.1923723220825195,-1.3144841194152832
train_1479,control,3.2938990592956543,-4.185256004333496
train_1480,control,-4.486680030822754,3.0147695541381836
train_1481,control,-8.80241870880127,5.462026119232178
train_1482,control,-3.268883228302002,-4.3018574714660645
train_1483,control,-0.20831835269927979,7.112730026245117
train_1484,control,1.5975395441055298,1.1765632629394531
train_1485,control,-2.20255708694458,-3.451441764831543
train_1486,control,0.8073766827583313,0.003054477274417877
train_1487,control,2.450972318649292,0.5021578073501587
train_1488,control,8.707645416259766,6.959430694580078
train_1489,control,0.7679088711738586,-2.8251099586486816
train_1490,control,0.17760586738586426,-2.682408571243286
train_1491,control,-0.010537832975387573,-4.626178741455078
train_1492,control,-7.058315277099609,0.40876251459121704
train_1493,control,-2.999800682067871,-5.773079872131348
train_1494,control,3.50744366645813,5.1108198165893555
train_1495,control,6.988504409790039,2.608049154281616
train_1496,control,-3.2972562313079834,-5.720667839050293
train_1497,control,6.403253555297852,-0.5452673435211182
train_1498,control,7.748266696929932,-1.5060317516326904
train_1499,control,-1.4963871240615845,-6.074426174163818
train_1500,control,2.0768320560455322,0.5849829912185669
train_1501,control,-9.222232818603516,0.0953836441040039
train_1502,control,-10.49296760559082,-7.552701950073242
train_1503,control,2.172759771347046,2.6251559257507324
train_1504,control,-5.820328235626221,0.05615532398223877
train_1505,control,0.5881789326667786,-8.119047164916992
train_1506,control,-0.8693028688430786,3.0048208236694336
train_1507,control,3.8026251792907715,0.8008801341056824
train_1508,control,-7.139001846313477,-4.051872253417969
train_1509,control,9.528482437133789,1.6130516529083252
train_1510,control,-3.8212201595306396,8.14059829711914
train_1511,control,-7.105349540710449,-0.5414084792137146
train_1512,control,2.041779041290283,2.854846477508545
train_1513,control,-1.9209951162338257,-0.7696187496185303
train_1514,control,4.473825454711914,-10.854247093200684
train_1515,control,14.494237899780273,-8.873262405395508
train_1516,control,-0.13641226291656494,-1.2360560894012451
train_1517,control,-6.106527328491211,-3.284193992614746
train_1518,control,1.636308193206787,2.439958095550537
train_1519,control,-10.994603157043457,-2.42854642868042
train_1520,control,-13.344585418701172,2.6476643085479736
train_1521,control,-0.7808202505111694,-1.176306962966919
train_1522,control,4.912598133087158,1.4042446613311768
train_1523,control,-3.376654624938965,0.4685198664665222
train_1524,control,2.1261861324310303,-3.506843328475952
train_1525,control,-3.3445029258728027,2.707843065261841
train_1526,control,7.324993133544922,4.35796594619751
train_1527,control,4.4965667724609375,0.6700709462165833
train_1528,control,10.047213554382324,-8.818431854248047
train_1529,control,1.4781830310821533,5.225106239318848
train_1530,control,7.124361991882324,1.1615062952041626
train_1531,control,-11.565671920776367,4.829628944396973
train_1532,control,1.0756484270095825,3.3446669578552246
train_1533,control,7.729724407196045,2.346771717071533
train_1534,control,-2.1618027687072754,1.741837501525879
train_1535,control,-0.17142713069915771,1.7473738193511963
train_1536,control,7.055050849914551,-4.416497230529785
train_1537,control,6.656918048858643,4.4939961433410645
train_1538,control,6.2284746170043945,4.4888505935668945
train_1539,control,-8.471626281738281,3.123389720916748
train_1540,control,-10.402227401733398,-2.7725536823272705
train_1541,control,-2.899566650390625,8.425031661987305
train_1542,control,1.1975291967391968,0.49696630239486694
train_1543,control,7.768004417419434,-1.5721211433410645
train_1544,control,2.3560147285461426,-1.9269475936889648
train_1545,control,4.334589958190918,5.9260125160217285
train_1546,control,-4.267236709594727,-5.749416828155518
train_1547,control,4.926214694976807,1.960822343826294
train_1548,control,-6.582294940948486,-0.9722191095352173
train_1549,control,2.0140023231506348,-6.09855842590332
train_1550,control,2.621525287628174,1.4278678894042969
train_1551,control,4.769669532775879,1.7556862831115723
train_1552,control,-11.2481689453125,-2.8805863857269287
train_1553,control,-8.389528274536133,-2.3253133296966553
train_1554,control,-0.7995253205299377,-3.480158567428589
train_1555,control,-8.991058349609375,-4.1407341957092285
train_1556,control,-3.632678270339966,-4.065634250640869
train_1557,control,6.299300670623779,0.7220271229743958
train_1558,control,11.507967948913574,-6.597513198852539
train_1559,control,-8.16050910949707,0.2917541265487671
train_1560,control,-10.670048713684082,3.3444387912750244
train_1561,control,-6.4454145431518555,2.272937536239624
train_1562,control,6.256728172302246,-3.5982041358947754
train_1563,control,4.018843173980713,1.483263373374939
train_1564,control,7.002313613891602,2.7089996337890625
train_1565,control,-2.7222368717193604,5.1207427978515625
train_1566,control,-0.43812429904937744,0.9809020161628723
train_1567,control,-8.751516342163086,5.65704870223999
train_1568,control,6.5386061668396,3.120581865310669
train_1569,control,-3.2416179180145264,0.4640900492668152
train_1570,control,-0.2387096881866455,-0.5098260641098022
train_1571,control,-9.653055191040039,-3.9896240234375
train_1572,control,2.1342597007751465,-2.554320812225342
train_1573,control,4.524709701538086,-2.0075197219848633
train_1574,control,4.085199356079102,-0.4146038293838501
train_1575,control,3.7127084732055664,0.5191076993942261
train_1576,control,0.2652985453605652,-5.853946208953857
train_1577,control,-1.928267002105713,6.136817932128906
train_1578,control,-2.64146089553833,4.304226875305176
train_1579,control,7.1775922775268555,-0.04607391357421875
train_1580,control,1.5890190601348877,5.241937637329102
train_1581,control,-11.187259674072266,0.35429108142852783
train_1582,control,-4.211782455444336,-4.591268539428711
train_1583,control,1.301875114440918,-3.4499001502990723
train_1584,control,5.1969895362854,4.627761363983154
train_1585,control,-9.274116516113281,1.1644543409347534
train_1586,control,2.895336627960205,1.5431184768676758
train_1587,control,4.585309028625488,7.358506202697754
train_1588,control,10.660368919372559,-0.5645023584365845
train_1589,control,4.187035083770752,4.8531389236450195
train_1590,control,-5.250519275665283,3.1297929286956787
train_1591,control,1.8624255657196045,-1.6094366312026978
train_1592,control,3.516951084136963,5.253519058227539
train_1593,control,2.366595983505249,-3.8787169456481934
train_1594,control,-0.03582461178302765,-1.653419852256775
train_1595,control,-1.6504478454589844,-5.633368492126465
train_1596,control,4.52700138092041,5.672744274139404
train_1597,control,-7.422210693359375,-0.8773539066314697
train_1598,control,2.2622809410095215,9.294992446899414
train_1599,control,-5.321875095367432,-1.792995572090149
train_1600,control,-5.0857133865356445,6.498251914978027
train_1601,control,4.8525567054748535,4.147333145141602
train_1602,control,-3.6254475116729736,0.6776662468910217
train_1603,control,12.369379043579102,-1.2137935161590576
train_1604,control,0.35615989565849304,0.38565388321876526
train_1605,control,-6.254522323608398,0.4001573920249939
train_1606,control,2.020084857940674,-6.119695663452148
train_1607,control,-0.8213679790496826,5.972674369812012
train_1608,control,-9.372295379638672,-6.0527424812316895
train_1609,control,7.644221305847168,1.1495740413665771
train_1610,control,-6.309369087219238,-5.337860107421875
train_1611,control,2.492475986480713,-9.364465713500977
train_1612,control,-2.5704522132873535,-0.015460595488548279
train_1613,control,2.514470100402832,-2.0654869079589844
train_1614,control,-10.286639213562012,-0.09493792057037354
train_1615,control,8.388076782226562,0.37010473012924194
train_1616,control,8.448158264160156,1.796656608581543
train_1617,control,0.6340322494506836,-2.326481342315674
train_1618,control,0.852437436580658,-0.31010299921035767
train_1619,control,3.672421932220459,6.870051383972168
train_1620,control,-1.4799827337265015,0.5963319540023804
train_1621,control,6.891829490661621,0.0013202428817749023
train_1622,control,0.2138390988111496,4.357912063598633
train_1623,control,9.693277359008789,6.1923675537109375
train_1624,control,-0.3157627582550049,-0.714105486869812
train_1625,control,-1.9867266416549683,2.068554401397705
train_1626,control,-2.619199514389038,1.9884028434753418
train_1627,control,6.816445827484131,4.702627658843994
train_1628,control,-3.291199207305908,-1.8248867988586426
train_1629,control,1.7830637693405151,6.011977195739746
train_1630,control,9.018966674804688,-1.7923967838287354
train_1631,control,-0.6246341466903687,-2.086585521697998
train_1632,control,-3.0464963912963867,0.06378450989723206
train_1633,control,3.4342589378356934,4.119052410125732
train_1634,control,16.368999481201172,-2.1732189655303955
train_1635,control,0.5059733390808105,-0.381911039352417
train_1636,control,-3.234410285949707,-3.79941987991333
train_1637,control,-4.786177158355713,-2.0979249477386475
train_1638,control,1.9748749732971191,-12.039729118347168
train_1639,control,-12.260713577270508,2.480393648147583
train_1640,control,2.622140884399414,2.06123423576355
train_1641,control,-2.67917537689209,-2.3360133171081543
train_1642,control,-0.900664746761322,-2.4820456504821777
train_1643,control,-5.176136016845703,1.260840654373169
train_1644,control,12.383682250976562,-0.7429652810096741
train_1645,control,-6.940184593200684,-0.7324080467224121
train_1646,control,0.9119939804077148,3.3796770572662354
train_1647,control,-3.0771677494049072,-0.43627601861953735
train_1648,control,4.452871322631836,-6.578762531280518
train_1649,control,-7.743814468383789,-1.8355592489242554
train_1650,control,-4.196778774261475,-1.8422733545303345
train_1651,control,-0.9175559282302856,3.3292455673217773
train_1652,control,-0.08043742179870605,9.28989028930664
train_1653,control,0.014183372259140015,7.493024826049805
train_1654,control,-1.2579593658447266,2.665018081665039
train_1655,control,-8.904909133911133,-1.3815484046936035
train_1656,control,-4.27176570892334,0.8377000093460083
train_1657,control,4.611518859863281,3.0204148292541504
train_1658,control,-2.36202073097229,3.6892929077148438
train_1659,control,-1.1453344821929932,3.3064017295837402
train_1660,control,1.691299557685852,-4.0853071212768555
train_1661,control,1.9236831665039062,-11.217179298400879
train_1662,control,2.9943459033966064,-0.1899949014186859
train_1663,control,4.999483585357666,-3.8949570655822754
train_1664,control,-0.9262765049934387,1.8998432159423828
train_1665,control,-1.6650004386901855,3.808417797088623
train_1666,control,-4.560018062591553,-2.3182008266448975
train_1667,control,5.123047828674316,7.701822280883789
train_1668,control,-7.71085786819458,-0.473940372467041
train_1669,control,-6.580182075500488,6.078129768371582
train_1670,control,4.574917793273926,6.634218215942383
train_1671,control,6.873672962188721,1.9866135120391846
train_1672,control,-3.3786253929138184,-1.7098963260650635
train_1673,control,-8.185832023620605,2.047156572341919
train_1674,control,-1.650946855545044,-6.088890552520752
train_1675,control,-5.874120712280273,-1.408488392829895
train_1676,control,3.467207908630371,3.0190625190734863
train_1677,control,-3.9850540161132812,-2.9079108238220215
train_1678,control,9.845462799072266,-1.1043081283569336
train_1679,control,7.534695625305176,2.1086106300354004
train_1680,control,-0.037940025329589844,0.8745208978652954
train_1681,control,-6.068504333496094,-1.9002645015716553
train_1682,control,2.6160805225372314,2.399252414703369
train_1683,control,2.187777042388916,-6.996764659881592
train_1684,control,1.3604657649993896,3.903532028198242
train_1685,control,4.212344169616699,1.3798502683639526
train_1686,control,-3.0434608459472656,3.9105072021484375
train_1687,control,-3.3540189266204834,1.7939398288726807
train_1688,control,9.87777328491211,-7.895965576171875
train_1689,control,2.7059073448181152,5.188010215759277
train_1690,control,4.744671821594238,4.210206031799316
train_1691,control,-6.525118827819824,-5.175864219665527
train_1692,control,-0.5294974446296692,-8.345355987548828
train_1693,control,5.2608323097229,-11.570943832397461
train_1694,control,1.1171926259994507,3.9402360916137695
train_1695,control,-0.7195199728012085,1.96913743019104
train_1696,control,-0.716141939163208,3.4803009033203125
train_1697,control,0.6349591016769409,0.9739928245544434
train_1698,control,6.471940040588379,7.130954742431641
train_1699,control,2.8619370460510254,-0.3147415518760681
train_1700,control,4.223006725311279,0.417759507894516
train_1701,control,3.386817455291748,4.2106781005859375
train_1702,control,-7.646923065185547,2.007544994354248
train_1703,control,-1.921912431716919,0.3112576901912689
train_1704,control,4.639337539672852,3.718597888946533
train_1705,control,-9.035503387451172,-0.8224281668663025
train_1706,control,-2.1561050415039062,1.2404171228408813
train_1707,control,-8.146970748901367,-0.9455884099006653
train_1708,control,11.805727005004883,-1.3892548084259033
train_1709,control,-5.171665668487549,5.72275972366333
train_1710,control,-10.923818588256836,1.8285692930221558
train_1711,control,-6.174097537994385,-0.8911989331245422
train_1712,control,11.16379451751709,-6.106582164764404
train_1713,control,6.045751571655273,-8.917941093444824
train_1714,control,4.3004150390625,-2.447387218475342
train_1715,control,-1.4456801414489746,-0.6038001179695129
train_1716,control,4.657140254974365,-2.4252336025238037
train_1717,control,-2.842867851257324,4.116558074951172
train_1718,control,-1.5945302248001099,-6.426331996917725
train_1719,control,-4.34393310546875,3.849332809448242
train_1720,control,-6.7523393630981445,-0.06477737426757812
train_1721,control,-9.10493278503418,-6.550473690032959
train_1722,control,0.2687968611717224,-1.869740605354309
train_1723,control,-2.569730758666992,1.606528401374817
train_1724,control,-9.10835075378418,0.9155613780021667
train_1725,control,-9.724099159240723,-5.157257080078125
train_1726,control,-0.34236693382263184,6.173829555511475
train_1727,control,-4.40584659576416,-6.595277786254883
train_1728,control,-8.150748252868652,-1.7669377326965332
train_1729,control,7.275303840637207,-3.8547208309173584
train_1730,control,-11.131131172180176,-5.298793315887451
train_1731,control,0.7257826328277588,-1.7529170513153076
train_1732,control,5.034337997436523,-4.8144683837890625
train_1733,control,1.4037176370620728,-2.694723129272461
train_1734,control,1.2625097036361694,1.1981830596923828
train_1735,control,14.471786499023438,-2.835759162902832
train_1736,control,-9.626509666442871,1.926029920578003
train_1737,control,7.903260707855225,-0.9789363145828247
train_1738,control,2.6191091537475586,2.0579833984375
train_1739,control,-4.98435115814209,3.934802770614624
train_1740,control,1.4358601570129395,5.942087173461914
train_1741,control,-4.131384372711182,-3.345216751098633
train_1742,control,-9.263599395751953,-1.3305383920669556
train_1743,control,-5.039775848388672,-3.873802661895752
train_1744,control,5.227406978607178,-21.188743591308594
train_1745,control,-0.9898303151130676,-3.4854044914245605
train_1746,control,-0.8335895538330078,6.125830173492432
train_1747,control,-2.358668804168701,-4.981937408447266
train_1748,control,-1.7908164262771606,-1.7208647727966309
train_1749,control,10.065068244934082,4.459414482116699
train_1750,control,0.5487271547317505,3.7972846031188965
train_1751,control,-11.367755889892578,-0.6601744294166565
train_1752,control,-9.440555572509766,2.0212020874023438
train_1753,control,-0.1562955379486084,-13.129599571228027
train_1754,control,-8.056663513183594,0.9306653738021851
train_1755,control,-6.322425842285156,-0.793022632598877
train_1756,control,8.60556411743164,2.428879499435425
train_1757,control,-1.4366755485534668,0.5568187236785889
train_1758,control,1.315333366394043,-2.0059847831726074
train_1759,control,3.2519419193267822,5.411924362182617
train_1760,control,-0.05935204029083252,-3.9328041076660156
train_1761,control,1.5403099060058594,2.8199896812438965
train_1762,control,5.8713860511779785,1.7504382133483887
train_1763,control,-3.6443355083465576,-1.816476821899414
train_1764,control,-5.916861534118652,-0.6281977891921997
train_1765,control,-2.3152291774749756,4.467681884765625
train_1766,control,-5.531825065612793,-2.4668691158294678
train_1767,control,-0.17424970865249634,2.1825718879699707
train_1768,control,7.587679862976074,5.057528018951416
train_1769,control,5.821489334106445,-2.6247336864471436
train_1770,control,17.892757415771484,-6.838259696960449
train_1771,control,-0.1622110903263092,4.948472023010254
train_1772,control,-4.668903350830078,3.6391000747680664
train_1773,control,9.905205726623535,-2.4369583129882812
train_1774,control,-1.534145712852478,1.6586406230926514
train_1775,control,-4.061324119567871,-6.529087066650391
train_1776,control,3.504514217376709,-5.251087188720703
train_1777,control,-4.533247947692871,-0.12802624702453613
train_1778,control,-4.849630355834961,-3.847705125808716
train_1779,control,-5.4914469718933105,-2.9128758907318115
train_1780,control,-9.818963050842285,-3.7329182624816895
train_1781,control,-7.8529157638549805,-4.342775821685791
train_1782,control,-14.18022346496582,-1.3197073936462402
train_1783,control,-8.025032997131348,-1.4511082172393799
train_1784,control,7.600929260253906,9.604351043701172
train_1785,control,-13.113779067993164,1.8761217594146729
train_1786,control,6.67523717880249,2.5660030841827393
train_1787,control,-7.686803817749023,-2.472353935241699
train_1788,control,9.250394821166992,5.814336776733398
train_1789,control,3.218679666519165,-0.022966504096984863
train_1790,control,4.498950004577637,-1.764204978942871
train_1791,control,2.354968309402466,-8.822884559631348
train_1792,control,-4.555607318878174,1.6425087451934814
train_1793,control,5.361394882202148,5.9513139724731445
train_1794,control,8.494180679321289,2.295083999633789
train_1795,control,-4.067915439605713,-1.356182336807251
train_1796,control,-3.6007087230682373,-3.158194065093994
train_1797,control,-10.708643913269043,-5.590414524078369
train_1798,control,7.150975227355957,-10.884031295776367
train_1799,control,5.274831295013428,-6.687790393829346
train_1800,control,-11.993502616882324,6.420104026794434
train_1801,control,1.8829286098480225,2.285175323486328
train_1802,control,-11.882606506347656,-1.7957279682159424
train_1803,control,6.8170928955078125,-0.9304100871086121
train_1804,control,-9.723569869995117,7.105835914611816
train_1805,control,-12.314127922058105,-0.9809446930885315
train_1806,control,-4.3403754234313965,1.6182520389556885
train_1807,control,-1.8390183448791504,-6.552487373352051
train_1808,control,1.6382628679275513,-7.037920951843262
train_1809,control,12.825483322143555,0.010490059852600098
train_1810,control,2.8931379318237305,-3.3944597244262695
train_1811,control,0.22052812576293945,1.847079873085022
train_1812,control,2.446890354156494,2.0231480598449707
train_1813,control,-14.89996337890625,-0.2225092649459839
train_1814,control,3.245319366455078,2.184886932373047
train_1815,control,-8.116537094116211,-2.8122196197509766
train_1816,control,-2.7691333293914795,3.598820686340332
train_1817,control,-0.19774071872234344,-1.4530062675476074
train_1818,control,-9.487478256225586,-5.533416271209717
train_1819,control,-6.003695487976074,5.763002395629883
train_1820,control,13.087017059326172,5.4148030281066895
train_1821,control,5.850170135498047,-3.5546650886535645
train_1822,control,15.771442413330078,-1.6836049556732178
train_1823,control,2.5005242824554443,3.003401279449463
train_1824,control,-5.985611915588379,0.08894073963165283
train_1825,control,-5.46221923828125,-0.45275723934173584
train_1826,control,0.5611188411712646,-6.0220746994018555
train_1827,control,-2.322183132171631,-5.663390636444092
train_1828,control,-6.448244094848633,-0.9636204242706299
train_1829,control,4.118950843811035,3.04197359085083
train_1830,control,-12.216217041015625,-2.0283966064453125
train_1831,control,6.630740165710449,2.335505962371826
train_1832,control,-0.4210923910140991,3.095829486846924
train_1833,control,3.367422103881836,-9.670604705810547
train_1834,control,-7.163398265838623,5.002584934234619
train_1835,control,3.586806297302246,1.8296222686767578
train_1836,control,6.196941375732422,1.412786602973938
train_1837,control,3.1094424724578857,-1.0841107368469238
train_1838,control,-4.5526556968688965,0.3389841318130493
train_1839,control,-4.523319721221924,-2.3545451164245605
train_1840,control,8.715696334838867,4.219793796539307
train_1841,control,-6.514163970947266,7.385891914367676
train_1842,control,2.849069118499756,6.483656883239746
train_1843,control,5.522264003753662,1.3715161085128784
train_1844,control,-4.5130462646484375,2.7605106830596924
train_1845,control,-5.004441261291504,-1.020801067352295
train_1846,control,8.951813697814941,-0.2883768081665039
train_1847,control,4.138508319854736,5.86137056350708
train_1848,control,-3.712437629699707,4.886524200439453
train_1849,control,-7.547250747680664,-2.575565814971924
train_1850,control,-9.771474838256836,-1.1176297664642334
train_1851,control,-6.242725372314453,-2.080378770828247
train_1852,control,4.428020477294922,5.975560665130615
train_1853,control,-0.05349133908748627,-0.1791355013847351
train_1854,control,-5.658679008483887,-1.532482385635376
train_1855,control,4.372729301452637,5.469304084777832
train_1856,control,6.700453758239746,1.8820521831512451
train_1857,control,0.4751192331314087,2.805286407470703
train_1858,control,-10.093530654907227,-3.1838574409484863
train_1859,control,2.1904385089874268,-1.7365691661834717
train_1860,control,3.2349541187286377,-7.4439873695373535
train_1861,control,-3.0721383094787598,-1.0139926671981812
train_1862,control,-3.2939581871032715,-1.4249820709228516
train_1863,control,-9.040279388427734,1.6784411668777466
train_1864,control,4.364402770996094,0.47767987847328186
train_1865,control,7.617038726806641,0.5157591104507446
train_1866,control,-3.8591105937957764,2.3568344116210938
train_1867,control,9.394783020019531,2.4882421493530273
train_1868,control,-3.3479039669036865,10.22546100616455
train_1869,control,-2.013676881790161,-0.9350740909576416
train_1870,control,-5.826963424682617,0.6176252365112305
train_1871,control,-0.5780905485153198,2.400111436843872
train_1872,control,6.865052223205566,3.231999397277832
train_1873,control,-12.830066680908203,-0.9062869548797607
train_1874,control,-3.449577808380127,2.461303234100342
train_1875,control,0.7386932373046875,-0.17693869769573212
train_1876,control,2.629373073577881,-1.722545862197876
train_1877,control,-7.457670211791992,-0.4428895115852356
train_1878,control,-8.95734977722168,0.5529614090919495
train_1879,control,-3.810445785522461,-6.795025825500488
train_1880,control,0.2481153905391693,1.8744367361068726
train_1881,control,11.752487182617188,5.196145534515381
train_1882,control,9.472012519836426,5.338458061218262
train_1883,control,-0.5936360359191895,3.2353456020355225
train_1884,control,9.53178882598877,1.7476716041564941
train_1885,control,9.172582626342773,0.13886293768882751
train_1886,control,-4.124277114868164,-2.214266538619995
train_1887,control,-4.1664557456970215,-2.568335771560669
train_1888,control,5.963038444519043,2.616398334503174
train_1889,control,-0.40914109349250793,-4.5417985916137695
train_1890,control,-2.5640010833740234,-3.19781494140625
train_1891,control,-7.136831283569336,0.7130377888679504
train_1892,control,-6.70163631439209,-5.055930137634277
train_1893,control,3.549705982208252,-4.515961647033691
train_1894,control,-9.873424530029297,-2.7996292114257812
train_1895,control,1.6387741565704346,-1.0702534914016724
train_1896,control,3.5137996673583984,2.7048113346099854
train_1897,control,16.544355392456055,-3.7465479373931885
train_1898,control,-6.781323432922363,-2.924753427505493
train_1899,control,0.6830155253410339,6.130431652069092
train_1900,control,-10.072668075561523,-2.076221466064453
train_1901,control,5.2378034591674805,1.6528526544570923
train_1902,control,-7.683794021606445,-9.571309089660645
train_1903,control,0.7579800486564636,1.1406385898590088
train_1904,control,-13.410809516906738,-2.127007484436035
train_1905,control,-6.62326717376709,-6.597715854644775
train_1906,control,5.077581882476807,-13.29859447479248
train_1907,control,-1.9223588705062866,5.5010576248168945
train_1908,control,-7.086237907409668,-1.0029971599578857
train_1909,control,1.959329605102539,5.317193984985352
train_1910,control,8.527400016784668,-13.323166847229004
train_1911,control,1.9874242544174194,5.457297325134277
train_1912,control,-7.546926021575928,-5.000465393066406
train_1913,control,-1.4298044443130493,3.0186221599578857
train_1914,control,-4.174091815948486,2.826761245727539
train_1915,control,5.201816558837891,1.2245908975601196
train_1916,control,4.039557933807373,5.628911972045898
train_1917,control,4.996964454650879,-8.270360946655273
train_1918,control,-10.963595390319824,1.9464876651763916
train_1919,control,-4.326458930969238,-1.7878879308700562
train_1920,control,0.7716912031173706,6.917344093322754
train_1921,control,-2.879749059677124,0.709283173084259
train_1922,control,-8.699814796447754,2.2676990032196045
train_1923,control,-1.346023678779602,1.1571176052093506
train_1924,control,9.354019165039062,2.9532670974731445
train_1925,control,-5.208691596984863,-4.189090251922607
train_1926,control,-2.722388982772827,3.3555965423583984
train_1927,control,-6.845822334289551,-1.4057056903839111
train_1928,control,10.065959930419922,-3.641779899597168
train_1929,control,3.5637621879577637,3.822110652923584
train_1930,control,-7.060413360595703,0.6943929195404053
train_1931,control,6.260013580322266,5.289127349853516
train_1932,control,-6.021239280700684,1.3036398887634277
train_1933,control,5.2087907791137695,3.2039177417755127
train_1934,control,-10.44883918762207,2.3774847984313965
train_1935,control,4.913518905639648,2.098994731903076
train_1936,control,-5.164791107177734,-3.5402884483337402
train_1937,control,-4.588728904724121,-4.737110614776611
train_1938,control,2.5702626705169678,4.592340469360352
train_1939,control,0.807794451713562,2.441673517227173
train_1940,control,7.041969299316406,7.002894401550293
train_1941,control,0.6419102549552917,3.3152079582214355
train_1942,control,1.6881194114685059,4.887167930603027
train_1943,control,-2.159572124481201,0.15806397795677185
train_1944,control,2.812204599380493,1.9230915307998657
train_1945,control,4.765530586242676,-3.7709085941314697
train_1946,control,7.390865802764893,-0.9999440312385559
train_1947,control,16.59461212158203,-8.405921936035156
train_1948,control,5.627729892730713,-0.9092094302177429
train_1949,control,-6.598552703857422,-5.353754997253418
train_1950,control,6.229631423950195,-5.433690071105957
train_1951,control,1.598161220550537,3.8903379440307617
train_1952,control,1.2327933311462402,-2.999176502227783
train_1953,control,-0.038709402084350586,-3.540025234222412
train_1954,control,-1.456615924835205,-3.4455623626708984
train_1955,control,-1.988302230834961,-5.450627326965332
train_1956,control,4.830564022064209,1.5799965858459473
train_1957,control,-5.894918441772461,-3.264906406402588
train_1958,control,0.7461058497428894,3.1349339485168457
train_1959,control,-5.342348098754883,4.166980743408203
train_1960,control,-3.612915277481079,0.07481789588928223
train_1961,control,-7.817770957946777,-1.8589359521865845
train_1962,control,-13.150120735168457,-0.510058581829071
train_1963,control,-0.20011430978775024,-3.8512282371520996
train_1964,control,11.521927833557129,-5.2695722579956055
train_1965,control,-8.093231201171875,-6.030673027038574
train_1966,control,-4.728025436401367,0.5296505093574524
train_1967,control,-0.26660358905792236,-0.6146870851516724
train_1968,control,0.16377988457679749,-0.8307773470878601
train_1969,control,-0.6224096417427063,4.971702575683594
train_1970,control,-5.40967321395874,-0.7397414445877075
train_1971,control,0.8526523113250732,-4.032019138336182
train_1972,control,0.689263105392456,-1.3224550485610962
train_1973,control,3.771827220916748,5.693042755126953
train_1974,control,-2.603137731552124,1.3293473720550537
train_1975,control,-7.911813735961914,2.551513671875
train_1976,control,-0.271129846572876,6.094674110412598
train_1977,control,-2.298584222793579,-6.366616249084473
train_1978,control,6.474206447601318,5.515858173370361
train_1979,control,-2.057859182357788,-7.066348075866699
train_1980,control,-0.9371165037155151,-5.62821102142334
train_1981,control,-2.490185260772705,-0.4419815242290497
train_1982,control,-3.769627571105957,-2.8260018825531006
train_1983,control,4.014500617980957,-0.6060018539428711
train_1984,control,-9.2227144241333,-2.1895194053649902
train_1985,control,8.126886367797852,5.771114349365234
train_1986,control,9.064088821411133,4.244717597961426
train_1987,control,0.32301872968673706,7.852449417114258
train_1988,control,-5.267818450927734,-10.335201263427734
train_1989,control,-1.0926614999771118,3.313422679901123
train_1990,control,8.108255386352539,-0.6637687683105469
train_1991,control,4.048926830291748,-0.10293349623680115
train_1992,control,-3.609452724456787,0.3368645906448364
train_1993,control,6.604790687561035,-4.108911514282227
train_1994,control,-6.2946648597717285,-1.5473847389221191
train_1995,control,-3.5925426483154297,-0.5907095670700073
train_1996,control,-1.1485955715179443,-2.287233352661133
train_1997,control,0.344563364982605,-0.305926114320755
train_1998,control,7.67259407043457,6.684980869293213
train_1999,control,-2.235380172729492,-2.784517288208008
real_AHR+KLF1,measured,-0.3639722466468811,0.005905210971832275
real_ARID1A,measured,0.8641170263290405,1.1031105518341064
real_BAK1+BCL2L11,measured,-0.7567609548568726,1.1466124057769775
real_BAK1+KLF1,measured,0.3297065198421478,-0.7403459548950195
real_BCL2L11,measured,-1.0007495880126953,0.35197561979293823
real_BCL2L11+TGFBR2,measured,-1.4822163581848145,0.6380594372749329
real_BCORL1,measured,-0.736885130405426,0.31011179089546204
real_BPGM,measured,-2.0310862064361572,1.1123683452606201
real_BPGM+SAMD1,measured,-1.6728081703186035,1.0891269445419312
real_BPGM+ZBTB1,measured,-1.7322922945022583,0.884483814239502
real_C3ORF72,measured,1.3073617219924927,-0.31489211320877075
real_C3ORF72+FOXL2,measured,2.5358591079711914,-0.0961877629160881
real_CBFA2T3+FEV,measured,1.5462219715118408,-0.3068059980869293
real_CBFA2T3+POU3F2,measured,0.2778783142566681,0.42577943205833435
real_CBL,measured,-0.9974156618118286,-0.27276158332824707
real_CBL+CNN1,measured,-0.4676097333431244,-0.5156834125518799
real_CBL+PTPN12,measured,-1.821330189704895,-0.07612066715955734
real_CBL+PTPN9,measured,-0.21799594163894653,0.5749058723449707
real_CBL+TGFBR2,measured,-0.962668776512146,0.11837194114923477
real_CBL+UBASH3A,measured,-0.5259382724761963,0.6005547046661377
real_CBL+UBASH3B,measured,-0.025210481137037277,-0.34809303283691406
real_CDKN1A,measured,-0.4496268033981323,-0.9001176953315735
real_CDKN1A+CDKN1B,measured,-0.09038068354129791,-0.5215928554534912
real_CDKN1A+CDKN1C,measured,0.18876433372497559,-0.8116055727005005
real_CDKN1B,measured,-0.8580649495124817,-0.5742071866989136
real_CDKN1B+CDKN1C,measured,-0.8762733936309814,-0.08568280935287476
real_CDKN1C,measured,-0.1621387004852295,-0.28142833709716797
real_CEBPA+CEBPB,measured,1.4110968112945557,0.610605776309967
real_CEBPA+CEBPE,measured,2.1641368865966797,0.461311012506485
real_CEBPA+JUN,measured,3.0135488510131836,1.807897686958313
real_CEBPA+ZC3HAV1,measured,1.8003498315811157,2.137232780456543
real_CEBPB,measured,1.4907997846603394,0.43463438749313354
real_CEBPB+CEBPE,measured,3.091925621032715,0.9903824925422668
real_CEBPB+FOSB,measured,2.586088180541992,1.5838762521743774
real_CEBPB+JUN,measured,3.5522453784942627,0.11269282549619675
real_CEBPB+LYL1,measured,-0.2944197952747345,0.48967576026916504
real_CEBPB+MAPK1,measured,1.2070932388305664,0.7643383741378784
real_CEBPB+OSR2,measured,3.0270349979400635,0.13013748824596405
real_CEBPB+PTPN12,measured,-0.652449369430542,0.2647113800048828
real_CEBPE+ETS2,measured,-0.349304735660553,1.098936676979065
real_CEBPE+KLF1,measured,-1.1057446002960205,0.5361905097961426
real_CEBPE+PTPN12,measured,-1.0360522270202637,0.7064810991287231
real_CEBPE+SET,measured,-0.5225154161453247,0.16267243027687073
real_CEBPE+SPI1,measured,4.519158840179443,1.0747151374816895
real_CEBPE+ZC3HAV1,measured,-1.6253314018249512,0.5555732250213623
real_CELF2,measured,-0.613156259059906,-0.19291354715824127
real_CKS1B,measured,-0.3755759298801422,-0.04803115874528885
real_CNN1+UBASH3B,measured,-0.9225428700447083,-0.09680693596601486
real_COL2A1,measured,-0.5976957082748413,1.3805387020111084
real_COL2A1+KLF1,measured,-0.03916545584797859,0.674065351486206
real_DLX2+ZBTB10,measured,5.998667240142822,-1.9108633995056152
real_DUSP9,measured,0.15710540115833282,-1.5611985921859741
real_DUSP9+ETS2,measured,-0.41442787647247314,-0.7609924077987671
real_DUSP9+IGDCC3,measured,-0.5927117466926575,-1.3712836503982544
real_DUSP9+KLF1,measured,1.0849233865737915,-1.7712078094482422
real_DUSP9+MAPK1,measured,-1.0549474954605103,-0.3466544449329376
real_DUSP9+PRTG,measured,-0.09656120836734772,-1.172677755355835
real_DUSP9+SNAI1,measured,4.7075958251953125,-1.7470921277999878
real_EGR1,measured,-0.35751211643218994,0.10088326781988144
real_ELMSAN1+MAP2K3,measured,0.05330568179488182,-0.6485286951065063
real_ELMSAN1+MAP2K6,measured,-0.43648695945739746,-0.039234455674886703
real_ELMSAN1+ZBTB10,measured,3.6224396228790283,-1.1838438510894775
real_ETS2+MAP7D1,measured,-0.04102006554603577,2.168398380279541
real_FEV+ISL2,measured,-0.930569052696228,0.006077371537685394
real_FEV+MAP7D1,measured,-0.9460559487342834,1.8094345331192017
real_FOSB+PTPN12,measured,-1.1705899238586426,0.42188042402267456
real_FOSB+UBASH3B,measured,-0.8195939660072327,0.5877997875213623
real_FOXA1+FOXL2,measured,1.743628978729248,0.046641238033771515
real_FOXA3+FOXF1,measured,1.0062639713287354,-0.22290754318237305
real_FOXA3+FOXL2,measured,2.939866542816162,0.265630304813385
real_FOXF1+FOXL2,measured,3.153064727783203,-0.2509966492652893
real_FOXL2,measured,0.8616197109222412,-0.2301970273256302
real_FOXL2+HOXB9,measured,2.5049550533294678,-0.527758002281189
real_FOXL2+MEIS1,measured,1.6071891784667969,0.024155884981155396
real_FOXL2+POU3F2,measured,1.8078984022140503,-0.47762954235076904
real_FOXL2+ZNF318,measured,0.7040991187095642,-0.14915865659713745
real_IKZF3+MAP2K3,measured,-1.5750025510787964,1.2113947868347168
real_IRF1+SET,measured,1.0161800384521484,-0.46636897325515747
real_ISL2,measured,-0.6055269241333008,0.3186469078063965
real_KLF1+SET,measured,0.21871709823608398,-1.1490163803100586
real_MAP2K6+SPI1,measured,0.07515745609998703,0.43451499938964844
real_MAP7D1,measured,-0.924586296081543,0.7710002064704895
real_NCL,measured,0.6943047046661377,-0.6191830635070801
real_OSR2+PTPN12,measured,-0.7963889837265015,0.49266988039016724
real_PLK4,measured,0.7674300670623779,-0.13202524185180664
real_PLK4+STIL,measured,2.1556622982025146,0.46915915608406067
real_POU3F2,measured,0.14318904280662537,-0.2050779014825821
real_PTPN1,measured,-0.8004668354988098,0.837680459022522
real_PTPN12,measured,-1.9252593517303467,-0.33713388442993164
real_PTPN12+PTPN9,measured,-0.9684004187583923,0.6755944490432739
real_PTPN12+SAMD1,measured,-0.46217870712280273,0.4928169846534729
real_PTPN12+SNAI1,measured,-0.1418728530406952,-0.4093840420246124
real_PTPN12+UBASH3A,measured,-0.746587872505188,-0.052984558045864105
real_PTPN12+UBASH3B,measured,-1.0049477815628052,-0.1802588850259781
real_PTPN12+ZBTB10,measured,2.3330941200256348,-1.5927143096923828
real_PTPN12+ZBTB25,measured,-1.5354539155960083,-0.22840003669261932
real_PTPN9+UBASH3B,measured,-0.5683960914611816,0.7048158049583435
real_RHOXF2,measured,0.30815398693084717,-1.9847466945648193
real_RHOXF2+SET,measured,0.7175314426422119,-1.4910919666290283
real_RHOXF2+ZBTB25,measured,-0.2571450173854828,-0.5536936521530151
real_SAMD1+TGFBR2,measured,-0.6262252926826477,-0.1506582349538803
real_SET,measured,0.5812797546386719,-0.45579278469085693
real_SNAI1+ZBTB10,measured,5.396026134490967,-2.362201690673828
real_SPI1,measured,2.0420122146606445,0.6661409735679626
real_UBASH3B+ZBTB25,measured,-1.3437919616699219,0.1463315337896347
rot_AHR+KLF1,OpPert,6.989689350128174,-3.023740768432617
rot_ARID1A,OpPert,4.137340545654297,-2.2094192504882812
rot_BAK1+BCL2L11,OpPert,3.8941726684570312,-3.5345661640167236
rot_BAK1+KLF1,OpPert,2.753138303756714,-2.1150612831115723
rot_BCL2L11,OpPert,2.5680675506591797,-1.8229163885116577
rot_BCL2L11+TGFBR2,OpPert,4.052318572998047,-2.381739377975464
rot_BCORL1,OpPert,3.456233024597168,-1.88881254196167
rot_BPGM,OpPert,2.366492748260498,-1.354522705078125
rot_BPGM+SAMD1,OpPert,8.66849136352539,-4.275388717651367
rot_BPGM+ZBTB1,OpPert,6.767973899841309,-3.1768877506256104
rot_C3ORF72,OpPert,2.908656597137451,-1.9018511772155762
rot_C3ORF72+FOXL2,OpPert,6.900979042053223,-4.020343780517578
rot_CBFA2T3+FEV,OpPert,5.418379306793213,-3.04295015335083
rot_CBFA2T3+POU3F2,OpPert,5.800127983093262,-3.040814161300659
rot_CBL,OpPert,3.158121109008789,-1.7401567697525024
rot_CBL+CNN1,OpPert,5.796266555786133,-3.0340585708618164
rot_CBL+PTPN12,OpPert,5.802271842956543,-2.9966940879821777
rot_CBL+PTPN9,OpPert,5.993595600128174,-2.9360239505767822
rot_CBL+TGFBR2,OpPert,4.62755012512207,-2.3064370155334473
rot_CBL+UBASH3A,OpPert,6.449151515960693,-3.280233383178711
rot_CBL+UBASH3B,OpPert,5.3930559158325195,-2.798370599746704
rot_CDKN1A,OpPert,3.645127296447754,-2.095407724380493
rot_CDKN1A+CDKN1B,OpPert,7.261817455291748,-4.129995346069336
rot_CDKN1A+CDKN1C,OpPert,7.170153617858887,-4.151423454284668
rot_CDKN1B,OpPert,3.70570707321167,-2.1715712547302246
rot_CDKN1B+CDKN1C,OpPert,7.216420650482178,-4.233282566070557
rot_CDKN1C,OpPert,3.59818696975708,-2.1894187927246094
rot_CEBPA+CEBPB,OpPert,12.681709289550781,-7.0956130027771
rot_CEBPA+CEBPE,OpPert,11.993667602539062,-7.143795013427734
rot_CEBPA+JUN,OpPert,12.86923599243164,-6.362647533416748
rot_CEBPA+ZC3HAV1,OpPert,8.090241432189941,-4.519481182098389
rot_CEBPB,OpPert,6.256433486938477,-3.2831687927246094
rot_CEBPB+CEBPE,OpPert,11.003841400146484,-6.349928379058838
rot_CEBPB+FOSB,OpPert,10.645934104919434,-5.257305145263672
rot_CEBPB+JUN,OpPert,11.162446022033691,-5.371816635131836
rot_CEBPB+LYL1,OpPert,8.758834838867188,-4.933485984802246
rot_CEBPB+MAPK1,OpPert,9.067534446716309,-5.413915634155273
rot_CEBPB+OSR2,OpPert,8.918832778930664,-4.879857063293457
rot_CEBPB+PTPN12,OpPert,8.955119132995605,-4.694746017456055
rot_CEBPE+ETS2,OpPert,10.031089782714844,-6.597136974334717
rot_CEBPE+KLF1,OpPert,7.796334266662598,-4.108861923217773
rot_CEBPE+PTPN12,OpPert,8.806312561035156,-5.029814720153809
rot_CEBPE+SET,OpPert,9.491609573364258,-5.627495765686035
rot_CEBPE+SPI1,OpPert,9.521074295043945,-5.451808452606201
rot_CEBPE+ZC3HAV1,OpPert,6.0595293045043945,-3.7381019592285156
rot_CELF2,OpPert,2.965829849243164,-1.6744496822357178
rot_CKS1B,OpPert,2.675245761871338,-1.6830413341522217
rot_CNN1+UBASH3B,OpPert,5.053053855895996,-2.470362901687622
rot_COL2A1,OpPert,3.6108384132385254,-2.1631338596343994
rot_COL2A1+KLF1,OpPert,5.211012840270996,-2.481747627258301
rot_DLX2+ZBTB10,OpPert,8.066027641296387,-4.509326934814453
rot_DUSP9,OpPert,2.5035293102264404,-1.5907865762710571
rot_DUSP9+ETS2,OpPert,6.6962809562683105,-4.521363258361816
rot_DUSP9+IGDCC3,OpPert,6.054953575134277,-3.5941386222839355
rot_DUSP9+KLF1,OpPert,3.973139524459839,-1.821947455406189
rot_DUSP9+MAPK1,OpPert,5.749814987182617,-3.729573965072632
rot_DUSP9+PRTG,OpPert,5.901271820068359,-3.598677635192871
rot_DUSP9+SNAI1,OpPert,6.49138069152832,-3.9277524948120117
rot_EGR1,OpPert,4.662249565124512,-2.341421604156494
rot_ELMSAN1+MAP2K3,OpPert,-0.21292835474014282,-1.077722430229187
rot_ELMSAN1+MAP2K6,OpPert,0.6160914301872253,-1.4250887632369995
rot_ELMSAN1+ZBTB10,OpPert,4.681857109069824,-2.989178419113159
rot_ETS2+MAP7D1,OpPert,6.673881530761719,-4.770120620727539
rot_FEV+ISL2,OpPert,6.638658046722412,-3.860382080078125
rot_FEV+MAP7D1,OpPert,5.898720741271973,-3.7117433547973633
rot_FOSB+PTPN12,OpPert,7.66536283493042,-3.515835762023926
rot_FOSB+UBASH3B,OpPert,7.338777542114258,-3.347398281097412
rot_FOXA1+FOXL2,OpPert,10.32583999633789,-5.123226165771484
rot_FOXA3+FOXF1,OpPert,10.359664916992188,-5.287863731384277
rot_FOXA3+FOXL2,OpPert,10.666529655456543,-5.408875465393066
rot_FOXF1+FOXL2,OpPert,7.767607688903809,-4.146854400634766
rot_FOXL2,OpPert,4.0744829177856445,-2.2490830421447754
rot_FOXL2+HOXB9,OpPert,8.964364051818848,-5.547743797302246
rot_FOXL2+MEIS1,OpPert,6.994438171386719,-4.423394203186035
rot_FOXL2+POU3F2,OpPert,7.668595790863037,-4.165794849395752
rot_FOXL2+ZNF318,OpPert,6.355595111846924,-2.9472999572753906
rot_IKZF3+MAP2K3,OpPert,4.104536056518555,-2.115891933441162
rot_IRF1+SET,OpPert,7.460699081420898,-3.2260334491729736
rot_ISL2,OpPert,3.3111581802368164,-1.9123528003692627
rot_KLF1+SET,OpPert,5.005145072937012,-2.236452341079712
rot_MAP2K6+SPI1,OpPert,2.80257248878479,-1.7748684883117676
rot_MAP7D1,OpPert,2.5350093841552734,-1.770397424697876
rot_NCL,OpPert,2.8949527740478516,-1.6918917894363403
rot_OSR2+PTPN12,OpPert,5.250471115112305,-2.8720502853393555
rot_PLK4,OpPert,2.5896267890930176,-1.617311716079712
rot_PLK4+STIL,OpPert,6.672152519226074,-3.8507132530212402
rot_POU3F2,OpPert,3.7830049991607666,-2.072192907333374
rot_PTPN1,OpPert,2.9430198669433594,-1.4943124055862427
rot_PTPN12,OpPert,2.6878623962402344,-1.405601143836975
rot_PTPN12+PTPN9,OpPert,5.480914115905762,-2.5911664962768555
rot_PTPN12+SAMD1,OpPert,8.890088081359863,-4.348804473876953
rot_PTPN12+SNAI1,OpPert,6.711296081542969,-3.7374579906463623
rot_PTPN12+UBASH3A,OpPert,5.955480575561523,-2.926382064819336
rot_PTPN12+UBASH3B,OpPert,4.908755302429199,-2.467719078063965
rot_PTPN12+ZBTB10,OpPert,6.032402992248535,-3.098972797393799
rot_PTPN12+ZBTB25,OpPert,6.087915420532227,-3.106250047683716
rot_PTPN9+UBASH3B,OpPert,4.992745399475098,-2.3465471267700195
rot_RHOXF2,OpPert,4.367031574249268,-2.611091375350952
rot_RHOXF2+SET,OpPert,7.75949764251709,-4.553289413452148
rot_RHOXF2+ZBTB25,OpPert,7.708932876586914,-4.376964569091797
rot_SAMD1+TGFBR2,OpPert,7.780264854431152,-3.6240243911743164
rot_SET,OpPert,3.5241079330444336,-2.0488548278808594
rot_SNAI1+ZBTB10,OpPert,7.459517002105713,-4.369589805603027
rot_SPI1,OpPert,3.56461238861084,-1.89707350730896
rot_UBASH3B+ZBTB25,OpPert,5.755218505859375,-2.8783442974090576
add_AHR+KLF1,additive,7.157247543334961,-2.9168715476989746
add_ARID1A,additive,-5.169213771820068,2.960530996322632
add_BAK1+BCL2L11,additive,3.9199204444885254,-3.497896909713745
add_BAK1+KLF1,additive,2.8680527210235596,-2.113413095474243
add_BCL2L11,additive,-5.229044437408447,2.9119973182678223
add_BCL2L11+TGFBR2,additive,4.145216941833496,-2.343287944793701
add_BCORL1,additive,-5.165994644165039,2.9555563926696777
add_BPGM,additive,-5.244508743286133,2.883607864379883
add_BPGM+SAMD1,additive,8.71047592163086,-4.122929096221924
add_BPGM+ZBTB1,additive,6.750621795654297,-3.0489869117736816
add_C3ORF72,additive,-5.257935047149658,2.8979129791259766
add_C3ORF72+FOXL2,additive,6.946958541870117,-3.8911499977111816
add_CBFA2T3+FEV,additive,5.394306659698486,-2.947815418243408
add_CBFA2T3+POU3F2,additive,5.785036087036133,-2.9298453330993652
add_CBL,additive,-5.22060489654541,2.9410929679870605
add_CBL+CNN1,additive,5.856878757476807,-2.86653995513916
add_CBL+PTPN12,additive,5.809802532196045,-2.8859736919403076
add_CBL+PTPN9,additive,5.970638275146484,-2.7643613815307617
add_CBL+TGFBR2,additive,4.7352705001831055,-2.260528564453125
add_CBL+UBASH3A,additive,6.415514945983887,-3.1205458641052246
add_CBL+UBASH3B,additive,5.447953224182129,-2.6898112297058105
add_CDKN1A,additive,-5.18200159072876,2.941948413848877
add_CDKN1A+CDKN1B,additive,7.3146538734436035,-4.007194995880127
add_CDKN1A+CDKN1C,additive,7.207134246826172,-4.025042533874512
add_CDKN1B,additive,-5.16733455657959,2.9387245178222656
add_CDKN1B+CDKN1C,additive,7.267714500427246,-4.101205825805664
add_CDKN1C,additive,-5.185220718383789,2.921618938446045
add_CEBPA+CEBPB,additive,14.383167266845703,-7.291984558105469
add_CEBPA+CEBPE,additive,14.204304695129395,-7.575686931610107
add_CEBPA+JUN,additive,13.338703155517578,-6.151192665100098
add_CEBPA+ZC3HAV1,additive,8.177040100097656,-4.26215934753418
add_CEBPB,additive,-4.870599269866943,3.063882827758789
add_CEBPB+CEBPE,additive,12.29782485961914,-6.5902557373046875
add_CEBPB+FOSB,additive,11.207287788391113,-5.186853408813477
add_CEBPB+JUN,additive,11.432223320007324,-5.165761947631836
add_CEBPB+LYL1,additive,8.720332145690918,-4.8545026779174805
add_CEBPB+MAPK1,additive,9.458163261413574,-5.385117530822754
add_CEBPB+OSR2,additive,8.834917068481445,-4.6417317390441895
add_CEBPB+PTPN12,additive,8.90811538696289,-4.428985595703125
add_CEBPE+ETS2,additive,10.216785430908203,-6.439903259277344
add_CEBPE+KLF1,additive,7.557590484619141,-3.7455196380615234
add_CEBPE+PTPN12,additive,8.729253768920898,-4.71268892288208
add_CEBPE+SET,additive,9.565499305725098,-5.355942726135254
add_CEBPE+SPI1,additive,9.606003761291504,-5.204161167144775
add_CEBPE+ZC3HAV1,additive,6.091697692871094,-3.560431480407715
add_CELF2,additive,-5.2038254737854,2.9272072315216064
add_CKS1B,additive,-5.212376594543457,2.895176410675049
add_CNN1+UBASH3B,additive,5.024771690368652,-2.335822105407715
add_COL2A1,additive,-5.229646682739258,2.9071366786956787
add_COL2A1+KLF1,additive,5.09085750579834,-2.3417820930480957
add_DLX2+ZBTB10,additive,8.09090518951416,-4.170945167541504
add_DUSP9,additive,-5.247518539428711,2.9333114624023438
add_DUSP9+ETS2,additive,6.642742156982422,-4.463818073272705
add_DUSP9+IGDCC3,additive,6.158297061920166,-3.512869358062744
add_DUSP9+KLF1,additive,3.983548164367676,-1.7694345712661743
add_DUSP9+MAPK1,additive,5.705258369445801,-3.692734718322754
add_DUSP9+PRTG,additive,6.033941268920898,-3.5314903259277344
add_DUSP9+SNAI1,additive,6.585731029510498,-3.89033842086792
add_EGR1,additive,-5.150134086608887,2.9858126640319824
add_ELMSAN1+MAP2K3,additive,0.002291858196258545,-1.0346565246582031
add_ELMSAN1+MAP2K6,additive,0.6533715128898621,-1.3717278242111206
add_ELMSAN1+ZBTB10,additive,4.7743353843688965,-3.028784990310669
add_ETS2+MAP7D1,additive,6.674221515655518,-4.643428802490234
add_FEV+ISL2,additive,6.667252540588379,-3.7427315711975098
add_FEV+MAP7D1,additive,5.891103744506836,-3.600776433944702
add_FOSB+PTPN12,additive,7.638716220855713,-3.3092856407165527
add_FOSB+UBASH3B,additive,7.2768683433532715,-3.1131227016448975
add_FOXA1+FOXL2,additive,10.690080642700195,-4.9496355056762695
add_FOXA3+FOXF1,additive,10.856034278869629,-5.056153297424316
add_FOXA3+FOXL2,additive,11.041987419128418,-5.226716995239258
add_FOXF1+FOXL2,additive,7.926830291748047,-4.067818641662598
add_FOXL2,additive,-5.1749114990234375,2.95451021194458
add_FOXL2+HOXB9,additive,9.237730026245117,-5.448179244995117
add_FOXL2+MEIS1,additive,7.061682224273682,-4.301183700561523
add_FOXL2+POU3F2,additive,7.821306228637695,-4.0614914894104
add_FOXL2+ZNF318,additive,6.499567031860352,-2.798743724822998
add_IKZF3+MAP2K3,additive,4.257522106170654,-2.148247003555298
add_IRF1+SET,additive,7.469593048095703,-3.096607208251953
add_ISL2,additive,-5.189434051513672,2.9296183586120605
add_KLF1+SET,additive,5.004127025604248,-2.2275032997131348
add_MAP2K6+SPI1,additive,2.8215107917785645,-1.833275556564331
add_MAP7D1,additive,-5.249394416809082,2.870640516281128
add_NCL,additive,-5.234097480773926,2.896259307861328
add_OSR2+PTPN12,additive,5.266345024108887,-2.7641639709472656
add_PLK4,additive,-5.219694137573242,2.8986105918884277
add_PLK4+STIL,additive,6.777291297912598,-3.7698330879211426
add_POU3F2,additive,-5.161696434020996,2.9577460289001465
add_PTPN1,additive,-5.2563886642456055,2.9324448108673096
add_PTPN12,additive,-5.236420631408691,2.9400086402893066
add_PTPN12+PTPN9,additive,5.50037956237793,-2.4298057556152344
add_PTPN12+SAMD1,additive,9.031845092773438,-4.174006938934326
add_PTPN12+SNAI1,additive,6.770064353942871,-3.705153703689575
add_PTPN12+UBASH3A,additive,5.945256233215332,-2.7859904766082764
add_PTPN12+UBASH3B,additive,4.977694511413574,-2.355255126953125
add_PTPN12+ZBTB10,additive,6.0657243728637695,-2.9988603591918945
add_PTPN12+ZBTB25,additive,6.119368553161621,-3.0026793479919434
add_PTPN9+UBASH3B,additive,5.138530731201172,-2.2336435317993164
add_RHOXF2,additive,-5.096080303192139,2.9597971439361572
add_RHOXF2+SET,additive,7.854958534240723,-4.400162696838379
add_RHOXF2+ZBTB25,additive,7.7985382080078125,-4.208169460296631
add_SAMD1+TGFBR2,additive,7.957313060760498,-3.5485620498657227
add_SET,additive,-5.181998252868652,2.941333293914795
add_SNAI1+ZBTB10,additive,7.496245861053467,-4.152595520019531
add_SPI1,additive,-5.15902853012085,2.9595353603363037
add_UBASH3B+ZBTB25,additive,5.7575201988220215,-2.806516647338867
