pair,gene_p,gene_q,split_category,method,metric,value,seed
CEBPA+FOXA1,CEBPA,FOXA1,"both genes observed, pair held out",OpPert,top_DE_Pearson,0.7164338829834728,0
CEBPA+FOXA1,CEBPA,FOXA1,"both genes observed, pair held out",additive,top_DE_Pearson,0.42293788868076987,0
CEBPA+FOXA1,CEBPA,FOXA1,"both genes observed, pair held out",linear,top_DE_Pearson,0.49186922958826085,0
CEBPA+FOXA1,CEBPA,FOXA1,"both genes observed, pair held out",GEARS,top_DE_Pearson,0.6076704241900371,0
CEBPA+FOXA1,CEBPA,FOXA1,"both genes observed, pair held out",CPA,top_DE_Pearson,0.5610254444593851,0
CEBPA+FOXA1,CEBPA,FOXA1,"both genes observed, pair held out",AttentionPert,top_DE_Pearson,0.5889919305497426,0
CEBPA+FOXA1,CEBPA,FOXA1,"both genes observed, pair held out",mean,top_DE_Pearson,0.40881736434558513,0
CEBPA+FOXA1,CEBPA,FOXA1,"both genes observed, pair held out",OpPert,top_DE_Pearson,0.7127638784917696,1
CEBPA+FOXA1,CEBPA,FOXA1,"both genes observed, pair held out",additive,top_DE_Pearson,0.586667516125737,1
CEBPA+FOXA1,CEBPA,FOXA1,"both genes observed, pair held out",linear,top_DE_Pearson,0.5739618418536729,1
CEBPA+FOXA1,CEBPA,FOXA1,"both genes observed, pair held out",GEARS,top_DE_Pearson,0.6676344724180819,1
CEBPA+FOXA1,CEBPA,FOXA1,"both genes observed, pair held out",CPA,top_DE_Pearson,0.6080505605351227,1
CEBPA+FOXA1,CEBPA,FOXA1,"both genes observed, pair held out",AttentionPert,top_DE_Pearson,0.5384424522270057,1
CEBPA+FOXA1,CEBPA,FOXA1,"both genes observed, pair held out",mean,top_DE_Pearson,0.4821250470449499,1
CEBPA+FOXA1,CEBPA,FOXA1,"both genes observed, pair held out",OpPert,top_DE_Pearson,0.60246704395026,2
CEBPA+FOXA1,CEBPA,FOXA1,"both genes observed, pair held out",additive,top_DE_Pearson,0.5927070180784364,2
CEBPA+FOXA1,CEBPA,FOXA1,"both genes observed, pair held out",linear,top_DE_Pearson,0.5670044453408247,2
CEBPA+FOXA1,CEBPA,FOXA1,"both genes observed, pair held out",GEARS,top_DE_Pearson,0.5889082581872843,2
CEBPA+FOXA1,CEBPA,FOXA1,"both genes observed, pair held out",CPA,top_DE_Pearson,0.5391442273357635,2
CEBPA+FOXA1,CEBPA,FOXA1,"both genes observed, pair held out",AttentionPert,top_DE_Pearson,0.6633524803204418,2
CEBPA+FOXA1,CEBPA,FOXA1,"both genes observed, pair held out",mean,top_DE_Pearson,0.45072823107587184,2
CEBPA+FOXA1,CEBPA,FOXA1,"both genes observed, pair held out",OpPert,top_DE_Pearson,0.6343003306702135,3
CEBPA+FOXA1,CEBPA,FOXA1,"both genes observed, pair held out",additive,top_DE_Pearson,0.5188719869707062,3
CEBPA+FOXA1,CEBPA,FOXA1,"both genes observed, pair held out",linear,top_DE_Pearson,0.6019385511332008,3
CEBPA+FOXA1,CEBPA,FOXA1,"both genes observed, pair held out",GEARS,top_DE_Pearson,0.6219266438618447,3
CEBPA+FOXA1,CEBPA,FOXA1,"both genes observed, pair held out",CPA,top_DE_Pearson,0.6047639566957592,3
CEBPA+FOXA1,CEBPA,FOXA1,"both genes observed, pair held out",AttentionPert,top_DE_Pearson,0.6158492601804729,3
CEBPA+FOXA1,CEBPA,FOXA1,"both genes observed, pair held out",mean,top_DE_Pearson,0.5884988560522276,3
CEBPA+FOXA1,CEBPA,FOXA1,"both genes observed, pair held out",OpPert,top_DE_Pearson,0.635615099016923,4
CEBPA+FOXA1,CEBPA,FOXA1,"both genes observed, pair held out",additive,top_DE_Pearson,0.5092654362557077,4
CEBPA+FOXA1,CEBPA,FOXA1,"both genes observed, pair held out",linear,top_DE_Pearson,0.5211736363051273,4
CEBPA+FOXA1,CEBPA,FOXA1,"both genes observed, pair held out",GEARS,top_DE_Pearson,0.6369587653545297,4
CEBPA+FOXA1,CEBPA,FOXA1,"both genes observed, pair held out",CPA,top_DE_Pearson,0.6477383375632535,4
CEBPA+FOXA1,CEBPA,FOXA1,"both genes observed, pair held out",AttentionPert,top_DE_Pearson,0.5831631525407075,4
CEBPA+FOXA1,CEBPA,FOXA1,"both genes observed, pair held out",mean,top_DE_Pearson,0.4095906113822483,4
CDKN1B+SPI1,CDKN1B,SPI1,"both genes observed, pair held out",OpPert,top_DE_Pearson,0.7045952502722065,0
CDKN1B+SPI1,CDKN1B,SPI1,"both genes observed, pair held out",additive,top_DE_Pearson,0.5725892560983117,0
CDKN1B+SPI1,CDKN1B,SPI1,"both genes observed, pair held out",linear,top_DE_Pearson,0.5300694175626783,0
CDKN1B+SPI1,CDKN1B,SPI1,"both genes observed, pair held out",GEARS,top_DE_Pearson,0.6139296793840031,0
CDKN1B+SPI1,CDKN1B,SPI1,"both genes observed, pair held out",CPA,top_DE_Pearson,0.5870011485484437,0
CDKN1B+SPI1,CDKN1B,SPI1,"both genes observed, pair held out",AttentionPert,top_DE_Pearson,0.6031213158037407,0
CDKN1B+SPI1,CDKN1B,SPI1,"both genes observed, pair held out",mean,top_DE_Pearson,0.5122857266768913,0
CDKN1B+SPI1,CDKN1B,SPI1,"both genes observed, pair held out",OpPert,top_DE_Pearson,0.6734157329264808,1
CDKN1B+SPI1,CDKN1B,SPI1,"both genes observed, pair held out",additive,top_DE_Pearson,0.5807348137843137,1
CDKN1B+SPI1,CDKN1B,SPI1,"both genes observed, pair held out",linear,top_DE_Pearson,0.5740547441693334,1
CDKN1B+SPI1,CDKN1B,SPI1,"both genes observed, pair held out",GEARS,top_DE_Pearson,0.617347163921399,1
CDKN1B+SPI1,CDKN1B,SPI1,"both genes observed, pair held out",CPA,top_DE_Pearson,0.6178772935503124,1
CDKN1B+SPI1,CDKN1B,SPI1,"both genes observed, pair held out",AttentionPert,top_DE_Pearson,0.50257065080866,1
CDKN1B+SPI1,CDKN1B,SPI1,"both genes observed, pair held out",mean,top_DE_Pearson,0.44081972701856187,1
CDKN1B+SPI1,CDKN1B,SPI1,"both genes observed, pair held out",OpPert,top_DE_Pearson,0.6317776407424321,2
CDKN1B+SPI1,CDKN1B,SPI1,"both genes observed, pair held out",additive,top_DE_Pearson,0.5016673291053996,2
CDKN1B+SPI1,CDKN1B,SPI1,"both genes observed, pair held out",linear,top_DE_Pearson,0.5534914649263989,2
CDKN1B+SPI1,CDKN1B,SPI1,"both genes observed, pair held out",GEARS,top_DE_Pearson,0.6896964786740637,2
CDKN1B+SPI1,CDKN1B,SPI1,"both genes observed, pair held out",CPA,top_DE_Pearson,0.5280501330584053,2
CDKN1B+SPI1,CDKN1B,SPI1,"both genes observed, pair held out",AttentionPert,top_DE_Pearson,0.6480967012754888,2
CDKN1B+SPI1,CDKN1B,SPI1,"both genes observed, pair held out",mean,top_DE_Pearson,0.3590278137030517,2
CDKN1B+SPI1,CDKN1B,SPI1,"both genes observed, pair held out",OpPert,top_DE_Pearson,0.6399068982008534,3
CDKN1B+SPI1,CDKN1B,SPI1,"both genes observed, pair held out",additive,top_DE_Pearson,0.5497651839063004,3
CDKN1B+SPI1,CDKN1B,SPI1,"both genes observed, pair held out",linear,top_DE_Pearson,0.6051733398815566,3
CDKN1B+SPI1,CDKN1B,SPI1,"both genes observed, pair held out",GEARS,top_DE_Pearson,0.6426735947875712,3
CDKN1B+SPI1,CDKN1B,SPI1,"both genes observed, pair held out",CPA,top_DE_Pearson,0.6276008341119955,3
CDKN1B+SPI1,CDKN1B,SPI1,"both genes observed, pair held out",AttentionPert,top_DE_Pearson,0.5690764956650937,3
CDKN1B+SPI1,CDKN1B,SPI1,"both genes observed, pair held out",mean,top_DE_Pearson,0.43225889244012594,3
CDKN1B+SPI1,CDKN1B,SPI1,"both genes observed, pair held out",OpPert,top_DE_Pearson,0.7114785528754292,4
CDKN1B+SPI1,CDKN1B,SPI1,"both genes observed, pair held out",additive,top_DE_Pearson,0.5285217405071031,4
CDKN1B+SPI1,CDKN1B,SPI1,"both genes observed, pair held out",linear,top_DE_Pearson,0.4934588205997246,4
CDKN1B+SPI1,CDKN1B,SPI1,"both genes observed, pair held out",GEARS,top_DE_Pearson,0.5320027671597911,4
CDKN1B+SPI1,CDKN1B,SPI1,"both genes observed, pair held out",CPA,top_DE_Pearson,0.5248328628399033,4
CDKN1B+SPI1,CDKN1B,SPI1,"both genes observed, pair held out",AttentionPert,top_DE_Pearson,0.6198296446432258,4
CDKN1B+SPI1,CDKN1B,SPI1,"both genes observed, pair held out",mean,top_DE_Pearson,0.4685455441642339,4
KLF1+SPI1,KLF1,SPI1,"both genes observed, pair held out",OpPert,top_DE_Pearson,0.6975354236380401,0
KLF1+SPI1,KLF1,SPI1,"both genes observed, pair held out",additive,top_DE_Pearson,0.5214392076167857,0
KLF1+SPI1,KLF1,SPI1,"both genes observed, pair held out",linear,top_DE_Pearson,0.5974065142534446,0
KLF1+SPI1,KLF1,SPI1,"both genes observed, pair held out",GEARS,top_DE_Pearson,0.5602844435360009,0
KLF1+SPI1,KLF1,SPI1,"both genes observed, pair held out",CPA,top_DE_Pearson,0.5582167692060956,0
KLF1+SPI1,KLF1,SPI1,"both genes observed, pair held out",AttentionPert,top_DE_Pearson,0.5670957263601002,0
KLF1+SPI1,KLF1,SPI1,"both genes observed, pair held out",mean,top_DE_Pearson,0.38824962126465756,0
KLF1+SPI1,KLF1,SPI1,"both genes observed, pair held out",OpPert,top_DE_Pearson,0.6892183488471348,1
KLF1+SPI1,KLF1,SPI1,"both genes observed, pair held out",additive,top_DE_Pearson,0.5118358595878366,1
KLF1+SPI1,KLF1,SPI1,"both genes observed, pair held out",linear,top_DE_Pearson,0.5707496471236612,1
KLF1+SPI1,KLF1,SPI1,"both genes observed, pair held out",GEARS,top_DE_Pearson,0.6288447995343545,1
KLF1+SPI1,KLF1,SPI1,"both genes observed, pair held out",CPA,top_DE_Pearson,0.6067918705617966,1
KLF1+SPI1,KLF1,SPI1,"both genes observed, pair held out",AttentionPert,top_DE_Pearson,0.6299231065383671,1
KLF1+SPI1,KLF1,SPI1,"both genes observed, pair held out",mean,top_DE_Pearson,0.45409087092943456,1
KLF1+SPI1,KLF1,SPI1,"both genes observed, pair held out",OpPert,top_DE_Pearson,0.6346021012773507,2
KLF1+SPI1,KLF1,SPI1,"both genes observed, pair held out",additive,top_DE_Pearson,0.5352169073456161,2
KLF1+SPI1,KLF1,SPI1,"both genes observed, pair held out",linear,top_DE_Pearson,0.46875993396251814,2
KLF1+SPI1,KLF1,SPI1,"both genes observed, pair held out",GEARS,top_DE_Pearson,0.5131732516546148,2
KLF1+SPI1,KLF1,SPI1,"both genes observed, pair held out",CPA,top_DE_Pearson,0.5006380232587359,2
KLF1+SPI1,KLF1,SPI1,"both genes observed, pair held out",AttentionPert,top_DE_Pearson,0.5301651903439111,2
KLF1+SPI1,KLF1,SPI1,"both genes observed, pair held out",mean,top_DE_Pearson,0.48398645360340614,2
KLF1+SPI1,KLF1,SPI1,"both genes observed, pair held out",OpPert,top_DE_Pearson,0.6056712566783963,3
KLF1+SPI1,KLF1,SPI1,"both genes observed, pair held out",additive,top_DE_Pearson,0.5173102467576367,3
KLF1+SPI1,KLF1,SPI1,"both genes observed, pair held out",linear,top_DE_Pearson,0.6479536978671638,3
KLF1+SPI1,KLF1,SPI1,"both genes observed, pair held out",GEARS,top_DE_Pearson,0.5786241617363144,3
KLF1+SPI1,KLF1,SPI1,"both genes observed, pair held out",CPA,top_DE_Pearson,0.6242509341080251,3
KLF1+SPI1,KLF1,SPI1,"both genes observed, pair held out",AttentionPert,top_DE_Pearson,0.5339829391994073,3
KLF1+SPI1,KLF1,SPI1,"both genes observed, pair held out",mean,top_DE_Pearson,0.4476737465279422,3
KLF1+SPI1,KLF1,SPI1,"both genes observed, pair held out",OpPert,top_DE_Pearson,0.602998676705365,4
KLF1+SPI1,KLF1,SPI1,"both genes observed, pair held out",additive,top_DE_Pearson,0.5196580154459662,4
KLF1+SPI1,KLF1,SPI1,"both genes observed, pair held out",linear,top_DE_Pearson,0.6204184882474437,4
KLF1+SPI1,KLF1,SPI1,"both genes observed, pair held out",GEARS,top_DE_Pearson,0.49636077460845907,4
KLF1+SPI1,KLF1,SPI1,"both genes observed, pair held out",CPA,top_DE_Pearson,0.6060654186127514,4
KLF1+SPI1,KLF1,SPI1,"both genes observed, pair held out",AttentionPert,top_DE_Pearson,0.6042641361399367,4
KLF1+SPI1,KLF1,SPI1,"both genes observed, pair held out",mean,top_DE_Pearson,0.4243510026581923,4
FOS+JUN,FOS,JUN,"both genes observed, pair held out",OpPert,top_DE_Pearson,0.6282304374561718,0
FOS+JUN,FOS,JUN,"both genes observed, pair held out",additive,top_DE_Pearson,0.5539605726812823,0
FOS+JUN,FOS,JUN,"both genes observed, pair held out",linear,top_DE_Pearson,0.5713111287314065,0
FOS+JUN,FOS,JUN,"both genes observed, pair held out",GEARS,top_DE_Pearson,0.6961067334792549,0
FOS+JUN,FOS,JUN,"both genes observed, pair held out",CPA,top_DE_Pearson,0.5656386623516185,0
FOS+JUN,FOS,JUN,"both genes observed, pair held out",AttentionPert,top_DE_Pearson,0.5285901504426881,0
FOS+JUN,FOS,JUN,"both genes observed, pair held out",mean,top_DE_Pearson,0.47075653809737894,0
FOS+JUN,FOS,JUN,"both genes observed, pair held out",OpPert,top_DE_Pearson,0.6731998010383058,1
FOS+JUN,FOS,JUN,"both genes observed, pair held out",additive,top_DE_Pearson,0.6215512545144262,1
FOS+JUN,FOS,JUN,"both genes observed, pair held out",linear,top_DE_Pearson,0.6201066747548747,1
FOS+JUN,FOS,JUN,"both genes observed, pair held out",GEARS,top_DE_Pearson,0.6214122635489705,1
FOS+JUN,FOS,JUN,"both genes observed, pair held out",CPA,top_DE_Pearson,0.6677981734731737,1
FOS+JUN,FOS,JUN,"both genes observed, pair held out",AttentionPert,top_DE_Pearson,0.5186742167406289,1
FOS+JUN,FOS,JUN,"both genes observed, pair held out",mean,top_DE_Pearson,0.4216149080350151,1
FOS+JUN,FOS,JUN,"both genes observed, pair held out",OpPert,top_DE_Pearson,0.6044054435156684,2
FOS+JUN,FOS,JUN,"both genes observed, pair held out",additive,top_DE_Pearson,0.516611411810654,2
FOS+JUN,FOS,JUN,"both genes observed, pair held out",linear,top_DE_Pearson,0.4873988311466214,2
FOS+JUN,FOS,JUN,"both genes observed, pair held out",GEARS,top_DE_Pearson,0.6381090568088642,2
FOS+JUN,FOS,JUN,"both genes observed, pair held out",CPA,top_DE_Pearson,0.5666666381740736,2
FOS+JUN,FOS,JUN,"both genes observed, pair held out",AttentionPert,top_DE_Pearson,0.5017516223298405,2
FOS+JUN,FOS,JUN,"both genes observed, pair held out",mean,top_DE_Pearson,0.3990652551275475,2
FOS+JUN,FOS,JUN,"both genes observed, pair held out",OpPert,top_DE_Pearson,0.6788108308470117,3
FOS+JUN,FOS,JUN,"both genes observed, pair held out",additive,top_DE_Pearson,0.5902875940736629,3
FOS+JUN,FOS,JUN,"both genes observed, pair held out",linear,top_DE_Pearson,0.6898038535015072,3
FOS+JUN,FOS,JUN,"both genes observed, pair held out",GEARS,top_DE_Pearson,0.7748317479604397,3
FOS+JUN,FOS,JUN,"both genes observed, pair held out",CPA,top_DE_Pearson,0.6048645659965597,3
FOS+JUN,FOS,JUN,"both genes observed, pair held out",AttentionPert,top_DE_Pearson,0.5306277127980881,3
FOS+JUN,FOS,JUN,"both genes observed, pair held out",mean,top_DE_Pearson,0.3320772231561214,3
FOS+JUN,FOS,JUN,"both genes observed, pair held out",OpPert,top_DE_Pearson,0.67606268774063,4
FOS+JUN,FOS,JUN,"both genes observed, pair held out",additive,top_DE_Pearson,0.4912235342813805,4
FOS+JUN,FOS,JUN,"both genes observed, pair held out",linear,top_DE_Pearson,0.5450785643892189,4
FOS+JUN,FOS,JUN,"both genes observed, pair held out",GEARS,top_DE_Pearson,0.5632741920564115,4
FOS+JUN,FOS,JUN,"both genes observed, pair held out",CPA,top_DE_Pearson,0.5715525468150169,4
FOS+JUN,FOS,JUN,"both genes observed, pair held out",AttentionPert,top_DE_Pearson,0.6539588138472586,4
FOS+JUN,FOS,JUN,"both genes observed, pair held out",mean,top_DE_Pearson,0.46942291404672065,4
CEBPE+JUN,CEBPE,JUN,neither gene observed,OpPert,top_DE_Pearson,0.43082152545560015,0
CEBPE+JUN,CEBPE,JUN,neither gene observed,additive,top_DE_Pearson,0.3367730469509008,0
CEBPE+JUN,CEBPE,JUN,neither gene observed,linear,top_DE_Pearson,0.47607579481479295,0
CEBPE+JUN,CEBPE,JUN,neither gene observed,GEARS,top_DE_Pearson,0.4078164712883732,0
CEBPE+JUN,CEBPE,JUN,neither gene observed,CPA,top_DE_Pearson,0.43896437066138344,0
CEBPE+JUN,CEBPE,JUN,neither gene observed,AttentionPert,top_DE_Pearson,0.3600422640876509,0
CEBPE+JUN,CEBPE,JUN,neither gene observed,mean,top_DE_Pearson,0.18890337401497853,0
CEBPE+JUN,CEBPE,JUN,neither gene observed,OpPert,top_DE_Pearson,0.4020929942660577,1
CEBPE+JUN,CEBPE,JUN,neither gene observed,additive,top_DE_Pearson,0.29648643612785486,1
CEBPE+JUN,CEBPE,JUN,neither gene observed,linear,top_DE_Pearson,0.49770818394610983,1
CEBPE+JUN,CEBPE,JUN,neither gene observed,GEARS,top_DE_Pearson,0.35071679924653687,1
CEBPE+JUN,CEBPE,JUN,neither gene observed,CPA,top_DE_Pearson,0.4303093522241807,1
CEBPE+JUN,CEBPE,JUN,neither gene observed,AttentionPert,top_DE_Pearson,0.33582436931477844,1
CEBPE+JUN,CEBPE,JUN,neither gene observed,mean,top_DE_Pearson,0.31589438077245463,1
CEBPE+JUN,CEBPE,JUN,neither gene observed,OpPert,top_DE_Pearson,0.48309705796635183,2
CEBPE+JUN,CEBPE,JUN,neither gene observed,additive,top_DE_Pearson,0.3306017261405146,2
CEBPE+JUN,CEBPE,JUN,neither gene observed,linear,top_DE_Pearson,0.36755424843187395,2
CEBPE+JUN,CEBPE,JUN,neither gene observed,GEARS,top_DE_Pearson,0.3607127382742366,2
CEBPE+JUN,CEBPE,JUN,neither gene observed,CPA,top_DE_Pearson,0.4067643320889248,2
CEBPE+JUN,CEBPE,JUN,neither gene observed,AttentionPert,top_DE_Pearson,0.36270099117955323,2
CEBPE+JUN,CEBPE,JUN,neither gene observed,mean,top_DE_Pearson,0.18646365417396513,2
CEBPE+JUN,CEBPE,JUN,neither gene observed,OpPert,top_DE_Pearson,0.3833237455408229,3
CEBPE+JUN,CEBPE,JUN,neither gene observed,additive,top_DE_Pearson,0.3503552750633272,3
CEBPE+JUN,CEBPE,JUN,neither gene observed,linear,top_DE_Pearson,0.46474547538462607,3
CEBPE+JUN,CEBPE,JUN,neither gene observed,GEARS,top_DE_Pearson,0.4095994968144063,3
CEBPE+JUN,CEBPE,JUN,neither gene observed,CPA,top_DE_Pearson,0.37288170043340707,3
CEBPE+JUN,CEBPE,JUN,neither gene observed,AttentionPert,top_DE_Pearson,0.40714956837615257,3
CEBPE+JUN,CEBPE,JUN,neither gene observed,mean,top_DE_Pearson,0.3383601045024095,3
CEBPE+JUN,CEBPE,JUN,neither gene observed,OpPert,top_DE_Pearson,0.4731629500818314,4
CEBPE+JUN,CEBPE,JUN,neither gene observed,additive,top_DE_Pearson,0.3153443661499758,4
CEBPE+JUN,CEBPE,JUN,neither gene observed,linear,top_DE_Pearson,0.4363773226035933,4
CEBPE+JUN,CEBPE,JUN,neither gene observed,GEARS,top_DE_Pearson,0.42572538630769685,4
CEBPE+JUN,CEBPE,JUN,neither gene observed,CPA,top_DE_Pearson,0.47214535951975956,4
CEBPE+JUN,CEBPE,JUN,neither gene observed,AttentionPert,top_DE_Pearson,0.4009940662333144,4
CEBPE+JUN,CEBPE,JUN,neither gene observed,mean,top_DE_Pearson,0.18653185809676998,4
STAT3+FOS,STAT3,FOS,neither gene observed,OpPert,top_DE_Pearson,0.5634199432469978,0
STAT3+FOS,STAT3,FOS,neither gene observed,additive,top_DE_Pearson,0.32922884720304396,0
STAT3+FOS,STAT3,FOS,neither gene observed,linear,top_DE_Pearson,0.3470087607318407,0
STAT3+FOS,STAT3,FOS,neither gene observed,GEARS,top_DE_Pearson,0.48768665753453216,0
STAT3+FOS,STAT3,FOS,neither gene observed,CPA,top_DE_Pearson,0.31357725907739076,0
STAT3+FOS,STAT3,FOS,neither gene observed,AttentionPert,top_DE_Pearson,0.3363163788626504,0
STAT3+FOS,STAT3,FOS,neither gene observed,mean,top_DE_Pearson,0.2985996076813427,0
STAT3+FOS,STAT3,FOS,neither gene observed,OpPert,top_DE_Pearson,0.43632369262842463,1
STAT3+FOS,STAT3,FOS,neither gene observed,additive,top_DE_Pearson,0.33969268799679575,1
STAT3+FOS,STAT3,FOS,neither gene observed,linear,top_DE_Pearson,0.3601934260885292,1
STAT3+FOS,STAT3,FOS,neither gene observed,GEARS,top_DE_Pearson,0.42025447292793605,1
STAT3+FOS,STAT3,FOS,neither gene observed,CPA,top_DE_Pearson,0.464448911678823,1
STAT3+FOS,STAT3,FOS,neither gene observed,AttentionPert,top_DE_Pearson,0.39543509441410474,1
STAT3+FOS,STAT3,FOS,neither gene observed,mean,top_DE_Pearson,0.29863632759661146,1
STAT3+FOS,STAT3,FOS,neither gene observed,OpPert,top_DE_Pearson,0.33698967393813867,2
STAT3+FOS,STAT3,FOS,neither gene observed,additive,top_DE_Pearson,0.33707689588419293,2
STAT3+FOS,STAT3,FOS,neither gene observed,linear,top_DE_Pearson,0.31940618378242774,2
STAT3+FOS,STAT3,FOS,neither gene observed,GEARS,top_DE_Pearson,0.32687121637458233,2
STAT3+FOS,STAT3,FOS,neither gene observed,CPA,top_DE_Pearson,0.32731085798427495,2
STAT3+FOS,STAT3,FOS,neither gene observed,AttentionPert,top_DE_Pearson,0.3699525935579513,2
STAT3+FOS,STAT3,FOS,neither gene observed,mean,top_DE_Pearson,0.3149541525413608,2
STAT3+FOS,STAT3,FOS,neither gene observed,OpPert,top_DE_Pearson,0.3804164369356262,3
STAT3+FOS,STAT3,FOS,neither gene observed,additive,top_DE_Pearson,0.3418378895556651,3
STAT3+FOS,STAT3,FOS,neither gene observed,linear,top_DE_Pearson,0.3409498339999853,3
STAT3+FOS,STAT3,FOS,neither gene observed,GEARS,top_DE_Pearson,0.3803396143382824,3
STAT3+FOS,STAT3,FOS,neither gene observed,CPA,top_DE_Pearson,0.44016546951827623,3
STAT3+FOS,STAT3,FOS,neither gene observed,AttentionPert,top_DE_Pearson,0.42228692622023556,3
STAT3+FOS,STAT3,FOS,neither gene observed,mean,top_DE_Pearson,0.3402438864465646,3
STAT3+FOS,STAT3,FOS,neither gene observed,OpPert,top_DE_Pearson,0.45072965924500596,4
STAT3+FOS,STAT3,FOS,neither gene observed,additive,top_DE_Pearson,0.2982434432997578,4
STAT3+FOS,STAT3,FOS,neither gene observed,linear,top_DE_Pearson,0.35656847098717004,4
STAT3+FOS,STAT3,FOS,neither gene observed,GEARS,top_DE_Pearson,0.4145498074762733,4
STAT3+FOS,STAT3,FOS,neither gene observed,CPA,top_DE_Pearson,0.3905944015072227,4
STAT3+FOS,STAT3,FOS,neither gene observed,AttentionPert,top_DE_Pearson,0.324936715665998,4
STAT3+FOS,STAT3,FOS,neither gene observed,mean,top_DE_Pearson,0.2654293868976725,4
JUN+ELK1,JUN,ELK1,exactly one gene observed,OpPert,top_DE_Pearson,0.5088053989664708,0
JUN+ELK1,JUN,ELK1,exactly one gene observed,additive,top_DE_Pearson,0.42275699830704944,0
JUN+ELK1,JUN,ELK1,exactly one gene observed,linear,top_DE_Pearson,0.3821934798897798,0
JUN+ELK1,JUN,ELK1,exactly one gene observed,GEARS,top_DE_Pearson,0.4645575791621908,0
JUN+ELK1,JUN,ELK1,exactly one gene observed,CPA,top_DE_Pearson,0.4989363002154204,0
JUN+ELK1,JUN,ELK1,exactly one gene observed,AttentionPert,top_DE_Pearson,0.562351217253294,0
JUN+ELK1,JUN,ELK1,exactly one gene observed,mean,top_DE_Pearson,0.3162549697353835,0
JUN+ELK1,JUN,ELK1,exactly one gene observed,OpPert,top_DE_Pearson,0.5207512135959322,1
JUN+ELK1,JUN,ELK1,exactly one gene observed,additive,top_DE_Pearson,0.3111626582156807,1
JUN+ELK1,JUN,ELK1,exactly one gene observed,linear,top_DE_Pearson,0.4602400447673055,1
JUN+ELK1,JUN,ELK1,exactly one gene observed,GEARS,top_DE_Pearson,0.4362551352884262,1
JUN+ELK1,JUN,ELK1,exactly one gene observed,CPA,top_DE_Pearson,0.44823363435803554,1
JUN+ELK1,JUN,ELK1,exactly one gene observed,AttentionPert,top_DE_Pearson,0.4373883533099447,1
JUN+ELK1,JUN,ELK1,exactly one gene observed,mean,top_DE_Pearson,0.35434424674484655,1
JUN+ELK1,JUN,ELK1,exactly one gene observed,OpPert,top_DE_Pearson,0.45453629651860217,2
JUN+ELK1,JUN,ELK1,exactly one gene observed,additive,top_DE_Pearson,0.3519772852765406,2
JUN+ELK1,JUN,ELK1,exactly one gene observed,linear,top_DE_Pearson,0.5977548267216979,2
JUN+ELK1,JUN,ELK1,exactly one gene observed,GEARS,top_DE_Pearson,0.42275464512355815,2
JUN+ELK1,JUN,ELK1,exactly one gene observed,CPA,top_DE_Pearson,0.4141928652927216,2
JUN+ELK1,JUN,ELK1,exactly one gene observed,AttentionPert,top_DE_Pearson,0.6002148116992788,2
JUN+ELK1,JUN,ELK1,exactly one gene observed,mean,top_DE_Pearson,0.5343040301544244,2
JUN+ELK1,JUN,ELK1,exactly one gene observed,OpPert,top_DE_Pearson,0.48970600227047956,3
JUN+ELK1,JUN,ELK1,exactly one gene observed,additive,top_DE_Pearson,0.41790506259271815,3
JUN+ELK1,JUN,ELK1,exactly one gene observed,linear,top_DE_Pearson,0.49049333305643056,3
JUN+ELK1,JUN,ELK1,exactly one gene observed,GEARS,top_DE_Pearson,0.6037218586643356,3
JUN+ELK1,JUN,ELK1,exactly one gene observed,CPA,top_DE_Pearson,0.42078857529430574,3
JUN+ELK1,JUN,ELK1,exactly one gene observed,AttentionPert,top_DE_Pearson,0.4752833292434734,3
JUN+ELK1,JUN,ELK1,exactly one gene observed,mean,top_DE_Pearson,0.4066402545637046,3
JUN+ELK1,JUN,ELK1,exactly one gene observed,OpPert,top_DE_Pearson,0.5860859644679972,4
JUN+ELK1,JUN,ELK1,exactly one gene observed,additive,top_DE_Pearson,0.41743063572619404,4
JUN+ELK1,JUN,ELK1,exactly one gene observed,linear,top_DE_Pearson,0.4619706221290375,4
JUN+ELK1,JUN,ELK1,exactly one gene observed,GEARS,top_DE_Pearson,0.4175062514978011,4
JUN+ELK1,JUN,ELK1,exactly one gene observed,CPA,top_DE_Pearson,0.4657095753615201,4
JUN+ELK1,JUN,ELK1,exactly one gene observed,AttentionPert,top_DE_Pearson,0.4740167505994627,4
JUN+ELK1,JUN,ELK1,exactly one gene observed,mean,top_DE_Pearson,0.3739301933775753,4
FOXA1+MAPK1,FOXA1,MAPK1,exactly one gene observed,OpPert,top_DE_Pearson,0.6207629490691897,0
FOXA1+MAPK1,FOXA1,MAPK1,exactly one gene observed,additive,top_DE_Pearson,0.44932575966010796,0
FOXA1+MAPK1,FOXA1,MAPK1,exactly one gene observed,linear,top_DE_Pearson,0.4911053845039522,0
FOXA1+MAPK1,FOXA1,MAPK1,exactly one gene observed,GEARS,top_DE_Pearson,0.503189320854672,0
FOXA1+MAPK1,FOXA1,MAPK1,exactly one gene observed,CPA,top_DE_Pearson,0.48000506358548484,0
FOXA1+MAPK1,FOXA1,MAPK1,exactly one gene observed,AttentionPert,top_DE_Pearson,0.44670651798742916,0
FOXA1+MAPK1,FOXA1,MAPK1,exactly one gene observed,mean,top_DE_Pearson,0.37898965570039844,0
FOXA1+MAPK1,FOXA1,MAPK1,exactly one gene observed,OpPert,top_DE_Pearson,0.5541628040951907,1
FOXA1+MAPK1,FOXA1,MAPK1,exactly one gene observed,additive,top_DE_Pearson,0.5655900985358358,1
FOXA1+MAPK1,FOXA1,MAPK1,exactly one gene observed,linear,top_DE_Pearson,0.5644012941485145,1
FOXA1+MAPK1,FOXA1,MAPK1,exactly one gene observed,GEARS,top_DE_Pearson,0.5231507931533901,1
FOXA1+MAPK1,FOXA1,MAPK1,exactly one gene observed,CPA,top_DE_Pearson,0.43421656741831394,1
FOXA1+MAPK1,FOXA1,MAPK1,exactly one gene observed,AttentionPert,top_DE_Pearson,0.42325531168099495,1
FOXA1+MAPK1,FOXA1,MAPK1,exactly one gene observed,mean,top_DE_Pearson,0.4314685771853319,1
FOXA1+MAPK1,FOXA1,MAPK1,exactly one gene observed,OpPert,top_DE_Pearson,0.5757649535088284,2
FOXA1+MAPK1,FOXA1,MAPK1,exactly one gene observed,additive,top_DE_Pearson,0.4688086042034966,2
FOXA1+MAPK1,FOXA1,MAPK1,exactly one gene observed,linear,top_DE_Pearson,0.3653248407815484,2
FOXA1+MAPK1,FOXA1,MAPK1,exactly one gene observed,GEARS,top_DE_Pearson,0.5556463088934909,2
FOXA1+MAPK1,FOXA1,MAPK1,exactly one gene observed,CPA,top_DE_Pearson,0.5072652202928618,2
FOXA1+MAPK1,FOXA1,MAPK1,exactly one gene observed,AttentionPert,top_DE_Pearson,0.4233741589351313,2
FOXA1+MAPK1,FOXA1,MAPK1,exactly one gene observed,mean,top_DE_Pearson,0.33170851155300307,2
FOXA1+MAPK1,FOXA1,MAPK1,exactly one gene observed,OpPert,top_DE_Pearson,0.5758230322613912,3
FOXA1+MAPK1,FOXA1,MAPK1,exactly one gene observed,additive,top_DE_Pearson,0.4431480079013746,3
FOXA1+MAPK1,FOXA1,MAPK1,exactly one gene observed,linear,top_DE_Pearson,0.45246972885178666,3
FOXA1+MAPK1,FOXA1,MAPK1,exactly one gene observed,GEARS,top_DE_Pearson,0.49379070391604235,3
FOXA1+MAPK1,FOXA1,MAPK1,exactly one gene observed,CPA,top_DE_Pearson,0.46488135730758684,3
FOXA1+MAPK1,FOXA1,MAPK1,exactly one gene observed,AttentionPert,top_DE_Pearson,0.4991537507261481,3
FOXA1+MAPK1,FOXA1,MAPK1,exactly one gene observed,mean,top_DE_Pearson,0.4482895183795894,3
FOXA1+MAPK1,FOXA1,MAPK1,exactly one gene observed,OpPert,top_DE_Pearson,0.4060004935441222,4
FOXA1+MAPK1,FOXA1,MAPK1,exactly one gene observed,additive,top_DE_Pearson,0.42578898412941896,4
FOXA1+MAPK1,FOXA1,MAPK1,exactly one gene observed,linear,top_DE_Pearson,0.4805907452823468,4
FOXA1+MAPK1,FOXA1,MAPK1,exactly one gene observed,GEARS,top_DE_Pearson,0.5177596393812259,4
FOXA1+MAPK1,FOXA1,MAPK1,exactly one gene observed,CPA,top_DE_Pearson,0.45768512512072257,4
FOXA1+MAPK1,FOXA1,MAPK1,exactly one gene observed,AttentionPert,top_DE_Pearson,0.384596693051285,4
FOXA1+MAPK1,FOXA1,MAPK1,exactly one gene observed,mean,top_DE_Pearson,0.3796797290228466,4
CDKN1A+FOS,CDKN1A,FOS,exactly one gene observed,OpPert,top_DE_Pearson,0.5402884866126264,0
CDKN1A+FOS,CDKN1A,FOS,exactly one gene observed,additive,top_DE_Pearson,0.43632053925026915,0
CDKN1A+FOS,CDKN1A,FOS,exactly one gene observed,linear,top_DE_Pearson,0.40682608935776304,0
CDKN1A+FOS,CDKN1A,FOS,exactly one gene observed,GEARS,top_DE_Pearson,0.4799326296586474,0
CDKN1A+FOS,CDKN1A,FOS,exactly one gene observed,CPA,top_DE_Pearson,0.5580026756819375,0
CDKN1A+FOS,CDKN1A,FOS,exactly one gene observed,AttentionPert,top_DE_Pearson,0.5249593145192624,0
CDKN1A+FOS,CDKN1A,FOS,exactly one gene observed,mean,top_DE_Pearson,0.4639386963245966,0
CDKN1A+FOS,CDKN1A,FOS,exactly one gene observed,OpPert,top_DE_Pearson,0.6306447133386617,1
CDKN1A+FOS,CDKN1A,FOS,exactly one gene observed,additive,top_DE_Pearson,0.46634520073577457,1
CDKN1A+FOS,CDKN1A,FOS,exactly one gene observed,linear,top_DE_Pearson,0.5746360715700675,1
CDKN1A+FOS,CDKN1A,FOS,exactly one gene observed,GEARS,top_DE_Pearson,0.5263395895242979,1
CDKN1A+FOS,CDKN1A,FOS,exactly one gene observed,CPA,top_DE_Pearson,0.5296792906078235,1
CDKN1A+FOS,CDKN1A,FOS,exactly one gene observed,AttentionPert,top_DE_Pearson,0.4722057427879175,1
CDKN1A+FOS,CDKN1A,FOS,exactly one gene observed,mean,top_DE_Pearson,0.36399274895155226,1
CDKN1A+FOS,CDKN1A,FOS,exactly one gene observed,OpPert,top_DE_Pearson,0.5181545706019834,2
CDKN1A+FOS,CDKN1A,FOS,exactly one gene observed,additive,top_DE_Pearson,0.49937503607569117,2
CDKN1A+FOS,CDKN1A,FOS,exactly one gene observed,linear,top_DE_Pearson,0.39930178261310806,2
CDKN1A+FOS,CDKN1A,FOS,exactly one gene observed,GEARS,top_DE_Pearson,0.5469410205450597,2
CDKN1A+FOS,CDKN1A,FOS,exactly one gene observed,CPA,top_DE_Pearson,0.46856093654969044,2
CDKN1A+FOS,CDKN1A,FOS,exactly one gene observed,AttentionPert,top_DE_Pearson,0.5602748256080392,2
CDKN1A+FOS,CDKN1A,FOS,exactly one gene observed,mean,top_DE_Pearson,0.40505213932387557,2
CDKN1A+FOS,CDKN1A,FOS,exactly one gene observed,OpPert,top_DE_Pearson,0.6692387694588081,3
CDKN1A+FOS,CDKN1A,FOS,exactly one gene observed,additive,top_DE_Pearson,0.4838464814683187,3
CDKN1A+FOS,CDKN1A,FOS,exactly one gene observed,linear,top_DE_Pearson,0.37567758466080553,3
CDKN1A+FOS,CDKN1A,FOS,exactly one gene observed,GEARS,top_DE_Pearson,0.49598280962610797,3
CDKN1A+FOS,CDKN1A,FOS,exactly one gene observed,CPA,top_DE_Pearson,0.409679568444311,3
CDKN1A+FOS,CDKN1A,FOS,exactly one gene observed,AttentionPert,top_DE_Pearson,0.4589032094580235,3
CDKN1A+FOS,CDKN1A,FOS,exactly one gene observed,mean,top_DE_Pearson,0.4506737059966033,3
CDKN1A+FOS,CDKN1A,FOS,exactly one gene observed,OpPert,top_DE_Pearson,0.5982520286538618,4
CDKN1A+FOS,CDKN1A,FOS,exactly one gene observed,additive,top_DE_Pearson,0.39806417428527524,4
CDKN1A+FOS,CDKN1A,FOS,exactly one gene observed,linear,top_DE_Pearson,0.40917695801357606,4
CDKN1A+FOS,CDKN1A,FOS,exactly one gene observed,GEARS,top_DE_Pearson,0.5019669255725756,4
CDKN1A+FOS,CDKN1A,FOS,exactly one gene observed,CPA,top_DE_Pearson,0.4070063910371323,4
CDKN1A+FOS,CDKN1A,FOS,exactly one gene observed,AttentionPert,top_DE_Pearson,0.4497315833562051,4
CDKN1A+FOS,CDKN1A,FOS,exactly one gene observed,mean,top_DE_Pearson,0.3787205682930746,4
SPI1+CEBPE,SPI1,CEBPE,exactly one gene observed,OpPert,top_DE_Pearson,0.42252262948411407,0
SPI1+CEBPE,SPI1,CEBPE,exactly one gene observed,additive,top_DE_Pearson,0.4582620037418156,0
SPI1+CEBPE,SPI1,CEBPE,exactly one gene observed,linear,top_DE_Pearson,0.47432201439395466,0
SPI1+CEBPE,SPI1,CEBPE,exactly one gene observed,GEARS,top_DE_Pearson,0.5248334171223615,0
SPI1+CEBPE,SPI1,CEBPE,exactly one gene observed,CPA,top_DE_Pearson,0.5769725808990724,0
SPI1+CEBPE,SPI1,CEBPE,exactly one gene observed,AttentionPert,top_DE_Pearson,0.36620570339171543,0
SPI1+CEBPE,SPI1,CEBPE,exactly one gene observed,mean,top_DE_Pearson,0.32453379448853364,0
SPI1+CEBPE,SPI1,CEBPE,exactly one gene observed,OpPert,top_DE_Pearson,0.5954543793676014,1
SPI1+CEBPE,SPI1,CEBPE,exactly one gene observed,additive,top_DE_Pearson,0.34510433603276347,1
SPI1+CEBPE,SPI1,CEBPE,exactly one gene observed,linear,top_DE_Pearson,0.5585569428832104,1
SPI1+CEBPE,SPI1,CEBPE,exactly one gene observed,GEARS,top_DE_Pearson,0.5221013967620395,1
SPI1+CEBPE,SPI1,CEBPE,exactly one gene observed,CPA,top_DE_Pearson,0.5307950391506042,1
SPI1+CEBPE,SPI1,CEBPE,exactly one gene observed,AttentionPert,top_DE_Pearson,0.4557433803086923,1
SPI1+CEBPE,SPI1,CEBPE,exactly one gene observed,mean,top_DE_Pearson,0.40882582139797263,1
SPI1+CEBPE,SPI1,CEBPE,exactly one gene observed,OpPert,top_DE_Pearson,0.6241082933593424,2
SPI1+CEBPE,SPI1,CEBPE,exactly one gene observed,additive,top_DE_Pearson,0.4539726812082301,2
SPI1+CEBPE,SPI1,CEBPE,exactly one gene observed,linear,top_DE_Pearson,0.4840640535619217,2
SPI1+CEBPE,SPI1,CEBPE,exactly one gene observed,GEARS,top_DE_Pearson,0.5162205943569036,2
SPI1+CEBPE,SPI1,CEBPE,exactly one gene observed,CPA,top_DE_Pearson,0.42819928411563707,2
SPI1+CEBPE,SPI1,CEBPE,exactly one gene observed,AttentionPert,top_DE_Pearson,0.48114827918557884,2
SPI1+CEBPE,SPI1,CEBPE,exactly one gene observed,mean,top_DE_Pearson,0.3508486480528585,2
SPI1+CEBPE,SPI1,CEBPE,exactly one gene observed,OpPert,top_DE_Pearson,0.5830036318612097,3
SPI1+CEBPE,SPI1,CEBPE,exactly one gene observed,additive,top_DE_Pearson,0.49998945481461765,3
SPI1+CEBPE,SPI1,CEBPE,exactly one gene observed,linear,top_DE_Pearson,0.40648783508129543,3
SPI1+CEBPE,SPI1,CEBPE,exactly one gene observed,GEARS,top_DE_Pearson,0.49249945818082536,3
SPI1+CEBPE,SPI1,CEBPE,exactly one gene observed,CPA,top_DE_Pearson,0.5688873328595384,3
SPI1+CEBPE,SPI1,CEBPE,exactly one gene observed,AttentionPert,top_DE_Pearson,0.44538470627124616,3
SPI1+CEBPE,SPI1,CEBPE,exactly one gene observed,mean,top_DE_Pearson,0.31066499896258076,3
SPI1+CEBPE,SPI1,CEBPE,exactly one gene observed,OpPert,top_DE_Pearson,0.5721383715098717,4
SPI1+CEBPE,SPI1,CEBPE,exactly one gene observed,additive,top_DE_Pearson,0.4906631114291192,4
SPI1+CEBPE,SPI1,CEBPE,exactly one gene observed,linear,top_DE_Pearson,0.47068556333363953,4
SPI1+CEBPE,SPI1,CEBPE,exactly one gene observed,GEARS,top_DE_Pearson,0.5797376354262194,4
SPI1+CEBPE,SPI1,CEBPE,exactly one gene observed,CPA,top_DE_Pearson,0.5314076389539916,4
SPI1+CEBPE,SPI1,CEBPE,exactly one gene observed,AttentionPert,top_DE_Pearson,0.5405092040134037,4
SPI1+CEBPE,SPI1,CEBPE,exactly one gene observed,mean,top_DE_Pearson,0.3932469900794456,4
CDKN1A+MAPK1,CDKN1A,MAPK1,neither gene observed,OpPert,top_DE_Pearson,0.5562552616910285,0
CDKN1A+MAPK1,CDKN1A,MAPK1,neither gene observed,additive,top_DE_Pearson,0.3125380341425905,0
CDKN1A+MAPK1,CDKN1A,MAPK1,neither gene observed,linear,top_DE_Pearson,0.37647282666058196,0
CDKN1A+MAPK1,CDKN1A,MAPK1,neither gene observed,GEARS,top_DE_Pearson,0.4785730410916316,0
CDKN1A+MAPK1,CDKN1A,MAPK1,neither gene observed,CPA,top_DE_Pearson,0.28386442753646446,0
CDKN1A+MAPK1,CDKN1A,MAPK1,neither gene observed,AttentionPert,top_DE_Pearson,0.31490116715363164,0
CDKN1A+MAPK1,CDKN1A,MAPK1,neither gene observed,mean,top_DE_Pearson,0.16392332377286878,0
CDKN1A+MAPK1,CDKN1A,MAPK1,neither gene observed,OpPert,top_DE_Pearson,0.4123518225984746,1
CDKN1A+MAPK1,CDKN1A,MAPK1,neither gene observed,additive,top_DE_Pearson,0.36637819636101965,1
CDKN1A+MAPK1,CDKN1A,MAPK1,neither gene observed,linear,top_DE_Pearson,0.4014512705687663,1
CDKN1A+MAPK1,CDKN1A,MAPK1,neither gene observed,GEARS,top_DE_Pearson,0.4165764507597132,1
CDKN1A+MAPK1,CDKN1A,MAPK1,neither gene observed,CPA,top_DE_Pearson,0.29523404696645805,1
CDKN1A+MAPK1,CDKN1A,MAPK1,neither gene observed,AttentionPert,top_DE_Pearson,0.2513937938020414,1
CDKN1A+MAPK1,CDKN1A,MAPK1,neither gene observed,mean,top_DE_Pearson,0.26326121512342293,1
CDKN1A+MAPK1,CDKN1A,MAPK1,neither gene observed,OpPert,top_DE_Pearson,0.4316934379816999,2
CDKN1A+MAPK1,CDKN1A,MAPK1,neither gene observed,additive,top_DE_Pearson,0.36756314630299675,2
CDKN1A+MAPK1,CDKN1A,MAPK1,neither gene observed,linear,top_DE_Pearson,0.4121172175732762,2
CDKN1A+MAPK1,CDKN1A,MAPK1,neither gene observed,GEARS,top_DE_Pearson,0.4082944859235209,2
CDKN1A+MAPK1,CDKN1A,MAPK1,neither gene observed,CPA,top_DE_Pearson,0.4256079851225512,2
CDKN1A+MAPK1,CDKN1A,MAPK1,neither gene observed,AttentionPert,top_DE_Pearson,0.4037526824469041,2
CDKN1A+MAPK1,CDKN1A,MAPK1,neither gene observed,mean,top_DE_Pearson,0.291803882336088,2
CDKN1A+MAPK1,CDKN1A,MAPK1,neither gene observed,OpPert,top_DE_Pearson,0.4177196042278071,3
CDKN1A+MAPK1,CDKN1A,MAPK1,neither gene observed,additive,top_DE_Pearson,0.3292233151701125,3
CDKN1A+MAPK1,CDKN1A,MAPK1,neither gene observed,linear,top_DE_Pearson,0.3818065657994174,3
CDKN1A+MAPK1,CDKN1A,MAPK1,neither gene observed,GEARS,top_DE_Pearson,0.4492317085250451,3
CDKN1A+MAPK1,CDKN1A,MAPK1,neither gene observed,CPA,top_DE_Pearson,0.3563755296665257,3
CDKN1A+MAPK1,CDKN1A,MAPK1,neither gene observed,AttentionPert,top_DE_Pearson,0.42127003534392676,3
CDKN1A+MAPK1,CDKN1A,MAPK1,neither gene observed,mean,top_DE_Pearson,0.24404967248507728,3
CDKN1A+MAPK1,CDKN1A,MAPK1,neither gene observed,OpPert,top_DE_Pearson,0.4529474699603122,4
CDKN1A+MAPK1,CDKN1A,MAPK1,neither gene observed,additive,top_DE_Pearson,0.3897711425214444,4
CDKN1A+MAPK1,CDKN1A,MAPK1,neither gene observed,linear,top_DE_Pearson,0.25041637773675063,4
CDKN1A+MAPK1,CDKN1A,MAPK1,neither gene observed,GEARS,top_DE_Pearson,0.32221166031551435,4
CDKN1A+MAPK1,CDKN1A,MAPK1,neither gene observed,CPA,top_DE_Pearson,0.29106887615343074,4
CDKN1A+MAPK1,CDKN1A,MAPK1,neither gene observed,AttentionPert,top_DE_Pearson,0.24998303280910172,4
CDKN1A+MAPK1,CDKN1A,MAPK1,neither gene observed,mean,top_DE_Pearson,0.2193041335906894,4
KLF1+ELK1,KLF1,ELK1,"both genes observed, pair held out",OpPert,top_DE_Pearson,0.6718674049165111,0
KLF1+ELK1,KLF1,ELK1,"both genes observed, pair held out",additive,top_DE_Pearson,0.6053530498026476,0
KLF1+ELK1,KLF1,ELK1,"both genes observed, pair held out",linear,top_DE_Pearson,0.6496611679360614,0
KLF1+ELK1,KLF1,ELK1,"both genes observed, pair held out",GEARS,top_DE_Pearson,0.5958517239164316,0
KLF1+ELK1,KLF1,ELK1,"both genes observed, pair held out",CPA,top_DE_Pearson,0.6612151533741638,0
KLF1+ELK1,KLF1,ELK1,"both genes observed, pair held out",AttentionPert,top_DE_Pearson,0.5955275995060465,0
KLF1+ELK1,KLF1,ELK1,"both genes observed, pair held out",mean,top_DE_Pearson,0.4097561065703522,0
KLF1+ELK1,KLF1,ELK1,"both genes observed, pair held out",OpPert,top_DE_Pearson,0.6243359788680758,1
KLF1+ELK1,KLF1,ELK1,"both genes observed, pair held out",additive,top_DE_Pearson,0.45116780924609906,1
KLF1+ELK1,KLF1,ELK1,"both genes observed, pair held out",linear,top_DE_Pearson,0.5167119687759808,1
KLF1+ELK1,KLF1,ELK1,"both genes observed, pair held out",GEARS,top_DE_Pearson,0.5785189987155342,1
KLF1+ELK1,KLF1,ELK1,"both genes observed, pair held out",CPA,top_DE_Pearson,0.6282151011627161,1
KLF1+ELK1,KLF1,ELK1,"both genes observed, pair held out",AttentionPert,top_DE_Pearson,0.693246189869959,1
KLF1+ELK1,KLF1,ELK1,"both genes observed, pair held out",mean,top_DE_Pearson,0.37706910907737756,1
KLF1+ELK1,KLF1,ELK1,"both genes observed, pair held out",OpPert,top_DE_Pearson,0.6835696480955951,2
KLF1+ELK1,KLF1,ELK1,"both genes observed, pair held out",additive,top_DE_Pearson,0.47756736365054797,2
KLF1+ELK1,KLF1,ELK1,"both genes observed, pair held out",linear,top_DE_Pearson,0.598481825307792,2
KLF1+ELK1,KLF1,ELK1,"both genes observed, pair held out",GEARS,top_DE_Pearson,0.5921348009587364,2
KLF1+ELK1,KLF1,ELK1,"both genes observed, pair held out",CPA,top_DE_Pearson,0.47014565044914813,2
KLF1+ELK1,KLF1,ELK1,"both genes observed, pair held out",AttentionPert,top_DE_Pearson,0.645697819494109,2
KLF1+ELK1,KLF1,ELK1,"both genes observed, pair held out",mean,top_DE_Pearson,0.42369995723147613,2
KLF1+ELK1,KLF1,ELK1,"both genes observed, pair held out",OpPert,top_DE_Pearson,0.6279659856975867,3
KLF1+ELK1,KLF1,ELK1,"both genes observed, pair held out",additive,top_DE_Pearson,0.47581485532261864,3
KLF1+ELK1,KLF1,ELK1,"both genes observed, pair held out",linear,top_DE_Pearson,0.5307430033987466,3
KLF1+ELK1,KLF1,ELK1,"both genes observed, pair held out",GEARS,top_DE_Pearson,0.625673426441695,3
KLF1+ELK1,KLF1,ELK1,"both genes observed, pair held out",CPA,top_DE_Pearson,0.5686453395438156,3
KLF1+ELK1,KLF1,ELK1,"both genes observed, pair held out",AttentionPert,top_DE_Pearson,0.6097197201369489,3
KLF1+ELK1,KLF1,ELK1,"both genes observed, pair held out",mean,top_DE_Pearson,0.4817153112357306,3
KLF1+ELK1,KLF1,ELK1,"both genes observed, pair held out",OpPert,top_DE_Pearson,0.73923969933169,4
KLF1+ELK1,KLF1,ELK1,"both genes observed, pair held out",additive,top_DE_Pearson,0.5194328309481373,4
KLF1+ELK1,KLF1,ELK1,"both genes observed, pair held out",linear,top_DE_Pearson,0.48138853098925605,4
KLF1+ELK1,KLF1,ELK1,"both genes observed, pair held out",GEARS,top_DE_Pearson,0.664033344994319,4
KLF1+ELK1,KLF1,ELK1,"both genes observed, pair held out",CPA,top_DE_Pearson,0.5601107096741647,4
KLF1+ELK1,KLF1,ELK1,"both genes observed, pair held out",AttentionPert,top_DE_Pearson,0.6568755466746425,4
KLF1+ELK1,KLF1,ELK1,"both genes observed, pair held out",mean,top_DE_Pearson,0.4830026267909482,4
JUN+FOS,JUN,FOS,exactly one gene observed,OpPert,top_DE_Pearson,0.6846188317432252,0
JUN+FOS,JUN,FOS,exactly one gene observed,additive,top_DE_Pearson,0.44416286810796674,0
JUN+FOS,JUN,FOS,exactly one gene observed,linear,top_DE_Pearson,0.47961143559902447,0
JUN+FOS,JUN,FOS,exactly one gene observed,GEARS,top_DE_Pearson,0.5645744094479831,0
JUN+FOS,JUN,FOS,exactly one gene observed,CPA,top_DE_Pearson,0.42926033803395913,0
JUN+FOS,JUN,FOS,exactly one gene observed,AttentionPert,top_DE_Pearson,0.5099842223570953,0
JUN+FOS,JUN,FOS,exactly one gene observed,mean,top_DE_Pearson,0.3584482291227686,0
JUN+FOS,JUN,FOS,exactly one gene observed,OpPert,top_DE_Pearson,0.5788344926874532,1
JUN+FOS,JUN,FOS,exactly one gene observed,additive,top_DE_Pearson,0.3899978716430357,1
JUN+FOS,JUN,FOS,exactly one gene observed,linear,top_DE_Pearson,0.37462595040146185,1
JUN+FOS,JUN,FOS,exactly one gene observed,GEARS,top_DE_Pearson,0.3756209938405225,1
JUN+FOS,JUN,FOS,exactly one gene observed,CPA,top_DE_Pearson,0.41295695322062353,1
JUN+FOS,JUN,FOS,exactly one gene observed,AttentionPert,top_DE_Pearson,0.46247948290364,1
JUN+FOS,JUN,FOS,exactly one gene observed,mean,top_DE_Pearson,0.34240850480107426,1
JUN+FOS,JUN,FOS,exactly one gene observed,OpPert,top_DE_Pearson,0.676233869745771,2
JUN+FOS,JUN,FOS,exactly one gene observed,additive,top_DE_Pearson,0.5063596021944379,2
JUN+FOS,JUN,FOS,exactly one gene observed,linear,top_DE_Pearson,0.41227453301950234,2
JUN+FOS,JUN,FOS,exactly one gene observed,GEARS,top_DE_Pearson,0.5208625071470574,2
JUN+FOS,JUN,FOS,exactly one gene observed,CPA,top_DE_Pearson,0.4555753058189805,2
JUN+FOS,JUN,FOS,exactly one gene observed,AttentionPert,top_DE_Pearson,0.4729381697175943,2
JUN+FOS,JUN,FOS,exactly one gene observed,mean,top_DE_Pearson,0.3711195389649229,2
JUN+FOS,JUN,FOS,exactly one gene observed,OpPert,top_DE_Pearson,0.5971502670185237,3
JUN+FOS,JUN,FOS,exactly one gene observed,additive,top_DE_Pearson,0.4196444909669591,3
JUN+FOS,JUN,FOS,exactly one gene observed,linear,top_DE_Pearson,0.5338310919640614,3
JUN+FOS,JUN,FOS,exactly one gene observed,GEARS,top_DE_Pearson,0.4314837064314557,3
JUN+FOS,JUN,FOS,exactly one gene observed,CPA,top_DE_Pearson,0.4803803437417361,3
JUN+FOS,JUN,FOS,exactly one gene observed,AttentionPert,top_DE_Pearson,0.6458604235957499,3
JUN+FOS,JUN,FOS,exactly one gene observed,mean,top_DE_Pearson,0.3733847845575165,3
JUN+FOS,JUN,FOS,exactly one gene observed,OpPert,top_DE_Pearson,0.6459928703963704,4
JUN+FOS,JUN,FOS,exactly one gene observed,additive,top_DE_Pearson,0.4454912106903925,4
JUN+FOS,JUN,FOS,exactly one gene observed,linear,top_DE_Pearson,0.5048466257197878,4
JUN+FOS,JUN,FOS,exactly one gene observed,GEARS,top_DE_Pearson,0.4965930083364385,4
JUN+FOS,JUN,FOS,exactly one gene observed,CPA,top_DE_Pearson,0.46977554513014774,4
JUN+FOS,JUN,FOS,exactly one gene observed,AttentionPert,top_DE_Pearson,0.4432310561964748,4
JUN+FOS,JUN,FOS,exactly one gene observed,mean,top_DE_Pearson,0.3858180815374532,4
SPI1+FOS,SPI1,FOS,exactly one gene observed,OpPert,top_DE_Pearson,0.5967491546330039,0
SPI1+FOS,SPI1,FOS,exactly one gene observed,additive,top_DE_Pearson,0.47993511417880574,0
SPI1+FOS,SPI1,FOS,exactly one gene observed,linear,top_DE_Pearson,0.5351172202667546,0
SPI1+FOS,SPI1,FOS,exactly one gene observed,GEARS,top_DE_Pearson,0.5219918844342338,0
SPI1+FOS,SPI1,FOS,exactly one gene observed,CPA,top_DE_Pearson,0.46282507598665845,0
SPI1+FOS,SPI1,FOS,exactly one gene observed,AttentionPert,top_DE_Pearson,0.5172379347585218,0
SPI1+FOS,SPI1,FOS,exactly one gene observed,mean,top_DE_Pearson,0.3414796166672152,0
SPI1+FOS,SPI1,FOS,exactly one gene observed,OpPert,top_DE_Pearson,0.616132827527909,1
SPI1+FOS,SPI1,FOS,exactly one gene observed,additive,top_DE_Pearson,0.3301156349470926,1
SPI1+FOS,SPI1,FOS,exactly one gene observed,linear,top_DE_Pearson,0.4498635579128812,1
SPI1+FOS,SPI1,FOS,exactly one gene observed,GEARS,top_DE_Pearson,0.38055128029256013,1
SPI1+FOS,SPI1,FOS,exactly one gene observed,CPA,top_DE_Pearson,0.39029635018636766,1
SPI1+FOS,SPI1,FOS,exactly one gene observed,AttentionPert,top_DE_Pearson,0.5718317337888346,1
SPI1+FOS,SPI1,FOS,exactly one gene observed,mean,top_DE_Pearson,0.41371109891830116,1
SPI1+FOS,SPI1,FOS,exactly one gene observed,OpPert,top_DE_Pearson,0.5168311860029127,2
SPI1+FOS,SPI1,FOS,exactly one gene observed,additive,top_DE_Pearson,0.3498497926375462,2
SPI1+FOS,SPI1,FOS,exactly one gene observed,linear,top_DE_Pearson,0.2921282697295009,2
SPI1+FOS,SPI1,FOS,exactly one gene observed,GEARS,top_DE_Pearson,0.46739026952404195,2
SPI1+FOS,SPI1,FOS,exactly one gene observed,CPA,top_DE_Pearson,0.6252249007348442,2
SPI1+FOS,SPI1,FOS,exactly one gene observed,AttentionPert,top_DE_Pearson,0.5160930562878189,2
SPI1+FOS,SPI1,FOS,exactly one gene observed,mean,top_DE_Pearson,0.3264256628370306,2
SPI1+FOS,SPI1,FOS,exactly one gene observed,OpPert,top_DE_Pearson,0.5879048125700185,3
SPI1+FOS,SPI1,FOS,exactly one gene observed,additive,top_DE_Pearson,0.3463424988203334,3
SPI1+FOS,SPI1,FOS,exactly one gene observed,linear,top_DE_Pearson,0.45216059823814186,3
SPI1+FOS,SPI1,FOS,exactly one gene observed,GEARS,top_DE_Pearson,0.5059686483809444,3
SPI1+FOS,SPI1,FOS,exactly one gene observed,CPA,top_DE_Pearson,0.4748339608907371,3
SPI1+FOS,SPI1,FOS,exactly one gene observed,AttentionPert,top_DE_Pearson,0.5374483673014048,3
SPI1+FOS,SPI1,FOS,exactly one gene observed,mean,top_DE_Pearson,0.3806787135741631,3
SPI1+FOS,SPI1,FOS,exactly one gene observed,OpPert,top_DE_Pearson,0.6000995610864799,4
SPI1+FOS,SPI1,FOS,exactly one gene observed,additive,top_DE_Pearson,0.39869766306615445,4
SPI1+FOS,SPI1,FOS,exactly one gene observed,linear,top_DE_Pearson,0.5238689245046328,4
SPI1+FOS,SPI1,FOS,exactly one gene observed,GEARS,top_DE_Pearson,0.5977362168574395,4
SPI1+FOS,SPI1,FOS,exactly one gene observed,CPA,top_DE_Pearson,0.42179102882091524,4
SPI1+FOS,SPI1,FOS,exactly one gene observed,AttentionPert,top_DE_Pearson,0.4367382606571264,4
SPI1+FOS,SPI1,FOS,exactly one gene observed,mean,top_DE_Pearson,0.44014706017921396,4
KLF1+CEBPE,KLF1,CEBPE,exactly one gene observed,OpPert,top_DE_Pearson,0.6473027345762428,0
KLF1+CEBPE,KLF1,CEBPE,exactly one gene observed,additive,top_DE_Pearson,0.44788914900832716,0
KLF1+CEBPE,KLF1,CEBPE,exactly one gene observed,linear,top_DE_Pearson,0.4854937293993617,0
KLF1+CEBPE,KLF1,CEBPE,exactly one gene observed,GEARS,top_DE_Pearson,0.5938830813001943,0
KLF1+CEBPE,KLF1,CEBPE,exactly one gene observed,CPA,top_DE_Pearson,0.4582937713533497,0
KLF1+CEBPE,KLF1,CEBPE,exactly one gene observed,AttentionPert,top_DE_Pearson,0.4335326742445025,0
KLF1+CEBPE,KLF1,CEBPE,exactly one gene observed,mean,top_DE_Pearson,0.33308614751829874,0
KLF1+CEBPE,KLF1,CEBPE,exactly one gene observed,OpPert,top_DE_Pearson,0.5871400370385884,1
KLF1+CEBPE,KLF1,CEBPE,exactly one gene observed,additive,top_DE_Pearson,0.34605445566916915,1
KLF1+CEBPE,KLF1,CEBPE,exactly one gene observed,linear,top_DE_Pearson,0.5082482541590673,1
KLF1+CEBPE,KLF1,CEBPE,exactly one gene observed,GEARS,top_DE_Pearson,0.4676737209429354,1
KLF1+CEBPE,KLF1,CEBPE,exactly one gene observed,CPA,top_DE_Pearson,0.5488687596440138,1
KLF1+CEBPE,KLF1,CEBPE,exactly one gene observed,AttentionPert,top_DE_Pearson,0.3463443817059717,1
KLF1+CEBPE,KLF1,CEBPE,exactly one gene observed,mean,top_DE_Pearson,0.31280605349374985,1
KLF1+CEBPE,KLF1,CEBPE,exactly one gene observed,OpPert,top_DE_Pearson,0.45881191092595397,2
KLF1+CEBPE,KLF1,CEBPE,exactly one gene observed,additive,top_DE_Pearson,0.39042623201816284,2
KLF1+CEBPE,KLF1,CEBPE,exactly one gene observed,linear,top_DE_Pearson,0.48485995406653654,2
KLF1+CEBPE,KLF1,CEBPE,exactly one gene observed,GEARS,top_DE_Pearson,0.4892464024730147,2
KLF1+CEBPE,KLF1,CEBPE,exactly one gene observed,CPA,top_DE_Pearson,0.4647973458631191,2
KLF1+CEBPE,KLF1,CEBPE,exactly one gene observed,AttentionPert,top_DE_Pearson,0.48044890771719634,2
KLF1+CEBPE,KLF1,CEBPE,exactly one gene observed,mean,top_DE_Pearson,0.3722032944371966,2
KLF1+CEBPE,KLF1,CEBPE,exactly one gene observed,OpPert,top_DE_Pearson,0.4994878374834136,3
KLF1+CEBPE,KLF1,CEBPE,exactly one gene observed,additive,top_DE_Pearson,0.48241097845394304,3
KLF1+CEBPE,KLF1,CEBPE,exactly one gene observed,linear,top_DE_Pearson,0.509759958223129,3
KLF1+CEBPE,KLF1,CEBPE,exactly one gene observed,GEARS,top_DE_Pearson,0.523102276259366,3
KLF1+CEBPE,KLF1,CEBPE,exactly one gene observed,CPA,top_DE_Pearson,0.5133920065650758,3
KLF1+CEBPE,KLF1,CEBPE,exactly one gene observed,AttentionPert,top_DE_Pearson,0.5077850800485195,3
KLF1+CEBPE,KLF1,CEBPE,exactly one gene observed,mean,top_DE_Pearson,0.482104398163864,3
KLF1+CEBPE,KLF1,CEBPE,exactly one gene observed,OpPert,top_DE_Pearson,0.5547743497368495,4
KLF1+CEBPE,KLF1,CEBPE,exactly one gene observed,additive,top_DE_Pearson,0.4215750068999254,4
KLF1+CEBPE,KLF1,CEBPE,exactly one gene observed,linear,top_DE_Pearson,0.4247883451785573,4
KLF1+CEBPE,KLF1,CEBPE,exactly one gene observed,GEARS,top_DE_Pearson,0.4380642397653298,4
KLF1+CEBPE,KLF1,CEBPE,exactly one gene observed,CPA,top_DE_Pearson,0.40533169274393543,4
KLF1+CEBPE,KLF1,CEBPE,exactly one gene observed,AttentionPert,top_DE_Pearson,0.4366721612061449,4
KLF1+CEBPE,KLF1,CEBPE,exactly one gene observed,mean,top_DE_Pearson,0.35575917710087573,4
SPI1+STAT3,SPI1,STAT3,"both genes observed, pair held out",OpPert,top_DE_Pearson,0.6140678833542171,0
SPI1+STAT3,SPI1,STAT3,"both genes observed, pair held out",additive,top_DE_Pearson,0.5940110738411978,0
SPI1+STAT3,SPI1,STAT3,"both genes observed, pair held out",linear,top_DE_Pearson,0.6143647603380568,0
SPI1+STAT3,SPI1,STAT3,"both genes observed, pair held out",GEARS,top_DE_Pearson,0.590421101554679,0
SPI1+STAT3,SPI1,STAT3,"both genes observed, pair held out",CPA,top_DE_Pearson,0.5408250313201173,0
SPI1+STAT3,SPI1,STAT3,"both genes observed, pair held out",AttentionPert,top_DE_Pearson,0.6229056752497879,0
SPI1+STAT3,SPI1,STAT3,"both genes observed, pair held out",mean,top_DE_Pearson,0.47127841524916625,0
SPI1+STAT3,SPI1,STAT3,"both genes observed, pair held out",OpPert,top_DE_Pearson,0.573112364435097,1
SPI1+STAT3,SPI1,STAT3,"both genes observed, pair held out",additive,top_DE_Pearson,0.5359211846409357,1
SPI1+STAT3,SPI1,STAT3,"both genes observed, pair held out",linear,top_DE_Pearson,0.5857221487244628,1
SPI1+STAT3,SPI1,STAT3,"both genes observed, pair held out",GEARS,top_DE_Pearson,0.5460183128107348,1
SPI1+STAT3,SPI1,STAT3,"both genes observed, pair held out",CPA,top_DE_Pearson,0.5913906035702465,1
SPI1+STAT3,SPI1,STAT3,"both genes observed, pair held out",AttentionPert,top_DE_Pearson,0.5027106508845326,1
SPI1+STAT3,SPI1,STAT3,"both genes observed, pair held out",mean,top_DE_Pearson,0.5401711660007302,1
SPI1+STAT3,SPI1,STAT3,"both genes observed, pair held out",OpPert,top_DE_Pearson,0.7348769991035659,2
SPI1+STAT3,SPI1,STAT3,"both genes observed, pair held out",additive,top_DE_Pearson,0.5248489599418221,2
SPI1+STAT3,SPI1,STAT3,"both genes observed, pair held out",linear,top_DE_Pearson,0.5918072602703444,2
SPI1+STAT3,SPI1,STAT3,"both genes observed, pair held out",GEARS,top_DE_Pearson,0.45540468205200746,2
SPI1+STAT3,SPI1,STAT3,"both genes observed, pair held out",CPA,top_DE_Pearson,0.51061914038408,2
SPI1+STAT3,SPI1,STAT3,"both genes observed, pair held out",AttentionPert,top_DE_Pearson,0.5723732647908721,2
SPI1+STAT3,SPI1,STAT3,"both genes observed, pair held out",mean,top_DE_Pearson,0.3956720187143884,2
SPI1+STAT3,SPI1,STAT3,"both genes observed, pair held out",OpPert,top_DE_Pearson,0.7028637889578394,3
SPI1+STAT3,SPI1,STAT3,"both genes observed, pair held out",additive,top_DE_Pearson,0.6598377918448797,3
SPI1+STAT3,SPI1,STAT3,"both genes observed, pair held out",linear,top_DE_Pearson,0.4994031168342418,3
SPI1+STAT3,SPI1,STAT3,"both genes observed, pair held out",GEARS,top_DE_Pearson,0.5497521957548884,3
SPI1+STAT3,SPI1,STAT3,"both genes observed, pair held out",CPA,top_DE_Pearson,0.5941269020985958,3
SPI1+STAT3,SPI1,STAT3,"both genes observed, pair held out",AttentionPert,top_DE_Pearson,0.6866669689099772,3
SPI1+STAT3,SPI1,STAT3,"both genes observed, pair held out",mean,top_DE_Pearson,0.38665754124760576,3
SPI1+STAT3,SPI1,STAT3,"both genes observed, pair held out",OpPert,top_DE_Pearson,0.6749421673384164,4
SPI1+STAT3,SPI1,STAT3,"both genes observed, pair held out",additive,top_DE_Pearson,0.6492779310487866,4
SPI1+STAT3,SPI1,STAT3,"both genes observed, pair held out",linear,top_DE_Pearson,0.47089445110924394,4
SPI1+STAT3,SPI1,STAT3,"both genes observed, pair held out",GEARS,top_DE_Pearson,0.52313584758925,4
SPI1+STAT3,SPI1,STAT3,"both genes observed, pair held out",CPA,top_DE_Pearson,0.5545836036123497,4
SPI1+STAT3,SPI1,STAT3,"both genes observed, pair held out",AttentionPert,top_DE_Pearson,0.5587646952286753,4
SPI1+STAT3,SPI1,STAT3,"both genes observed, pair held out",mean,top_DE_Pearson,0.5087560772652187,4
JUN+FOXA1,JUN,FOXA1,exactly one gene observed,OpPert,top_DE_Pearson,0.5253476667586611,0
JUN+FOXA1,JUN,FOXA1,exactly one gene observed,additive,top_DE_Pearson,0.5164668330164743,0
JUN+FOXA1,JUN,FOXA1,exactly one gene observed,linear,top_DE_Pearson,0.4323447478137848,0
JUN+FOXA1,JUN,FOXA1,exactly one gene observed,GEARS,top_DE_Pearson,0.46180308301386586,0
JUN+FOXA1,JUN,FOXA1,exactly one gene observed,CPA,top_DE_Pearson,0.5124678966482719,0
JUN+FOXA1,JUN,FOXA1,exactly one gene observed,AttentionPert,top_DE_Pearson,0.5357755889402162,0
JUN+FOXA1,JUN,FOXA1,exactly one gene observed,mean,top_DE_Pearson,0.3868859618361722,0
JUN+FOXA1,JUN,FOXA1,exactly one gene observed,OpPert,top_DE_Pearson,0.45886416095691157,1
JUN+FOXA1,JUN,FOXA1,exactly one gene observed,additive,top_DE_Pearson,0.4722820663956951,1
JUN+FOXA1,JUN,FOXA1,exactly one gene observed,linear,top_DE_Pearson,0.40794151689953606,1
JUN+FOXA1,JUN,FOXA1,exactly one gene observed,GEARS,top_DE_Pearson,0.5141165666952958,1
JUN+FOXA1,JUN,FOXA1,exactly one gene observed,CPA,top_DE_Pearson,0.3945759338760564,1
JUN+FOXA1,JUN,FOXA1,exactly one gene observed,AttentionPert,top_DE_Pearson,0.5167793288525838,1
JUN+FOXA1,JUN,FOXA1,exactly one gene observed,mean,top_DE_Pearson,0.31160406574155763,1
JUN+FOXA1,JUN,FOXA1,exactly one gene observed,OpPert,top_DE_Pearson,0.48304192098436877,2
JUN+FOXA1,JUN,FOXA1,exactly one gene observed,additive,top_DE_Pearson,0.482829208188944,2
JUN+FOXA1,JUN,FOXA1,exactly one gene observed,linear,top_DE_Pearson,0.48449867130060503,2
JUN+FOXA1,JUN,FOXA1,exactly one gene observed,GEARS,top_DE_Pearson,0.4631613919164262,2
JUN+FOXA1,JUN,FOXA1,exactly one gene observed,CPA,top_DE_Pearson,0.5670707309412638,2
JUN+FOXA1,JUN,FOXA1,exactly one gene observed,AttentionPert,top_DE_Pearson,0.46356085470581543,2
JUN+FOXA1,JUN,FOXA1,exactly one gene observed,mean,top_DE_Pearson,0.36192646043825605,2
JUN+FOXA1,JUN,FOXA1,exactly one gene observed,OpPert,top_DE_Pearson,0.5761348068607162,3
JUN+FOXA1,JUN,FOXA1,exactly one gene observed,additive,top_DE_Pearson,0.4028200439522832,3
JUN+FOXA1,JUN,FOXA1,exactly one gene observed,linear,top_DE_Pearson,0.4982681776039957,3
JUN+FOXA1,JUN,FOXA1,exactly one gene observed,GEARS,top_DE_Pearson,0.4679928591701165,3
JUN+FOXA1,JUN,FOXA1,exactly one gene observed,CPA,top_DE_Pearson,0.4553017006670274,3
JUN+FOXA1,JUN,FOXA1,exactly one gene observed,AttentionPert,top_DE_Pearson,0.5717585583882004,3
JUN+FOXA1,JUN,FOXA1,exactly one gene observed,mean,top_DE_Pearson,0.297564836849254,3
JUN+FOXA1,JUN,FOXA1,exactly one gene observed,OpPert,top_DE_Pearson,0.4152331801442306,4
JUN+FOXA1,JUN,FOXA1,exactly one gene observed,additive,top_DE_Pearson,0.5366562197007136,4
JUN+FOXA1,JUN,FOXA1,exactly one gene observed,linear,top_DE_Pearson,0.6229596771564201,4
JUN+FOXA1,JUN,FOXA1,exactly one gene observed,GEARS,top_DE_Pearson,0.4756838440730401,4
JUN+FOXA1,JUN,FOXA1,exactly one gene observed,CPA,top_DE_Pearson,0.3637897175627889,4
JUN+FOXA1,JUN,FOXA1,exactly one gene observed,AttentionPert,top_DE_Pearson,0.47137096142824336,4
JUN+FOXA1,JUN,FOXA1,exactly one gene observed,mean,top_DE_Pearson,0.34282662300955985,4
MAPK1+FOS,MAPK1,FOS,neither gene observed,OpPert,top_DE_Pearson,0.4947736685485887,0
MAPK1+FOS,MAPK1,FOS,neither gene observed,additive,top_DE_Pearson,0.3714704425171652,0
MAPK1+FOS,MAPK1,FOS,neither gene observed,linear,top_DE_Pearson,0.2803356628108416,0
MAPK1+FOS,MAPK1,FOS,neither gene observed,GEARS,top_DE_Pearson,0.4419518039016933,0
MAPK1+FOS,MAPK1,FOS,neither gene observed,CPA,top_DE_Pearson,0.5031610989167534,0
MAPK1+FOS,MAPK1,FOS,neither gene observed,AttentionPert,top_DE_Pearson,0.4003176199462236,0
MAPK1+FOS,MAPK1,FOS,neither gene observed,mean,top_DE_Pearson,0.23976049027588964,0
MAPK1+FOS,MAPK1,FOS,neither gene observed,OpPert,top_DE_Pearson,0.45147980713554875,1
MAPK1+FOS,MAPK1,FOS,neither gene observed,additive,top_DE_Pearson,0.3769154060181137,1
MAPK1+FOS,MAPK1,FOS,neither gene observed,linear,top_DE_Pearson,0.2661597036695669,1
MAPK1+FOS,MAPK1,FOS,neither gene observed,GEARS,top_DE_Pearson,0.4098634421786382,1
MAPK1+FOS,MAPK1,FOS,neither gene observed,CPA,top_DE_Pearson,0.3565721630322314,1
MAPK1+FOS,MAPK1,FOS,neither gene observed,AttentionPert,top_DE_Pearson,0.5008695007773627,1
MAPK1+FOS,MAPK1,FOS,neither gene observed,mean,top_DE_Pearson,0.24954963597170254,1
MAPK1+FOS,MAPK1,FOS,neither gene observed,OpPert,top_DE_Pearson,0.5600732566671712,2
MAPK1+FOS,MAPK1,FOS,neither gene observed,additive,top_DE_Pearson,0.2737755581330796,2
MAPK1+FOS,MAPK1,FOS,neither gene observed,linear,top_DE_Pearson,0.4052355500081675,2
MAPK1+FOS,MAPK1,FOS,neither gene observed,GEARS,top_DE_Pearson,0.41916401582747376,2
MAPK1+FOS,MAPK1,FOS,neither gene observed,CPA,top_DE_Pearson,0.3278571651281131,2
MAPK1+FOS,MAPK1,FOS,neither gene observed,AttentionPert,top_DE_Pearson,0.40064376687821646,2
MAPK1+FOS,MAPK1,FOS,neither gene observed,mean,top_DE_Pearson,0.33275113020989605,2
MAPK1+FOS,MAPK1,FOS,neither gene observed,OpPert,top_DE_Pearson,0.440572497742804,3
MAPK1+FOS,MAPK1,FOS,neither gene observed,additive,top_DE_Pearson,0.23848224104981425,3
MAPK1+FOS,MAPK1,FOS,neither gene observed,linear,top_DE_Pearson,0.3689462304113532,3
MAPK1+FOS,MAPK1,FOS,neither gene observed,GEARS,top_DE_Pearson,0.34585461431244924,3
MAPK1+FOS,MAPK1,FOS,neither gene observed,CPA,top_DE_Pearson,0.3594595436801671,3
MAPK1+FOS,MAPK1,FOS,neither gene observed,AttentionPert,top_DE_Pearson,0.38510473381889276,3
MAPK1+FOS,MAPK1,FOS,neither gene observed,mean,top_DE_Pearson,0.15766086703906898,3
MAPK1+FOS,MAPK1,FOS,neither gene observed,OpPert,top_DE_Pearson,0.36306049964075937,4
MAPK1+FOS,MAPK1,FOS,neither gene observed,additive,top_DE_Pearson,0.36892401013153153,4
MAPK1+FOS,MAPK1,FOS,neither gene observed,linear,top_DE_Pearson,0.3386368782298192,4
MAPK1+FOS,MAPK1,FOS,neither gene observed,GEARS,top_DE_Pearson,0.246115339490766,4
MAPK1+FOS,MAPK1,FOS,neither gene observed,CPA,top_DE_Pearson,0.4270906421964881,4
MAPK1+FOS,MAPK1,FOS,neither gene observed,AttentionPert,top_DE_Pearson,0.4063421853164544,4
MAPK1+FOS,MAPK1,FOS,neither gene observed,mean,top_DE_Pearson,0.21716751055781097,4
CDKN1A+FOXA1,CDKN1A,FOXA1,neither gene observed,OpPert,top_DE_Pearson,0.6029561369610444,0
CDKN1A+FOXA1,CDKN1A,FOXA1,neither gene observed,additive,top_DE_Pearson,0.36521131592349626,0
CDKN1A+FOXA1,CDKN1A,FOXA1,neither gene observed,linear,top_DE_Pearson,0.39326218847572086,0
CDKN1A+FOXA1,CDKN1A,FOXA1,neither gene observed,GEARS,top_DE_Pearson,0.3899843241934861,0
CDKN1A+FOXA1,CDKN1A,FOXA1,neither gene observed,CPA,top_DE_Pearson,0.42900655203204746,0
CDKN1A+FOXA1,CDKN1A,FOXA1,neither gene observed,AttentionPert,top_DE_Pearson,0.4275051120748892,0
CDKN1A+FOXA1,CDKN1A,FOXA1,neither gene observed,mean,top_DE_Pearson,0.3351035005139117,0
CDKN1A+FOXA1,CDKN1A,FOXA1,neither gene observed,OpPert,top_DE_Pearson,0.42872062488176294,1
CDKN1A+FOXA1,CDKN1A,FOXA1,neither gene observed,additive,top_DE_Pearson,0.3138755516233623,1
CDKN1A+FOXA1,CDKN1A,FOXA1,neither gene observed,linear,top_DE_Pearson,0.3412538097452812,1
CDKN1A+FOXA1,CDKN1A,FOXA1,neither gene observed,GEARS,top_DE_Pearson,0.44744810327073936,1
CDKN1A+FOXA1,CDKN1A,FOXA1,neither gene observed,CPA,top_DE_Pearson,0.4699024664178039,1
CDKN1A+FOXA1,CDKN1A,FOXA1,neither gene observed,AttentionPert,top_DE_Pearson,0.362469570411042,1
CDKN1A+FOXA1,CDKN1A,FOXA1,neither gene observed,mean,top_DE_Pearson,0.23451357633241454,1
CDKN1A+FOXA1,CDKN1A,FOXA1,neither gene observed,OpPert,top_DE_Pearson,0.47884463343218797,2
CDKN1A+FOXA1,CDKN1A,FOXA1,neither gene observed,additive,top_DE_Pearson,0.32525430999922594,2
CDKN1A+FOXA1,CDKN1A,FOXA1,neither gene observed,linear,top_DE_Pearson,0.4271232191883934,2
CDKN1A+FOXA1,CDKN1A,FOXA1,neither gene observed,GEARS,top_DE_Pearson,0.2648933625628572,2
CDKN1A+FOXA1,CDKN1A,FOXA1,neither gene observed,CPA,top_DE_Pearson,0.33039769718498635,2
CDKN1A+FOXA1,CDKN1A,FOXA1,neither gene observed,AttentionPert,top_DE_Pearson,0.34305501996231325,2
CDKN1A+FOXA1,CDKN1A,FOXA1,neither gene observed,mean,top_DE_Pearson,0.12077863925683133,2
CDKN1A+FOXA1,CDKN1A,FOXA1,neither gene observed,OpPert,top_DE_Pearson,0.4021816933378718,3
CDKN1A+FOXA1,CDKN1A,FOXA1,neither gene observed,additive,top_DE_Pearson,0.2850906330492445,3
CDKN1A+FOXA1,CDKN1A,FOXA1,neither gene observed,linear,top_DE_Pearson,0.3579337207288702,3
CDKN1A+FOXA1,CDKN1A,FOXA1,neither gene observed,GEARS,top_DE_Pearson,0.4667779534996158,3
CDKN1A+FOXA1,CDKN1A,FOXA1,neither gene observed,CPA,top_DE_Pearson,0.3652963609285579,3
CDKN1A+FOXA1,CDKN1A,FOXA1,neither gene observed,AttentionPert,top_DE_Pearson,0.3281511767837308,3
CDKN1A+FOXA1,CDKN1A,FOXA1,neither gene observed,mean,top_DE_Pearson,0.25658272752718825,3
CDKN1A+FOXA1,CDKN1A,FOXA1,neither gene observed,OpPert,top_DE_Pearson,0.522950417286481,4
CDKN1A+FOXA1,CDKN1A,FOXA1,neither gene observed,additive,top_DE_Pearson,0.2814424710331057,4
CDKN1A+FOXA1,CDKN1A,FOXA1,neither gene observed,linear,top_DE_Pearson,0.3153655069647131,4
CDKN1A+FOXA1,CDKN1A,FOXA1,neither gene observed,GEARS,top_DE_Pearson,0.4335129375564534,4
CDKN1A+FOXA1,CDKN1A,FOXA1,neither gene observed,CPA,top_DE_Pearson,0.36670783305615196,4
CDKN1A+FOXA1,CDKN1A,FOXA1,neither gene observed,AttentionPert,top_DE_Pearson,0.4288490814425685,4
CDKN1A+FOXA1,CDKN1A,FOXA1,neither gene observed,mean,top_DE_Pearson,0.2591811924922822,4
STAT3+CDKN1B,STAT3,CDKN1B,"both genes observed, pair held out",OpPert,top_DE_Pearson,0.6592749209527039,0
STAT3+CDKN1B,STAT3,CDKN1B,"both genes observed, pair held out",additive,top_DE_Pearson,0.5273585991382106,0
STAT3+CDKN1B,STAT3,CDKN1B,"both genes observed, pair held out",linear,top_DE_Pearson,0.4970465445537521,0
STAT3+CDKN1B,STAT3,CDKN1B,"both genes observed, pair held out",GEARS,top_DE_Pearson,0.5061913231278787,0
STAT3+CDKN1B,STAT3,CDKN1B,"both genes observed, pair held out",CPA,top_DE_Pearson,0.6211449421164796,0
STAT3+CDKN1B,STAT3,CDKN1B,"both genes observed, pair held out",AttentionPert,top_DE_Pearson,0.5689428570669213,0
STAT3+CDKN1B,STAT3,CDKN1B,"both genes observed, pair held out",mean,top_DE_Pearson,0.3986631831011602,0
STAT3+CDKN1B,STAT3,CDKN1B,"both genes observed, pair held out",OpPert,top_DE_Pearson,0.6542292637846,1
STAT3+CDKN1B,STAT3,CDKN1B,"both genes observed, pair held out",additive,top_DE_Pearson,0.6076811314409581,1
STAT3+CDKN1B,STAT3,CDKN1B,"both genes observed, pair held out",linear,top_DE_Pearson,0.4331557292776846,1
STAT3+CDKN1B,STAT3,CDKN1B,"both genes observed, pair held out",GEARS,top_DE_Pearson,0.5102016786058003,1
STAT3+CDKN1B,STAT3,CDKN1B,"both genes observed, pair held out",CPA,top_DE_Pearson,0.5246268134862839,1
STAT3+CDKN1B,STAT3,CDKN1B,"both genes observed, pair held out",AttentionPert,top_DE_Pearson,0.6776707320032197,1
STAT3+CDKN1B,STAT3,CDKN1B,"both genes observed, pair held out",mean,top_DE_Pearson,0.47695521897515775,1
STAT3+CDKN1B,STAT3,CDKN1B,"both genes observed, pair held out",OpPert,top_DE_Pearson,0.7060390344276736,2
STAT3+CDKN1B,STAT3,CDKN1B,"both genes observed, pair held out",additive,top_DE_Pearson,0.47159034485242624,2
STAT3+CDKN1B,STAT3,CDKN1B,"both genes observed, pair held out",linear,top_DE_Pearson,0.5028278474837684,2
STAT3+CDKN1B,STAT3,CDKN1B,"both genes observed, pair held out",GEARS,top_DE_Pearson,0.6268688230033626,2
STAT3+CDKN1B,STAT3,CDKN1B,"both genes observed, pair held out",CPA,top_DE_Pearson,0.5834964598561267,2
STAT3+CDKN1B,STAT3,CDKN1B,"both genes observed, pair held out",AttentionPert,top_DE_Pearson,0.6229243291318476,2
STAT3+CDKN1B,STAT3,CDKN1B,"both genes observed, pair held out",mean,top_DE_Pearson,0.44873974054429283,2
STAT3+CDKN1B,STAT3,CDKN1B,"both genes observed, pair held out",OpPert,top_DE_Pearson,0.6766886235872775,3
STAT3+CDKN1B,STAT3,CDKN1B,"both genes observed, pair held out",additive,top_DE_Pearson,0.5494871450943066,3
STAT3+CDKN1B,STAT3,CDKN1B,"both genes observed, pair held out",linear,top_DE_Pearson,0.6166660433450954,3
STAT3+CDKN1B,STAT3,CDKN1B,"both genes observed, pair held out",GEARS,top_DE_Pearson,0.6484204969166683,3
STAT3+CDKN1B,STAT3,CDKN1B,"both genes observed, pair held out",CPA,top_DE_Pearson,0.4828076803364938,3
STAT3+CDKN1B,STAT3,CDKN1B,"both genes observed, pair held out",AttentionPert,top_DE_Pearson,0.45516388667954866,3
STAT3+CDKN1B,STAT3,CDKN1B,"both genes observed, pair held out",mean,top_DE_Pearson,0.5201047238590903,3
STAT3+CDKN1B,STAT3,CDKN1B,"both genes observed, pair held out",OpPert,top_DE_Pearson,0.7312635055957161,4
STAT3+CDKN1B,STAT3,CDKN1B,"both genes observed, pair held out",additive,top_DE_Pearson,0.4787626188291998,4
STAT3+CDKN1B,STAT3,CDKN1B,"both genes observed, pair held out",linear,top_DE_Pearson,0.4584098756072622,4
STAT3+CDKN1B,STAT3,CDKN1B,"both genes observed, pair held out",GEARS,top_DE_Pearson,0.605942089260432,4
STAT3+CDKN1B,STAT3,CDKN1B,"both genes observed, pair held out",CPA,top_DE_Pearson,0.6358502935810317,4
STAT3+CDKN1B,STAT3,CDKN1B,"both genes observed, pair held out",AttentionPert,top_DE_Pearson,0.6978556713460589,4
STAT3+CDKN1B,STAT3,CDKN1B,"both genes observed, pair held out",mean,top_DE_Pearson,0.49097785432608704,4
FOXA1+STAT3,FOXA1,STAT3,exactly one gene observed,OpPert,top_DE_Pearson,0.5420441177668847,0
FOXA1+STAT3,FOXA1,STAT3,exactly one gene observed,additive,top_DE_Pearson,0.37909592565627104,0
FOXA1+STAT3,FOXA1,STAT3,exactly one gene observed,linear,top_DE_Pearson,0.5929253390517972,0
FOXA1+STAT3,FOXA1,STAT3,exactly one gene observed,GEARS,top_DE_Pearson,0.6071101041243279,0
FOXA1+STAT3,FOXA1,STAT3,exactly one gene observed,CPA,top_DE_Pearson,0.5481629210133256,0
FOXA1+STAT3,FOXA1,STAT3,exactly one gene observed,AttentionPert,top_DE_Pearson,0.43474897613145236,0
FOXA1+STAT3,FOXA1,STAT3,exactly one gene observed,mean,top_DE_Pearson,0.41130115945783674,0
FOXA1+STAT3,FOXA1,STAT3,exactly one gene observed,OpPert,top_DE_Pearson,0.5983775845698741,1
FOXA1+STAT3,FOXA1,STAT3,exactly one gene observed,additive,top_DE_Pearson,0.4665527374522432,1
FOXA1+STAT3,FOXA1,STAT3,exactly one gene observed,linear,top_DE_Pearson,0.5449799160226266,1
FOXA1+STAT3,FOXA1,STAT3,exactly one gene observed,GEARS,top_DE_Pearson,0.5381222685716767,1
FOXA1+STAT3,FOXA1,STAT3,exactly one gene observed,CPA,top_DE_Pearson,0.5244008541782601,1
FOXA1+STAT3,FOXA1,STAT3,exactly one gene observed,AttentionPert,top_DE_Pearson,0.5282143770023326,1
FOXA1+STAT3,FOXA1,STAT3,exactly one gene observed,mean,top_DE_Pearson,0.38044748448012633,1
FOXA1+STAT3,FOXA1,STAT3,exactly one gene observed,OpPert,top_DE_Pearson,0.45298333221714904,2
FOXA1+STAT3,FOXA1,STAT3,exactly one gene observed,additive,top_DE_Pearson,0.4450172646446334,2
FOXA1+STAT3,FOXA1,STAT3,exactly one gene observed,linear,top_DE_Pearson,0.43662848246905245,2
FOXA1+STAT3,FOXA1,STAT3,exactly one gene observed,GEARS,top_DE_Pearson,0.42320954254159876,2
FOXA1+STAT3,FOXA1,STAT3,exactly one gene observed,CPA,top_DE_Pearson,0.5809089971580494,2
FOXA1+STAT3,FOXA1,STAT3,exactly one gene observed,AttentionPert,top_DE_Pearson,0.5937397204531422,2
FOXA1+STAT3,FOXA1,STAT3,exactly one gene observed,mean,top_DE_Pearson,0.4415532360177367,2
FOXA1+STAT3,FOXA1,STAT3,exactly one gene observed,OpPert,top_DE_Pearson,0.5753128050113525,3
FOXA1+STAT3,FOXA1,STAT3,exactly one gene observed,additive,top_DE_Pearson,0.5210375072571594,3
FOXA1+STAT3,FOXA1,STAT3,exactly one gene observed,linear,top_DE_Pearson,0.47072319083610953,3
FOXA1+STAT3,FOXA1,STAT3,exactly one gene observed,GEARS,top_DE_Pearson,0.5121678366138668,3
FOXA1+STAT3,FOXA1,STAT3,exactly one gene observed,CPA,top_DE_Pearson,0.414391717772281,3
FOXA1+STAT3,FOXA1,STAT3,exactly one gene observed,AttentionPert,top_DE_Pearson,0.5138194782699304,3
FOXA1+STAT3,FOXA1,STAT3,exactly one gene observed,mean,top_DE_Pearson,0.363623155705465,3
FOXA1+STAT3,FOXA1,STAT3,exactly one gene observed,OpPert,top_DE_Pearson,0.48184087298993217,4
FOXA1+STAT3,FOXA1,STAT3,exactly one gene observed,additive,top_DE_Pearson,0.4369281732910042,4
FOXA1+STAT3,FOXA1,STAT3,exactly one gene observed,linear,top_DE_Pearson,0.4652162261685915,4
FOXA1+STAT3,FOXA1,STAT3,exactly one gene observed,GEARS,top_DE_Pearson,0.6078536699986784,4
FOXA1+STAT3,FOXA1,STAT3,exactly one gene observed,CPA,top_DE_Pearson,0.5336527997108046,4
FOXA1+STAT3,FOXA1,STAT3,exactly one gene observed,AttentionPert,top_DE_Pearson,0.49068672634548793,4
FOXA1+STAT3,FOXA1,STAT3,exactly one gene observed,mean,top_DE_Pearson,0.374927238588065,4
FOXA1+CEBPE,FOXA1,CEBPE,exactly one gene observed,OpPert,top_DE_Pearson,0.49505436815670284,0
FOXA1+CEBPE,FOXA1,CEBPE,exactly one gene observed,additive,top_DE_Pearson,0.43093688734358426,0
FOXA1+CEBPE,FOXA1,CEBPE,exactly one gene observed,linear,top_DE_Pearson,0.42523410460084915,0
FOXA1+CEBPE,FOXA1,CEBPE,exactly one gene observed,GEARS,top_DE_Pearson,0.4249810676646112,0
FOXA1+CEBPE,FOXA1,CEBPE,exactly one gene observed,CPA,top_DE_Pearson,0.5106733088728521,0
FOXA1+CEBPE,FOXA1,CEBPE,exactly one gene observed,AttentionPert,top_DE_Pearson,0.5134758795959941,0
FOXA1+CEBPE,FOXA1,CEBPE,exactly one gene observed,mean,top_DE_Pearson,0.2527975493179153,0
FOXA1+CEBPE,FOXA1,CEBPE,exactly one gene observed,OpPert,top_DE_Pearson,0.5526389217502924,1
FOXA1+CEBPE,FOXA1,CEBPE,exactly one gene observed,additive,top_DE_Pearson,0.49974208315399543,1
FOXA1+CEBPE,FOXA1,CEBPE,exactly one gene observed,linear,top_DE_Pearson,0.5335534243337792,1
FOXA1+CEBPE,FOXA1,CEBPE,exactly one gene observed,GEARS,top_DE_Pearson,0.5615502105731143,1
FOXA1+CEBPE,FOXA1,CEBPE,exactly one gene observed,CPA,top_DE_Pearson,0.48233479241408755,1
FOXA1+CEBPE,FOXA1,CEBPE,exactly one gene observed,AttentionPert,top_DE_Pearson,0.43929728032185095,1
FOXA1+CEBPE,FOXA1,CEBPE,exactly one gene observed,mean,top_DE_Pearson,0.29497807035851636,1
FOXA1+CEBPE,FOXA1,CEBPE,exactly one gene observed,OpPert,top_DE_Pearson,0.5806762942850215,2
FOXA1+CEBPE,FOXA1,CEBPE,exactly one gene observed,additive,top_DE_Pearson,0.4627568020619098,2
FOXA1+CEBPE,FOXA1,CEBPE,exactly one gene observed,linear,top_DE_Pearson,0.5472398666963039,2
FOXA1+CEBPE,FOXA1,CEBPE,exactly one gene observed,GEARS,top_DE_Pearson,0.565998779020525,2
FOXA1+CEBPE,FOXA1,CEBPE,exactly one gene observed,CPA,top_DE_Pearson,0.47206628060812966,2
FOXA1+CEBPE,FOXA1,CEBPE,exactly one gene observed,AttentionPert,top_DE_Pearson,0.41534764726834783,2
FOXA1+CEBPE,FOXA1,CEBPE,exactly one gene observed,mean,top_DE_Pearson,0.3408536041793461,2
FOXA1+CEBPE,FOXA1,CEBPE,exactly one gene observed,OpPert,top_DE_Pearson,0.5730338716886315,3
FOXA1+CEBPE,FOXA1,CEBPE,exactly one gene observed,additive,top_DE_Pearson,0.42787500527663574,3
FOXA1+CEBPE,FOXA1,CEBPE,exactly one gene observed,linear,top_DE_Pearson,0.4353263535153406,3
FOXA1+CEBPE,FOXA1,CEBPE,exactly one gene observed,GEARS,top_DE_Pearson,0.5151730888981939,3
FOXA1+CEBPE,FOXA1,CEBPE,exactly one gene observed,CPA,top_DE_Pearson,0.4497625355153634,3
FOXA1+CEBPE,FOXA1,CEBPE,exactly one gene observed,AttentionPert,top_DE_Pearson,0.45231603497647754,3
FOXA1+CEBPE,FOXA1,CEBPE,exactly one gene observed,mean,top_DE_Pearson,0.37868717005820635,3
FOXA1+CEBPE,FOXA1,CEBPE,exactly one gene observed,OpPert,top_DE_Pearson,0.5358804451922478,4
FOXA1+CEBPE,FOXA1,CEBPE,exactly one gene observed,additive,top_DE_Pearson,0.4546462633387011,4
FOXA1+CEBPE,FOXA1,CEBPE,exactly one gene observed,linear,top_DE_Pearson,0.48639224137112735,4
FOXA1+CEBPE,FOXA1,CEBPE,exactly one gene observed,GEARS,top_DE_Pearson,0.43163425993450555,4
FOXA1+CEBPE,FOXA1,CEBPE,exactly one gene observed,CPA,top_DE_Pearson,0.45112553256807525,4
FOXA1+CEBPE,FOXA1,CEBPE,exactly one gene observed,AttentionPert,top_DE_Pearson,0.5762666163949878,4
FOXA1+CEBPE,FOXA1,CEBPE,exactly one gene observed,mean,top_DE_Pearson,0.29027522923594273,4
CDKN1B+JUN,CDKN1B,JUN,"both genes observed, pair held out",OpPert,top_DE_Pearson,0.6618550366819619,0
CDKN1B+JUN,CDKN1B,JUN,"both genes observed, pair held out",additive,top_DE_Pearson,0.5329433486744928,0
CDKN1B+JUN,CDKN1B,JUN,"both genes observed, pair held out",linear,top_DE_Pearson,0.64285138973571,0
CDKN1B+JUN,CDKN1B,JUN,"both genes observed, pair held out",GEARS,top_DE_Pearson,0.4396299340138237,0
CDKN1B+JUN,CDKN1B,JUN,"both genes observed, pair held out",CPA,top_DE_Pearson,0.6037560324658494,0
CDKN1B+JUN,CDKN1B,JUN,"both genes observed, pair held out",AttentionPert,top_DE_Pearson,0.6836862921082144,0
CDKN1B+JUN,CDKN1B,JUN,"both genes observed, pair held out",mean,top_DE_Pearson,0.39233315410649716,0
CDKN1B+JUN,CDKN1B,JUN,"both genes observed, pair held out",OpPert,top_DE_Pearson,0.6372116092926062,1
CDKN1B+JUN,CDKN1B,JUN,"both genes observed, pair held out",additive,top_DE_Pearson,0.4948264849662828,1
CDKN1B+JUN,CDKN1B,JUN,"both genes observed, pair held out",linear,top_DE_Pearson,0.5163392372353482,1
CDKN1B+JUN,CDKN1B,JUN,"both genes observed, pair held out",GEARS,top_DE_Pearson,0.5804242796986175,1
CDKN1B+JUN,CDKN1B,JUN,"both genes observed, pair held out",CPA,top_DE_Pearson,0.6656491170210702,1
CDKN1B+JUN,CDKN1B,JUN,"both genes observed, pair held out",AttentionPert,top_DE_Pearson,0.7002432005292512,1
CDKN1B+JUN,CDKN1B,JUN,"both genes observed, pair held out",mean,top_DE_Pearson,0.4398436464975911,1
CDKN1B+JUN,CDKN1B,JUN,"both genes observed, pair held out",OpPert,top_DE_Pearson,0.7743036128438681,2
CDKN1B+JUN,CDKN1B,JUN,"both genes observed, pair held out",additive,top_DE_Pearson,0.5421345886190775,2
CDKN1B+JUN,CDKN1B,JUN,"both genes observed, pair held out",linear,top_DE_Pearson,0.6752214616020649,2
CDKN1B+JUN,CDKN1B,JUN,"both genes observed, pair held out",GEARS,top_DE_Pearson,0.5944020810207905,2
CDKN1B+JUN,CDKN1B,JUN,"both genes observed, pair held out",CPA,top_DE_Pearson,0.5878634695627686,2
CDKN1B+JUN,CDKN1B,JUN,"both genes observed, pair held out",AttentionPert,top_DE_Pearson,0.6119284683585701,2
CDKN1B+JUN,CDKN1B,JUN,"both genes observed, pair held out",mean,top_DE_Pearson,0.6507312207620521,2
CDKN1B+JUN,CDKN1B,JUN,"both genes observed, pair held out",OpPert,top_DE_Pearson,0.7110771344906872,3
CDKN1B+JUN,CDKN1B,JUN,"both genes observed, pair held out",additive,top_DE_Pearson,0.49756412820291224,3
CDKN1B+JUN,CDKN1B,JUN,"both genes observed, pair held out",linear,top_DE_Pearson,0.6281398722165514,3
CDKN1B+JUN,CDKN1B,JUN,"both genes observed, pair held out",GEARS,top_DE_Pearson,0.5782900477749395,3
CDKN1B+JUN,CDKN1B,JUN,"both genes observed, pair held out",CPA,top_DE_Pearson,0.5506149890259274,3
CDKN1B+JUN,CDKN1B,JUN,"both genes observed, pair held out",AttentionPert,top_DE_Pearson,0.6445160815935267,3
CDKN1B+JUN,CDKN1B,JUN,"both genes observed, pair held out",mean,top_DE_Pearson,0.46186513526626916,3
CDKN1B+JUN,CDKN1B,JUN,"both genes observed, pair held out",OpPert,top_DE_Pearson,0.6767145548707083,4
CDKN1B+JUN,CDKN1B,JUN,"both genes observed, pair held out",additive,top_DE_Pearson,0.5408391133119176,4
CDKN1B+JUN,CDKN1B,JUN,"both genes observed, pair held out",linear,top_DE_Pearson,0.590194987596326,4
CDKN1B+JUN,CDKN1B,JUN,"both genes observed, pair held out",GEARS,top_DE_Pearson,0.6254979538461689,4
CDKN1B+JUN,CDKN1B,JUN,"both genes observed, pair held out",CPA,top_DE_Pearson,0.46378198403767507,4
CDKN1B+JUN,CDKN1B,JUN,"both genes observed, pair held out",AttentionPert,top_DE_Pearson,0.629994360116572,4
CDKN1B+JUN,CDKN1B,JUN,"both genes observed, pair held out",mean,top_DE_Pearson,0.4010788348101819,4
CDKN1A+ELK1,CDKN1A,ELK1,"both genes observed, pair held out",OpPert,top_DE_Pearson,0.6650388601988672,0
CDKN1A+ELK1,CDKN1A,ELK1,"both genes observed, pair held out",additive,top_DE_Pearson,0.4983896301256632,0
CDKN1A+ELK1,CDKN1A,ELK1,"both genes observed, pair held out",linear,top_DE_Pearson,0.6198619114600784,0
CDKN1A+ELK1,CDKN1A,ELK1,"both genes observed, pair held out",GEARS,top_DE_Pearson,0.5194694900177456,0
CDKN1A+ELK1,CDKN1A,ELK1,"both genes observed, pair held out",CPA,top_DE_Pearson,0.5555833750736464,0
CDKN1A+ELK1,CDKN1A,ELK1,"both genes observed, pair held out",AttentionPert,top_DE_Pearson,0.55490755190402,0
CDKN1A+ELK1,CDKN1A,ELK1,"both genes observed, pair held out",mean,top_DE_Pearson,0.4572047637796396,0
CDKN1A+ELK1,CDKN1A,ELK1,"both genes observed, pair held out",OpPert,top_DE_Pearson,0.6767318570788342,1
CDKN1A+ELK1,CDKN1A,ELK1,"both genes observed, pair held out",additive,top_DE_Pearson,0.47952642302258736,1
CDKN1A+ELK1,CDKN1A,ELK1,"both genes observed, pair held out",linear,top_DE_Pearson,0.6134569606473737,1
CDKN1A+ELK1,CDKN1A,ELK1,"both genes observed, pair held out",GEARS,top_DE_Pearson,0.6037801421000819,1
CDKN1A+ELK1,CDKN1A,ELK1,"both genes observed, pair held out",CPA,top_DE_Pearson,0.46648322480128535,1
CDKN1A+ELK1,CDKN1A,ELK1,"both genes observed, pair held out",AttentionPert,top_DE_Pearson,0.4724845135761781,1
CDKN1A+ELK1,CDKN1A,ELK1,"both genes observed, pair held out",mean,top_DE_Pearson,0.4592608424242413,1
CDKN1A+ELK1,CDKN1A,ELK1,"both genes observed, pair held out",OpPert,top_DE_Pearson,0.6467419609328187,2
CDKN1A+ELK1,CDKN1A,ELK1,"both genes observed, pair held out",additive,top_DE_Pearson,0.533794793185522,2
CDKN1A+ELK1,CDKN1A,ELK1,"both genes observed, pair held out",linear,top_DE_Pearson,0.5683210526081869,2
CDKN1A+ELK1,CDKN1A,ELK1,"both genes observed, pair held out",GEARS,top_DE_Pearson,0.6135335903706108,2
CDKN1A+ELK1,CDKN1A,ELK1,"both genes observed, pair held out",CPA,top_DE_Pearson,0.636858976590898,2
CDKN1A+ELK1,CDKN1A,ELK1,"both genes observed, pair held out",AttentionPert,top_DE_Pearson,0.5233337059449464,2
CDKN1A+ELK1,CDKN1A,ELK1,"both genes observed, pair held out",mean,top_DE_Pearson,0.3896817044259523,2
CDKN1A+ELK1,CDKN1A,ELK1,"both genes observed, pair held out",OpPert,top_DE_Pearson,0.5944005685267569,3
CDKN1A+ELK1,CDKN1A,ELK1,"both genes observed, pair held out",additive,top_DE_Pearson,0.5573350000301225,3
CDKN1A+ELK1,CDKN1A,ELK1,"both genes observed, pair held out",linear,top_DE_Pearson,0.6446968427187867,3
CDKN1A+ELK1,CDKN1A,ELK1,"both genes observed, pair held out",GEARS,top_DE_Pearson,0.5741196337056294,3
CDKN1A+ELK1,CDKN1A,ELK1,"both genes observed, pair held out",CPA,top_DE_Pearson,0.42989800935042066,3
CDKN1A+ELK1,CDKN1A,ELK1,"both genes observed, pair held out",AttentionPert,top_DE_Pearson,0.48776042824337745,3
CDKN1A+ELK1,CDKN1A,ELK1,"both genes observed, pair held out",mean,top_DE_Pearson,0.41001779663223925,3
CDKN1A+ELK1,CDKN1A,ELK1,"both genes observed, pair held out",OpPert,top_DE_Pearson,0.6265362667502871,4
CDKN1A+ELK1,CDKN1A,ELK1,"both genes observed, pair held out",additive,top_DE_Pearson,0.5154966823647165,4
CDKN1A+ELK1,CDKN1A,ELK1,"both genes observed, pair held out",linear,top_DE_Pearson,0.572314867378855,4
CDKN1A+ELK1,CDKN1A,ELK1,"both genes observed, pair held out",GEARS,top_DE_Pearson,0.5812952201506532,4
CDKN1A+ELK1,CDKN1A,ELK1,"both genes observed, pair held out",CPA,top_DE_Pearson,0.6429603766326044,4
CDKN1A+ELK1,CDKN1A,ELK1,"both genes observed, pair held out",AttentionPert,top_DE_Pearson,0.5494389616591179,4
CDKN1A+ELK1,CDKN1A,ELK1,"both genes observed, pair held out",mean,top_DE_Pearson,0.4082609224314674,4
ELK1+CDKN1B,ELK1,CDKN1B,exactly one gene observed,OpPert,top_DE_Pearson,0.5661531910235761,0
ELK1+CDKN1B,ELK1,CDKN1B,exactly one gene observed,additive,top_DE_Pearson,0.43115345060490995,0
ELK1+CDKN1B,ELK1,CDKN1B,exactly one gene observed,linear,top_DE_Pearson,0.5652965664289558,0
ELK1+CDKN1B,ELK1,CDKN1B,exactly one gene observed,GEARS,top_DE_Pearson,0.4626675532823169,0
ELK1+CDKN1B,ELK1,CDKN1B,exactly one gene observed,CPA,top_DE_Pearson,0.6036178902314446,0
ELK1+CDKN1B,ELK1,CDKN1B,exactly one gene observed,AttentionPert,top_DE_Pearson,0.47647411304631404,0
ELK1+CDKN1B,ELK1,CDKN1B,exactly one gene observed,mean,top_DE_Pearson,0.2833790133017863,0
ELK1+CDKN1B,ELK1,CDKN1B,exactly one gene observed,OpPert,top_DE_Pearson,0.5641951748596896,1
ELK1+CDKN1B,ELK1,CDKN1B,exactly one gene observed,additive,top_DE_Pearson,0.37542528798087393,1
ELK1+CDKN1B,ELK1,CDKN1B,exactly one gene observed,linear,top_DE_Pearson,0.42489464913118996,1
ELK1+CDKN1B,ELK1,CDKN1B,exactly one gene observed,GEARS,top_DE_Pearson,0.5238219980009294,1
ELK1+CDKN1B,ELK1,CDKN1B,exactly one gene observed,CPA,top_DE_Pearson,0.5133349253190075,1
ELK1+CDKN1B,ELK1,CDKN1B,exactly one gene observed,AttentionPert,top_DE_Pearson,0.45266993798474453,1
ELK1+CDKN1B,ELK1,CDKN1B,exactly one gene observed,mean,top_DE_Pearson,0.419244308702784,1
ELK1+CDKN1B,ELK1,CDKN1B,exactly one gene observed,OpPert,top_DE_Pearson,0.629450465481268,2
ELK1+CDKN1B,ELK1,CDKN1B,exactly one gene observed,additive,top_DE_Pearson,0.5261781053937975,2
ELK1+CDKN1B,ELK1,CDKN1B,exactly one gene observed,linear,top_DE_Pearson,0.5017648044275433,2
ELK1+CDKN1B,ELK1,CDKN1B,exactly one gene observed,GEARS,top_DE_Pearson,0.5818057227251419,2
ELK1+CDKN1B,ELK1,CDKN1B,exactly one gene observed,CPA,top_DE_Pearson,0.36715209432155654,2
ELK1+CDKN1B,ELK1,CDKN1B,exactly one gene observed,AttentionPert,top_DE_Pearson,0.47092560708229225,2
ELK1+CDKN1B,ELK1,CDKN1B,exactly one gene observed,mean,top_DE_Pearson,0.30797968462059444,2
ELK1+CDKN1B,ELK1,CDKN1B,exactly one gene observed,OpPert,top_DE_Pearson,0.5671535516676436,3
ELK1+CDKN1B,ELK1,CDKN1B,exactly one gene observed,additive,top_DE_Pearson,0.40571304684819576,3
ELK1+CDKN1B,ELK1,CDKN1B,exactly one gene observed,linear,top_DE_Pearson,0.46003052948301604,3
ELK1+CDKN1B,ELK1,CDKN1B,exactly one gene observed,GEARS,top_DE_Pearson,0.612930492812243,3
ELK1+CDKN1B,ELK1,CDKN1B,exactly one gene observed,CPA,top_DE_Pearson,0.4698168122147773,3
ELK1+CDKN1B,ELK1,CDKN1B,exactly one gene observed,AttentionPert,top_DE_Pearson,0.5148275390314129,3
ELK1+CDKN1B,ELK1,CDKN1B,exactly one gene observed,mean,top_DE_Pearson,0.3460638402045459,3
ELK1+CDKN1B,ELK1,CDKN1B,exactly one gene observed,OpPert,top_DE_Pearson,0.5645427972774101,4
ELK1+CDKN1B,ELK1,CDKN1B,exactly one gene observed,additive,top_DE_Pearson,0.4403610008261643,4
ELK1+CDKN1B,ELK1,CDKN1B,exactly one gene observed,linear,top_DE_Pearson,0.49689944395838953,4
ELK1+CDKN1B,ELK1,CDKN1B,exactly one gene observed,GEARS,top_DE_Pearson,0.5699184521328307,4
ELK1+CDKN1B,ELK1,CDKN1B,exactly one gene observed,CPA,top_DE_Pearson,0.5788436398561998,4
ELK1+CDKN1B,ELK1,CDKN1B,exactly one gene observed,AttentionPert,top_DE_Pearson,0.50857720491455,4
ELK1+CDKN1B,ELK1,CDKN1B,exactly one gene observed,mean,top_DE_Pearson,0.3953728131621361,4
STAT3+SPI1,STAT3,SPI1,exactly one gene observed,OpPert,top_DE_Pearson,0.6164173678930154,0
STAT3+SPI1,STAT3,SPI1,exactly one gene observed,additive,top_DE_Pearson,0.4919581183050292,0
STAT3+SPI1,STAT3,SPI1,exactly one gene observed,linear,top_DE_Pearson,0.482696583967703,0
STAT3+SPI1,STAT3,SPI1,exactly one gene observed,GEARS,top_DE_Pearson,0.5531836375740772,0
STAT3+SPI1,STAT3,SPI1,exactly one gene observed,CPA,top_DE_Pearson,0.5094460025396291,0
STAT3+SPI1,STAT3,SPI1,exactly one gene observed,AttentionPert,top_DE_Pearson,0.5620183754955593,0
STAT3+SPI1,STAT3,SPI1,exactly one gene observed,mean,top_DE_Pearson,0.37736154941742667,0
STAT3+SPI1,STAT3,SPI1,exactly one gene observed,OpPert,top_DE_Pearson,0.538658101065738,1
STAT3+SPI1,STAT3,SPI1,exactly one gene observed,additive,top_DE_Pearson,0.4601504754159814,1
STAT3+SPI1,STAT3,SPI1,exactly one gene observed,linear,top_DE_Pearson,0.2941643374488334,1
STAT3+SPI1,STAT3,SPI1,exactly one gene observed,GEARS,top_DE_Pearson,0.5229731441831029,1
STAT3+SPI1,STAT3,SPI1,exactly one gene observed,CPA,top_DE_Pearson,0.261095230487113,1
STAT3+SPI1,STAT3,SPI1,exactly one gene observed,AttentionPert,top_DE_Pearson,0.3865921955556749,1
STAT3+SPI1,STAT3,SPI1,exactly one gene observed,mean,top_DE_Pearson,0.38710611605645906,1
STAT3+SPI1,STAT3,SPI1,exactly one gene observed,OpPert,top_DE_Pearson,0.5886517602360077,2
STAT3+SPI1,STAT3,SPI1,exactly one gene observed,additive,top_DE_Pearson,0.3702542731916042,2
STAT3+SPI1,STAT3,SPI1,exactly one gene observed,linear,top_DE_Pearson,0.42727387748726364,2
STAT3+SPI1,STAT3,SPI1,exactly one gene observed,GEARS,top_DE_Pearson,0.582232459316848,2
STAT3+SPI1,STAT3,SPI1,exactly one gene observed,CPA,top_DE_Pearson,0.4509581921056394,2
STAT3+SPI1,STAT3,SPI1,exactly one gene observed,AttentionPert,top_DE_Pearson,0.6245752187441791,2
STAT3+SPI1,STAT3,SPI1,exactly one gene observed,mean,top_DE_Pearson,0.3598848088094192,2
STAT3+SPI1,STAT3,SPI1,exactly one gene observed,OpPert,top_DE_Pearson,0.5844821706128761,3
STAT3+SPI1,STAT3,SPI1,exactly one gene observed,additive,top_DE_Pearson,0.5370124639099164,3
STAT3+SPI1,STAT3,SPI1,exactly one gene observed,linear,top_DE_Pearson,0.47786162697160517,3
STAT3+SPI1,STAT3,SPI1,exactly one gene observed,GEARS,top_DE_Pearson,0.43985936115855195,3
STAT3+SPI1,STAT3,SPI1,exactly one gene observed,CPA,top_DE_Pearson,0.47341635289834255,3
STAT3+SPI1,STAT3,SPI1,exactly one gene observed,AttentionPert,top_DE_Pearson,0.4878633558285945,3
STAT3+SPI1,STAT3,SPI1,exactly one gene observed,mean,top_DE_Pearson,0.27811550086790604,3
STAT3+SPI1,STAT3,SPI1,exactly one gene observed,OpPert,top_DE_Pearson,0.5446500757195507,4
STAT3+SPI1,STAT3,SPI1,exactly one gene observed,additive,top_DE_Pearson,0.3954684743601538,4
STAT3+SPI1,STAT3,SPI1,exactly one gene observed,linear,top_DE_Pearson,0.525461465431246,4
STAT3+SPI1,STAT3,SPI1,exactly one gene observed,GEARS,top_DE_Pearson,0.5020767124511153,4
STAT3+SPI1,STAT3,SPI1,exactly one gene observed,CPA,top_DE_Pearson,0.46303225505114576,4
STAT3+SPI1,STAT3,SPI1,exactly one gene observed,AttentionPert,top_DE_Pearson,0.48362908416264544,4
STAT3+SPI1,STAT3,SPI1,exactly one gene observed,mean,top_DE_Pearson,0.37338732110436995,4
CEBPE+STAT3,CEBPE,STAT3,"both genes observed, pair held out",OpPert,top_DE_Pearson,0.7262807529241517,0
CEBPE+STAT3,CEBPE,STAT3,"both genes observed, pair held out",additive,top_DE_Pearson,0.5152597876677162,0
CEBPE+STAT3,CEBPE,STAT3,"both genes observed, pair held out",linear,top_DE_Pearson,0.4849894744441875,0
CEBPE+STAT3,CEBPE,STAT3,"both genes observed, pair held out",GEARS,top_DE_Pearson,0.6266287625629863,0
CEBPE+STAT3,CEBPE,STAT3,"both genes observed, pair held out",CPA,top_DE_Pearson,0.6078021883619612,0
CEBPE+STAT3,CEBPE,STAT3,"both genes observed, pair held out",AttentionPert,top_DE_Pearson,0.4981570845645976,0
CEBPE+STAT3,CEBPE,STAT3,"both genes observed, pair held out",mean,top_DE_Pearson,0.4737689029278163,0
CEBPE+STAT3,CEBPE,STAT3,"both genes observed, pair held out",OpPert,top_DE_Pearson,0.7041349855457023,1
CEBPE+STAT3,CEBPE,STAT3,"both genes observed, pair held out",additive,top_DE_Pearson,0.5624631871023759,1
CEBPE+STAT3,CEBPE,STAT3,"both genes observed, pair held out",linear,top_DE_Pearson,0.6079188890256837,1
CEBPE+STAT3,CEBPE,STAT3,"both genes observed, pair held out",GEARS,top_DE_Pearson,0.515743854114555,1
CEBPE+STAT3,CEBPE,STAT3,"both genes observed, pair held out",CPA,top_DE_Pearson,0.5998624092997717,1
CEBPE+STAT3,CEBPE,STAT3,"both genes observed, pair held out",AttentionPert,top_DE_Pearson,0.5718428144317732,1
CEBPE+STAT3,CEBPE,STAT3,"both genes observed, pair held out",mean,top_DE_Pearson,0.43103259047652126,1
CEBPE+STAT3,CEBPE,STAT3,"both genes observed, pair held out",OpPert,top_DE_Pearson,0.7122333365651835,2
CEBPE+STAT3,CEBPE,STAT3,"both genes observed, pair held out",additive,top_DE_Pearson,0.6287564706404538,2
CEBPE+STAT3,CEBPE,STAT3,"both genes observed, pair held out",linear,top_DE_Pearson,0.6776622032760214,2
CEBPE+STAT3,CEBPE,STAT3,"both genes observed, pair held out",GEARS,top_DE_Pearson,0.6788884722903543,2
CEBPE+STAT3,CEBPE,STAT3,"both genes observed, pair held out",CPA,top_DE_Pearson,0.573415949102189,2
CEBPE+STAT3,CEBPE,STAT3,"both genes observed, pair held out",AttentionPert,top_DE_Pearson,0.6111632097815806,2
CEBPE+STAT3,CEBPE,STAT3,"both genes observed, pair held out",mean,top_DE_Pearson,0.5060093723070546,2
CEBPE+STAT3,CEBPE,STAT3,"both genes observed, pair held out",OpPert,top_DE_Pearson,0.6672706769579676,3
CEBPE+STAT3,CEBPE,STAT3,"both genes observed, pair held out",additive,top_DE_Pearson,0.5478458512746927,3
CEBPE+STAT3,CEBPE,STAT3,"both genes observed, pair held out",linear,top_DE_Pearson,0.6194251879125708,3
CEBPE+STAT3,CEBPE,STAT3,"both genes observed, pair held out",GEARS,top_DE_Pearson,0.596443041238444,3
CEBPE+STAT3,CEBPE,STAT3,"both genes observed, pair held out",CPA,top_DE_Pearson,0.5362427838175803,3
CEBPE+STAT3,CEBPE,STAT3,"both genes observed, pair held out",AttentionPert,top_DE_Pearson,0.5651316160498484,3
CEBPE+STAT3,CEBPE,STAT3,"both genes observed, pair held out",mean,top_DE_Pearson,0.4980346226640245,3
CEBPE+STAT3,CEBPE,STAT3,"both genes observed, pair held out",OpPert,top_DE_Pearson,0.6601795974719973,4
CEBPE+STAT3,CEBPE,STAT3,"both genes observed, pair held out",additive,top_DE_Pearson,0.5604125986121004,4
CEBPE+STAT3,CEBPE,STAT3,"both genes observed, pair held out",linear,top_DE_Pearson,0.6102047545321313,4
CEBPE+STAT3,CEBPE,STAT3,"both genes observed, pair held out",GEARS,top_DE_Pearson,0.5775095122261434,4
CEBPE+STAT3,CEBPE,STAT3,"both genes observed, pair held out",CPA,top_DE_Pearson,0.6253748898177883,4
CEBPE+STAT3,CEBPE,STAT3,"both genes observed, pair held out",AttentionPert,top_DE_Pearson,0.6127305562075036,4
CEBPE+STAT3,CEBPE,STAT3,"both genes observed, pair held out",mean,top_DE_Pearson,0.38591121478531126,4
FOXA1+CDKN1B,FOXA1,CDKN1B,"both genes observed, pair held out",OpPert,top_DE_Pearson,0.5606942794088889,0
FOXA1+CDKN1B,FOXA1,CDKN1B,"both genes observed, pair held out",additive,top_DE_Pearson,0.4772973774248219,0
FOXA1+CDKN1B,FOXA1,CDKN1B,"both genes observed, pair held out",linear,top_DE_Pearson,0.5087372903593006,0
FOXA1+CDKN1B,FOXA1,CDKN1B,"both genes observed, pair held out",GEARS,top_DE_Pearson,0.603130399119452,0
FOXA1+CDKN1B,FOXA1,CDKN1B,"both genes observed, pair held out",CPA,top_DE_Pearson,0.5635689696672257,0
FOXA1+CDKN1B,FOXA1,CDKN1B,"both genes observed, pair held out",AttentionPert,top_DE_Pearson,0.5697900819415644,0
FOXA1+CDKN1B,FOXA1,CDKN1B,"both genes observed, pair held out",mean,top_DE_Pearson,0.4971821179289487,0
FOXA1+CDKN1B,FOXA1,CDKN1B,"both genes observed, pair held out",OpPert,top_DE_Pearson,0.6803925216715622,1
FOXA1+CDKN1B,FOXA1,CDKN1B,"both genes observed, pair held out",additive,top_DE_Pearson,0.5589628722386573,1
FOXA1+CDKN1B,FOXA1,CDKN1B,"both genes observed, pair held out",linear,top_DE_Pearson,0.5945897074397215,1
FOXA1+CDKN1B,FOXA1,CDKN1B,"both genes observed, pair held out",GEARS,top_DE_Pearson,0.6369680800801343,1
FOXA1+CDKN1B,FOXA1,CDKN1B,"both genes observed, pair held out",CPA,top_DE_Pearson,0.4535227994933534,1
FOXA1+CDKN1B,FOXA1,CDKN1B,"both genes observed, pair held out",AttentionPert,top_DE_Pearson,0.5681337048641323,1
FOXA1+CDKN1B,FOXA1,CDKN1B,"both genes observed, pair held out",mean,top_DE_Pearson,0.3291873961306315,1
FOXA1+CDKN1B,FOXA1,CDKN1B,"both genes observed, pair held out",OpPert,top_DE_Pearson,0.6621635956078676,2
FOXA1+CDKN1B,FOXA1,CDKN1B,"both genes observed, pair held out",additive,top_DE_Pearson,0.5397220216665393,2
FOXA1+CDKN1B,FOXA1,CDKN1B,"both genes observed, pair held out",linear,top_DE_Pearson,0.6327319364873808,2
FOXA1+CDKN1B,FOXA1,CDKN1B,"both genes observed, pair held out",GEARS,top_DE_Pearson,0.6712580635632672,2
FOXA1+CDKN1B,FOXA1,CDKN1B,"both genes observed, pair held out",CPA,top_DE_Pearson,0.5921665028951419,2
FOXA1+CDKN1B,FOXA1,CDKN1B,"both genes observed, pair held out",AttentionPert,top_DE_Pearson,0.559978335356186,2
FOXA1+CDKN1B,FOXA1,CDKN1B,"both genes observed, pair held out",mean,top_DE_Pearson,0.48910966675274425,2
FOXA1+CDKN1B,FOXA1,CDKN1B,"both genes observed, pair held out",OpPert,top_DE_Pearson,0.6283249417605411,3
FOXA1+CDKN1B,FOXA1,CDKN1B,"both genes observed, pair held out",additive,top_DE_Pearson,0.5399164409133991,3
FOXA1+CDKN1B,FOXA1,CDKN1B,"both genes observed, pair held out",linear,top_DE_Pearson,0.629168179017646,3
FOXA1+CDKN1B,FOXA1,CDKN1B,"both genes observed, pair held out",GEARS,top_DE_Pearson,0.5665337192406346,3
FOXA1+CDKN1B,FOXA1,CDKN1B,"both genes observed, pair held out",CPA,top_DE_Pearson,0.62834071835455,3
FOXA1+CDKN1B,FOXA1,CDKN1B,"both genes observed, pair held out",AttentionPert,top_DE_Pearson,0.6306440821215381,3
FOXA1+CDKN1B,FOXA1,CDKN1B,"both genes observed, pair held out",mean,top_DE_Pearson,0.40271249097215067,3
FOXA1+CDKN1B,FOXA1,CDKN1B,"both genes observed, pair held out",OpPert,top_DE_Pearson,0.718433647693044,4
FOXA1+CDKN1B,FOXA1,CDKN1B,"both genes observed, pair held out",additive,top_DE_Pearson,0.5819139807222904,4
FOXA1+CDKN1B,FOXA1,CDKN1B,"both genes observed, pair held out",linear,top_DE_Pearson,0.5761155532423594,4
FOXA1+CDKN1B,FOXA1,CDKN1B,"both genes observed, pair held out",GEARS,top_DE_Pearson,0.5542605925183408,4
FOXA1+CDKN1B,FOXA1,CDKN1B,"both genes observed, pair held out",CPA,top_DE_Pearson,0.5284476388854658,4
FOXA1+CDKN1B,FOXA1,CDKN1B,"both genes observed, pair held out",AttentionPert,top_DE_Pearson,0.5577402453858187,4
FOXA1+CDKN1B,FOXA1,CDKN1B,"both genes observed, pair held out",mean,top_DE_Pearson,0.4925556677975176,4
CDKN1B+MAPK1,CDKN1B,MAPK1,"both genes observed, pair held out",OpPert,top_DE_Pearson,0.647755884933669,0
CDKN1B+MAPK1,CDKN1B,MAPK1,"both genes observed, pair held out",additive,top_DE_Pearson,0.5465788652744406,0
CDKN1B+MAPK1,CDKN1B,MAPK1,"both genes observed, pair held out",linear,top_DE_Pearson,0.716707808703535,0
CDKN1B+MAPK1,CDKN1B,MAPK1,"both genes observed, pair held out",GEARS,top_DE_Pearson,0.517361060668778,0
CDKN1B+MAPK1,CDKN1B,MAPK1,"both genes observed, pair held out",CPA,top_DE_Pearson,0.668320873989408,0
CDKN1B+MAPK1,CDKN1B,MAPK1,"both genes observed, pair held out",AttentionPert,top_DE_Pearson,0.5989905448392367,0
CDKN1B+MAPK1,CDKN1B,MAPK1,"both genes observed, pair held out",mean,top_DE_Pearson,0.48467031508095776,0
CDKN1B+MAPK1,CDKN1B,MAPK1,"both genes observed, pair held out",OpPert,top_DE_Pearson,0.6671008748032922,1
CDKN1B+MAPK1,CDKN1B,MAPK1,"both genes observed, pair held out",additive,top_DE_Pearson,0.566683609091714,1
CDKN1B+MAPK1,CDKN1B,MAPK1,"both genes observed, pair held out",linear,top_DE_Pearson,0.5607788937382789,1
CDKN1B+MAPK1,CDKN1B,MAPK1,"both genes observed, pair held out",GEARS,top_DE_Pearson,0.6872430108874474,1
CDKN1B+MAPK1,CDKN1B,MAPK1,"both genes observed, pair held out",CPA,top_DE_Pearson,0.5526117313465166,1
CDKN1B+MAPK1,CDKN1B,MAPK1,"both genes observed, pair held out",AttentionPert,top_DE_Pearson,0.6579340743307548,1
CDKN1B+MAPK1,CDKN1B,MAPK1,"both genes observed, pair held out",mean,top_DE_Pearson,0.4213379727872186,1
CDKN1B+MAPK1,CDKN1B,MAPK1,"both genes observed, pair held out",OpPert,top_DE_Pearson,0.6563848892159228,2
CDKN1B+MAPK1,CDKN1B,MAPK1,"both genes observed, pair held out",additive,top_DE_Pearson,0.47568224686258687,2
CDKN1B+MAPK1,CDKN1B,MAPK1,"both genes observed, pair held out",linear,top_DE_Pearson,0.5973014232208511,2
CDKN1B+MAPK1,CDKN1B,MAPK1,"both genes observed, pair held out",GEARS,top_DE_Pearson,0.686707557415592,2
CDKN1B+MAPK1,CDKN1B,MAPK1,"both genes observed, pair held out",CPA,top_DE_Pearson,0.5753586292107488,2
CDKN1B+MAPK1,CDKN1B,MAPK1,"both genes observed, pair held out",AttentionPert,top_DE_Pearson,0.5781868580777654,2
CDKN1B+MAPK1,CDKN1B,MAPK1,"both genes observed, pair held out",mean,top_DE_Pearson,0.39312298221592434,2
CDKN1B+MAPK1,CDKN1B,MAPK1,"both genes observed, pair held out",OpPert,top_DE_Pearson,0.6462424407868614,3
CDKN1B+MAPK1,CDKN1B,MAPK1,"both genes observed, pair held out",additive,top_DE_Pearson,0.44443234441670837,3
CDKN1B+MAPK1,CDKN1B,MAPK1,"both genes observed, pair held out",linear,top_DE_Pearson,0.5152273207968703,3
CDKN1B+MAPK1,CDKN1B,MAPK1,"both genes observed, pair held out",GEARS,top_DE_Pearson,0.6136071627665481,3
CDKN1B+MAPK1,CDKN1B,MAPK1,"both genes observed, pair held out",CPA,top_DE_Pearson,0.6591407918644837,3
CDKN1B+MAPK1,CDKN1B,MAPK1,"both genes observed, pair held out",AttentionPert,top_DE_Pearson,0.7585526516737702,3
CDKN1B+MAPK1,CDKN1B,MAPK1,"both genes observed, pair held out",mean,top_DE_Pearson,0.4248048948957459,3
CDKN1B+MAPK1,CDKN1B,MAPK1,"both genes observed, pair held out",OpPert,top_DE_Pearson,0.7461180093987263,4
CDKN1B+MAPK1,CDKN1B,MAPK1,"both genes observed, pair held out",additive,top_DE_Pearson,0.5546251488240989,4
CDKN1B+MAPK1,CDKN1B,MAPK1,"both genes observed, pair held out",linear,top_DE_Pearson,0.5609251411952174,4
CDKN1B+MAPK1,CDKN1B,MAPK1,"both genes observed, pair held out",GEARS,top_DE_Pearson,0.6259556671035691,4
CDKN1B+MAPK1,CDKN1B,MAPK1,"both genes observed, pair held out",CPA,top_DE_Pearson,0.5837149890207975,4
CDKN1B+MAPK1,CDKN1B,MAPK1,"both genes observed, pair held out",AttentionPert,top_DE_Pearson,0.5966237435367331,4
CDKN1B+MAPK1,CDKN1B,MAPK1,"both genes observed, pair held out",mean,top_DE_Pearson,0.4355000102303998,4
JUN+MAPK1,JUN,MAPK1,"both genes observed, pair held out",OpPert,top_DE_Pearson,0.6991946929968735,0
JUN+MAPK1,JUN,MAPK1,"both genes observed, pair held out",additive,top_DE_Pearson,0.5233979945948573,0
JUN+MAPK1,JUN,MAPK1,"both genes observed, pair held out",linear,top_DE_Pearson,0.53423466602063,0
JUN+MAPK1,JUN,MAPK1,"both genes observed, pair held out",GEARS,top_DE_Pearson,0.6005103376033892,0
JUN+MAPK1,JUN,MAPK1,"both genes observed, pair held out",CPA,top_DE_Pearson,0.6276959351749376,0
JUN+MAPK1,JUN,MAPK1,"both genes observed, pair held out",AttentionPert,top_DE_Pearson,0.6008218365815838,0
JUN+MAPK1,JUN,MAPK1,"both genes observed, pair held out",mean,top_DE_Pearson,0.42063670380154194,0
JUN+MAPK1,JUN,MAPK1,"both genes observed, pair held out",OpPert,top_DE_Pearson,0.7335775773389369,1
JUN+MAPK1,JUN,MAPK1,"both genes observed, pair held out",additive,top_DE_Pearson,0.634751130178898,1
JUN+MAPK1,JUN,MAPK1,"both genes observed, pair held out",linear,top_DE_Pearson,0.5996733993193711,1
JUN+MAPK1,JUN,MAPK1,"both genes observed, pair held out",GEARS,top_DE_Pearson,0.6584198106806454,1
JUN+MAPK1,JUN,MAPK1,"both genes observed, pair held out",CPA,top_DE_Pearson,0.6545175998088286,1
JUN+MAPK1,JUN,MAPK1,"both genes observed, pair held out",AttentionPert,top_DE_Pearson,0.6578059589842707,1
JUN+MAPK1,JUN,MAPK1,"both genes observed, pair held out",mean,top_DE_Pearson,0.4968459506267574,1
JUN+MAPK1,JUN,MAPK1,"both genes observed, pair held out",OpPert,top_DE_Pearson,0.6959008228244928,2
JUN+MAPK1,JUN,MAPK1,"both genes observed, pair held out",additive,top_DE_Pearson,0.5711796344007902,2
JUN+MAPK1,JUN,MAPK1,"both genes observed, pair held out",linear,top_DE_Pearson,0.5041597395271773,2
JUN+MAPK1,JUN,MAPK1,"both genes observed, pair held out",GEARS,top_DE_Pearson,0.6420433894115751,2
JUN+MAPK1,JUN,MAPK1,"both genes observed, pair held out",CPA,top_DE_Pearson,0.49865116173240676,2
JUN+MAPK1,JUN,MAPK1,"both genes observed, pair held out",AttentionPert,top_DE_Pearson,0.5423240326924966,2
JUN+MAPK1,JUN,MAPK1,"both genes observed, pair held out",mean,top_DE_Pearson,0.5382139040684852,2
JUN+MAPK1,JUN,MAPK1,"both genes observed, pair held out",OpPert,top_DE_Pearson,0.7104132097616518,3
JUN+MAPK1,JUN,MAPK1,"both genes observed, pair held out",additive,top_DE_Pearson,0.6292438973811518,3
JUN+MAPK1,JUN,MAPK1,"both genes observed, pair held out",linear,top_DE_Pearson,0.5536995369787624,3
JUN+MAPK1,JUN,MAPK1,"both genes observed, pair held out",GEARS,top_DE_Pearson,0.530865069523394,3
JUN+MAPK1,JUN,MAPK1,"both genes observed, pair held out",CPA,top_DE_Pearson,0.5655737681757794,3
JUN+MAPK1,JUN,MAPK1,"both genes observed, pair held out",AttentionPert,top_DE_Pearson,0.5961218778344344,3
JUN+MAPK1,JUN,MAPK1,"both genes observed, pair held out",mean,top_DE_Pearson,0.46473932298040055,3
JUN+MAPK1,JUN,MAPK1,"both genes observed, pair held out",OpPert,top_DE_Pearson,0.728020828725402,4
JUN+MAPK1,JUN,MAPK1,"both genes observed, pair held out",additive,top_DE_Pearson,0.5183237744997933,4
JUN+MAPK1,JUN,MAPK1,"both genes observed, pair held out",linear,top_DE_Pearson,0.5911220683081754,4
JUN+MAPK1,JUN,MAPK1,"both genes observed, pair held out",GEARS,top_DE_Pearson,0.5406823710339236,4
JUN+MAPK1,JUN,MAPK1,"both genes observed, pair held out",CPA,top_DE_Pearson,0.6070190366826287,4
JUN+MAPK1,JUN,MAPK1,"both genes observed, pair held out",AttentionPert,top_DE_Pearson,0.5901865130111382,4
JUN+MAPK1,JUN,MAPK1,"both genes observed, pair held out",mean,top_DE_Pearson,0.41501119970292893,4
STAT3+FOXA1,STAT3,FOXA1,"both genes observed, pair held out",OpPert,top_DE_Pearson,0.766280474536061,0
STAT3+FOXA1,STAT3,FOXA1,"both genes observed, pair held out",additive,top_DE_Pearson,0.5340932398615272,0
STAT3+FOXA1,STAT3,FOXA1,"both genes observed, pair held out",linear,top_DE_Pearson,0.5553662333893596,0
STAT3+FOXA1,STAT3,FOXA1,"both genes observed, pair held out",GEARS,top_DE_Pearson,0.47415294254339146,0
STAT3+FOXA1,STAT3,FOXA1,"both genes observed, pair held out",CPA,top_DE_Pearson,0.5263475588812313,0
STAT3+FOXA1,STAT3,FOXA1,"both genes observed, pair held out",AttentionPert,top_DE_Pearson,0.5742155945326188,0
STAT3+FOXA1,STAT3,FOXA1,"both genes observed, pair held out",mean,top_DE_Pearson,0.4188488394294014,0
STAT3+FOXA1,STAT3,FOXA1,"both genes observed, pair held out",OpPert,top_DE_Pearson,0.7429024556026678,1
STAT3+FOXA1,STAT3,FOXA1,"both genes observed, pair held out",additive,top_DE_Pearson,0.530103733476227,1
STAT3+FOXA1,STAT3,FOXA1,"both genes observed, pair held out",linear,top_DE_Pearson,0.6473066549590951,1
STAT3+FOXA1,STAT3,FOXA1,"both genes observed, pair held out",GEARS,top_DE_Pearson,0.603702278043022,1
STAT3+FOXA1,STAT3,FOXA1,"both genes observed, pair held out",CPA,top_DE_Pearson,0.5822336701852946,1
STAT3+FOXA1,STAT3,FOXA1,"both genes observed, pair held out",AttentionPert,top_DE_Pearson,0.5846722131372499,1
STAT3+FOXA1,STAT3,FOXA1,"both genes observed, pair held out",mean,top_DE_Pearson,0.4602277750972875,1
STAT3+FOXA1,STAT3,FOXA1,"both genes observed, pair held out",OpPert,top_DE_Pearson,0.7631277001829915,2
STAT3+FOXA1,STAT3,FOXA1,"both genes observed, pair held out",additive,top_DE_Pearson,0.40082335639492694,2
STAT3+FOXA1,STAT3,FOXA1,"both genes observed, pair held out",linear,top_DE_Pearson,0.44990725533367926,2
STAT3+FOXA1,STAT3,FOXA1,"both genes observed, pair held out",GEARS,top_DE_Pearson,0.5674097501366332,2
STAT3+FOXA1,STAT3,FOXA1,"both genes observed, pair held out",CPA,top_DE_Pearson,0.5808716729162541,2
STAT3+FOXA1,STAT3,FOXA1,"both genes observed, pair held out",AttentionPert,top_DE_Pearson,0.6314062654858407,2
STAT3+FOXA1,STAT3,FOXA1,"both genes observed, pair held out",mean,top_DE_Pearson,0.48838523188164845,2
STAT3+FOXA1,STAT3,FOXA1,"both genes observed, pair held out",OpPert,top_DE_Pearson,0.6369452452271657,3
STAT3+FOXA1,STAT3,FOXA1,"both genes observed, pair held out",additive,top_DE_Pearson,0.6011426215945058,3
STAT3+FOXA1,STAT3,FOXA1,"both genes observed, pair held out",linear,top_DE_Pearson,0.6318117241891638,3
STAT3+FOXA1,STAT3,FOXA1,"both genes observed, pair held out",GEARS,top_DE_Pearson,0.6110434698762939,3
STAT3+FOXA1,STAT3,FOXA1,"both genes observed, pair held out",CPA,top_DE_Pearson,0.6377594543492104,3
STAT3+FOXA1,STAT3,FOXA1,"both genes observed, pair held out",AttentionPert,top_DE_Pearson,0.6063587158059277,3
STAT3+FOXA1,STAT3,FOXA1,"both genes observed, pair held out",mean,top_DE_Pearson,0.42631101839302693,3
STAT3+FOXA1,STAT3,FOXA1,"both genes observed, pair held out",OpPert,top_DE_Pearson,0.7018690103400002,4
STAT3+FOXA1,STAT3,FOXA1,"both genes observed, pair held out",additive,top_DE_Pearson,0.5466367873547207,4
STAT3+FOXA1,STAT3,FOXA1,"both genes observed, pair held out",linear,top_DE_Pearson,0.5700803908052692,4
STAT3+FOXA1,STAT3,FOXA1,"both genes observed, pair held out",GEARS,top_DE_Pearson,0.6883772143313744,4
STAT3+FOXA1,STAT3,FOXA1,"both genes observed, pair held out",CPA,top_DE_Pearson,0.4329476722875948,4
STAT3+FOXA1,STAT3,FOXA1,"both genes observed, pair held out",AttentionPert,top_DE_Pearson,0.5049389497904258,4
STAT3+FOXA1,STAT3,FOXA1,"both genes observed, pair held out",mean,top_DE_Pearson,0.38877577441753775,4
CEBPA+JUN,CEBPA,JUN,exactly one gene observed,OpPert,top_DE_Pearson,0.4695604611336172,0
CEBPA+JUN,CEBPA,JUN,exactly one gene observed,additive,top_DE_Pearson,0.38089051806135044,0
CEBPA+JUN,CEBPA,JUN,exactly one gene observed,linear,top_DE_Pearson,0.4183494992885858,0
CEBPA+JUN,CEBPA,JUN,exactly one gene observed,GEARS,top_DE_Pearson,0.6474454455245535,0
CEBPA+JUN,CEBPA,JUN,exactly one gene observed,CPA,top_DE_Pearson,0.5881045168648288,0
CEBPA+JUN,CEBPA,JUN,exactly one gene observed,AttentionPert,top_DE_Pearson,0.46529503493892105,0
CEBPA+JUN,CEBPA,JUN,exactly one gene observed,mean,top_DE_Pearson,0.33818500258159206,0
CEBPA+JUN,CEBPA,JUN,exactly one gene observed,OpPert,top_DE_Pearson,0.49104776016870244,1
CEBPA+JUN,CEBPA,JUN,exactly one gene observed,additive,top_DE_Pearson,0.325512175206484,1
CEBPA+JUN,CEBPA,JUN,exactly one gene observed,linear,top_DE_Pearson,0.4629871888154885,1
CEBPA+JUN,CEBPA,JUN,exactly one gene observed,GEARS,top_DE_Pearson,0.44012888100535846,1
CEBPA+JUN,CEBPA,JUN,exactly one gene observed,CPA,top_DE_Pearson,0.4749089681002794,1
CEBPA+JUN,CEBPA,JUN,exactly one gene observed,AttentionPert,top_DE_Pearson,0.39398764905739136,1
CEBPA+JUN,CEBPA,JUN,exactly one gene observed,mean,top_DE_Pearson,0.3142815325013845,1
CEBPA+JUN,CEBPA,JUN,exactly one gene observed,OpPert,top_DE_Pearson,0.56891762571817,2
CEBPA+JUN,CEBPA,JUN,exactly one gene observed,additive,top_DE_Pearson,0.4619725758670362,2
CEBPA+JUN,CEBPA,JUN,exactly one gene observed,linear,top_DE_Pearson,0.49504831752452083,2
CEBPA+JUN,CEBPA,JUN,exactly one gene observed,GEARS,top_DE_Pearson,0.42077066095057775,2
CEBPA+JUN,CEBPA,JUN,exactly one gene observed,CPA,top_DE_Pearson,0.5312811438081337,2
CEBPA+JUN,CEBPA,JUN,exactly one gene observed,AttentionPert,top_DE_Pearson,0.441987298203889,2
CEBPA+JUN,CEBPA,JUN,exactly one gene observed,mean,top_DE_Pearson,0.39797147487643836,2
CEBPA+JUN,CEBPA,JUN,exactly one gene observed,OpPert,top_DE_Pearson,0.5593616794029085,3
CEBPA+JUN,CEBPA,JUN,exactly one gene observed,additive,top_DE_Pearson,0.35741675005532314,3
CEBPA+JUN,CEBPA,JUN,exactly one gene observed,linear,top_DE_Pearson,0.4510281377251287,3
CEBPA+JUN,CEBPA,JUN,exactly one gene observed,GEARS,top_DE_Pearson,0.5219218245238261,3
CEBPA+JUN,CEBPA,JUN,exactly one gene observed,CPA,top_DE_Pearson,0.5167779228284759,3
CEBPA+JUN,CEBPA,JUN,exactly one gene observed,AttentionPert,top_DE_Pearson,0.4815407261533349,3
CEBPA+JUN,CEBPA,JUN,exactly one gene observed,mean,top_DE_Pearson,0.45190673343606313,3
CEBPA+JUN,CEBPA,JUN,exactly one gene observed,OpPert,top_DE_Pearson,0.6204506462591936,4
CEBPA+JUN,CEBPA,JUN,exactly one gene observed,additive,top_DE_Pearson,0.42460075301601485,4
CEBPA+JUN,CEBPA,JUN,exactly one gene observed,linear,top_DE_Pearson,0.5150073087282167,4
CEBPA+JUN,CEBPA,JUN,exactly one gene observed,GEARS,top_DE_Pearson,0.6160276091112912,4
CEBPA+JUN,CEBPA,JUN,exactly one gene observed,CPA,top_DE_Pearson,0.5976290760469816,4
CEBPA+JUN,CEBPA,JUN,exactly one gene observed,AttentionPert,top_DE_Pearson,0.41632000715065015,4
CEBPA+JUN,CEBPA,JUN,exactly one gene observed,mean,top_DE_Pearson,0.30440801333057094,4
CEBPA+CDKN1A,CEBPA,CDKN1A,neither gene observed,OpPert,top_DE_Pearson,0.4308283521580572,0
CEBPA+CDKN1A,CEBPA,CDKN1A,neither gene observed,additive,top_DE_Pearson,0.3652136025684752,0
CEBPA+CDKN1A,CEBPA,CDKN1A,neither gene observed,linear,top_DE_Pearson,0.3638561976033342,0
CEBPA+CDKN1A,CEBPA,CDKN1A,neither gene observed,GEARS,top_DE_Pearson,0.3609661827756645,0
CEBPA+CDKN1A,CEBPA,CDKN1A,neither gene observed,CPA,top_DE_Pearson,0.3395472522965295,0
CEBPA+CDKN1A,CEBPA,CDKN1A,neither gene observed,AttentionPert,top_DE_Pearson,0.3472597761352375,0
CEBPA+CDKN1A,CEBPA,CDKN1A,neither gene observed,mean,top_DE_Pearson,0.20722942228046345,0
CEBPA+CDKN1A,CEBPA,CDKN1A,neither gene observed,OpPert,top_DE_Pearson,0.5968979726365637,1
CEBPA+CDKN1A,CEBPA,CDKN1A,neither gene observed,additive,top_DE_Pearson,0.3578506642711333,1
CEBPA+CDKN1A,CEBPA,CDKN1A,neither gene observed,linear,top_DE_Pearson,0.4232055432642843,1
CEBPA+CDKN1A,CEBPA,CDKN1A,neither gene observed,GEARS,top_DE_Pearson,0.3706553519128646,1
CEBPA+CDKN1A,CEBPA,CDKN1A,neither gene observed,CPA,top_DE_Pearson,0.36884259936883707,1
CEBPA+CDKN1A,CEBPA,CDKN1A,neither gene observed,AttentionPert,top_DE_Pearson,0.3471867611177787,1
CEBPA+CDKN1A,CEBPA,CDKN1A,neither gene observed,mean,top_DE_Pearson,0.10089749990484789,1
CEBPA+CDKN1A,CEBPA,CDKN1A,neither gene observed,OpPert,top_DE_Pearson,0.37731944338912804,2
CEBPA+CDKN1A,CEBPA,CDKN1A,neither gene observed,additive,top_DE_Pearson,0.23136287920117635,2
CEBPA+CDKN1A,CEBPA,CDKN1A,neither gene observed,linear,top_DE_Pearson,0.23501297332290355,2
CEBPA+CDKN1A,CEBPA,CDKN1A,neither gene observed,GEARS,top_DE_Pearson,0.3282784615421139,2
CEBPA+CDKN1A,CEBPA,CDKN1A,neither gene observed,CPA,top_DE_Pearson,0.45949734076289783,2
CEBPA+CDKN1A,CEBPA,CDKN1A,neither gene observed,AttentionPert,top_DE_Pearson,0.38733382993773874,2
CEBPA+CDKN1A,CEBPA,CDKN1A,neither gene observed,mean,top_DE_Pearson,0.33743382573927044,2
CEBPA+CDKN1A,CEBPA,CDKN1A,neither gene observed,OpPert,top_DE_Pearson,0.48465895461405256,3
CEBPA+CDKN1A,CEBPA,CDKN1A,neither gene observed,additive,top_DE_Pearson,0.38695352954290957,3
CEBPA+CDKN1A,CEBPA,CDKN1A,neither gene observed,linear,top_DE_Pearson,0.3159461802817255,3
CEBPA+CDKN1A,CEBPA,CDKN1A,neither gene observed,GEARS,top_DE_Pearson,0.4314370572515603,3
CEBPA+CDKN1A,CEBPA,CDKN1A,neither gene observed,CPA,top_DE_Pearson,0.42372285404446075,3
CEBPA+CDKN1A,CEBPA,CDKN1A,neither gene observed,AttentionPert,top_DE_Pearson,0.3554011624659784,3
CEBPA+CDKN1A,CEBPA,CDKN1A,neither gene observed,mean,top_DE_Pearson,0.29357242223697,3
CEBPA+CDKN1A,CEBPA,CDKN1A,neither gene observed,OpPert,top_DE_Pearson,0.49397126551449,4
CEBPA+CDKN1A,CEBPA,CDKN1A,neither gene observed,additive,top_DE_Pearson,0.30702684273219505,4
CEBPA+CDKN1A,CEBPA,CDKN1A,neither gene observed,linear,top_DE_Pearson,0.3026338940637403,4
CEBPA+CDKN1A,CEBPA,CDKN1A,neither gene observed,GEARS,top_DE_Pearson,0.32895230008610366,4
CEBPA+CDKN1A,CEBPA,CDKN1A,neither gene observed,CPA,top_DE_Pearson,0.3851903325152877,4
CEBPA+CDKN1A,CEBPA,CDKN1A,neither gene observed,AttentionPert,top_DE_Pearson,0.4096205921273589,4
CEBPA+CDKN1A,CEBPA,CDKN1A,neither gene observed,mean,top_DE_Pearson,0.21244845017252514,4
JUN+CEBPE,JUN,CEBPE,exactly one gene observed,OpPert,top_DE_Pearson,0.5970914428799181,0
JUN+CEBPE,JUN,CEBPE,exactly one gene observed,additive,top_DE_Pearson,0.5331128072073493,0
JUN+CEBPE,JUN,CEBPE,exactly one gene observed,linear,top_DE_Pearson,0.5466188499318826,0
JUN+CEBPE,JUN,CEBPE,exactly one gene observed,GEARS,top_DE_Pearson,0.43992251403460736,0
JUN+CEBPE,JUN,CEBPE,exactly one gene observed,CPA,top_DE_Pearson,0.5810151725722813,0
JUN+CEBPE,JUN,CEBPE,exactly one gene observed,AttentionPert,top_DE_Pearson,0.4581414097266571,0
JUN+CEBPE,JUN,CEBPE,exactly one gene observed,mean,top_DE_Pearson,0.4226923687472656,0
JUN+CEBPE,JUN,CEBPE,exactly one gene observed,OpPert,top_DE_Pearson,0.5640791975630653,1
JUN+CEBPE,JUN,CEBPE,exactly one gene observed,additive,top_DE_Pearson,0.41527103729258197,1
JUN+CEBPE,JUN,CEBPE,exactly one gene observed,linear,top_DE_Pearson,0.361538188413504,1
JUN+CEBPE,JUN,CEBPE,exactly one gene observed,GEARS,top_DE_Pearson,0.48970612938701913,1
JUN+CEBPE,JUN,CEBPE,exactly one gene observed,CPA,top_DE_Pearson,0.38643700588166346,1
JUN+CEBPE,JUN,CEBPE,exactly one gene observed,AttentionPert,top_DE_Pearson,0.5480379541505663,1
JUN+CEBPE,JUN,CEBPE,exactly one gene observed,mean,top_DE_Pearson,0.45100755942835485,1
JUN+CEBPE,JUN,CEBPE,exactly one gene observed,OpPert,top_DE_Pearson,0.5121853406421987,2
JUN+CEBPE,JUN,CEBPE,exactly one gene observed,additive,top_DE_Pearson,0.4581182445511563,2
JUN+CEBPE,JUN,CEBPE,exactly one gene observed,linear,top_DE_Pearson,0.42647650867952147,2
JUN+CEBPE,JUN,CEBPE,exactly one gene observed,GEARS,top_DE_Pearson,0.46229091619179263,2
JUN+CEBPE,JUN,CEBPE,exactly one gene observed,CPA,top_DE_Pearson,0.5264696822319223,2
JUN+CEBPE,JUN,CEBPE,exactly one gene observed,AttentionPert,top_DE_Pearson,0.48768770428939523,2
JUN+CEBPE,JUN,CEBPE,exactly one gene observed,mean,top_DE_Pearson,0.4643788825158607,2
JUN+CEBPE,JUN,CEBPE,exactly one gene observed,OpPert,top_DE_Pearson,0.5310660512778248,3
JUN+CEBPE,JUN,CEBPE,exactly one gene observed,additive,top_DE_Pearson,0.49996017994846936,3
JUN+CEBPE,JUN,CEBPE,exactly one gene observed,linear,top_DE_Pearson,0.4758448047774669,3
JUN+CEBPE,JUN,CEBPE,exactly one gene observed,GEARS,top_DE_Pearson,0.547746680584654,3
JUN+CEBPE,JUN,CEBPE,exactly one gene observed,CPA,top_DE_Pearson,0.45317054056020317,3
JUN+CEBPE,JUN,CEBPE,exactly one gene observed,AttentionPert,top_DE_Pearson,0.48702646974690506,3
JUN+CEBPE,JUN,CEBPE,exactly one gene observed,mean,top_DE_Pearson,0.3530700672420639,3
JUN+CEBPE,JUN,CEBPE,exactly one gene observed,OpPert,top_DE_Pearson,0.5098365731092528,4
JUN+CEBPE,JUN,CEBPE,exactly one gene observed,additive,top_DE_Pearson,0.47972489207490515,4
JUN+CEBPE,JUN,CEBPE,exactly one gene observed,linear,top_DE_Pearson,0.5090149403347018,4
JUN+CEBPE,JUN,CEBPE,exactly one gene observed,GEARS,top_DE_Pearson,0.535613281694334,4
JUN+CEBPE,JUN,CEBPE,exactly one gene observed,CPA,top_DE_Pearson,0.5722179392350587,4
JUN+CEBPE,JUN,CEBPE,exactly one gene observed,AttentionPert,top_DE_Pearson,0.5769606880741782,4
JUN+CEBPE,JUN,CEBPE,exactly one gene observed,mean,top_DE_Pearson,0.33750331860905186,4
CEBPE+STAT3,CEBPE,STAT3,neither gene observed,OpPert,top_DE_Pearson,0.42401503305286814,0
CEBPE+STAT3,CEBPE,STAT3,neither gene observed,additive,top_DE_Pearson,0.4372042185481631,0
CEBPE+STAT3,CEBPE,STAT3,neither gene observed,linear,top_DE_Pearson,0.39182188902057774,0
CEBPE+STAT3,CEBPE,STAT3,neither gene observed,GEARS,top_DE_Pearson,0.38691825231373467,0
CEBPE+STAT3,CEBPE,STAT3,neither gene observed,CPA,top_DE_Pearson,0.45161711431138263,0
CEBPE+STAT3,CEBPE,STAT3,neither gene observed,AttentionPert,top_DE_Pearson,0.25976307541227533,0
CEBPE+STAT3,CEBPE,STAT3,neither gene observed,mean,top_DE_Pearson,0.13915384430808264,0
CEBPE+STAT3,CEBPE,STAT3,neither gene observed,OpPert,top_DE_Pearson,0.5077503193131865,1
CEBPE+STAT3,CEBPE,STAT3,neither gene observed,additive,top_DE_Pearson,0.3436281068870421,1
CEBPE+STAT3,CEBPE,STAT3,neither gene observed,linear,top_DE_Pearson,0.3850267780156456,1
CEBPE+STAT3,CEBPE,STAT3,neither gene observed,GEARS,top_DE_Pearson,0.32041623380088713,1
CEBPE+STAT3,CEBPE,STAT3,neither gene observed,CPA,top_DE_Pearson,0.37860597734897805,1
CEBPE+STAT3,CEBPE,STAT3,neither gene observed,AttentionPert,top_DE_Pearson,0.5102105646240805,1
CEBPE+STAT3,CEBPE,STAT3,neither gene observed,mean,top_DE_Pearson,0.3094519771877518,1
CEBPE+STAT3,CEBPE,STAT3,neither gene observed,OpPert,top_DE_Pearson,0.47018239270856876,2
CEBPE+STAT3,CEBPE,STAT3,neither gene observed,additive,top_DE_Pearson,0.31365676539370374,2
CEBPE+STAT3,CEBPE,STAT3,neither gene observed,linear,top_DE_Pearson,0.34632562888783636,2
CEBPE+STAT3,CEBPE,STAT3,neither gene observed,GEARS,top_DE_Pearson,0.27224812664799897,2
CEBPE+STAT3,CEBPE,STAT3,neither gene observed,CPA,top_DE_Pearson,0.39545842525526964,2
CEBPE+STAT3,CEBPE,STAT3,neither gene observed,AttentionPert,top_DE_Pearson,0.44072898650891124,2
CEBPE+STAT3,CEBPE,STAT3,neither gene observed,mean,top_DE_Pearson,0.1654628403697631,2
CEBPE+STAT3,CEBPE,STAT3,neither gene observed,OpPert,top_DE_Pearson,0.42031498646159104,3
CEBPE+STAT3,CEBPE,STAT3,neither gene observed,additive,top_DE_Pearson,0.2705521220659947,3
CEBPE+STAT3,CEBPE,STAT3,neither gene observed,linear,top_DE_Pearson,0.3120789283114742,3
CEBPE+STAT3,CEBPE,STAT3,neither gene observed,GEARS,top_DE_Pearson,0.40320889760931405,3
CEBPE+STAT3,CEBPE,STAT3,neither gene observed,CPA,top_DE_Pearson,0.25493587070069157,3
CEBPE+STAT3,CEBPE,STAT3,neither gene observed,AttentionPert,top_DE_Pearson,0.42685622630142384,3
CEBPE+STAT3,CEBPE,STAT3,neither gene observed,mean,top_DE_Pearson,0.30523130419602096,3
CEBPE+STAT3,CEBPE,STAT3,neither gene observed,OpPert,top_DE_Pearson,0.4449338447177853,4
CEBPE+STAT3,CEBPE,STAT3,neither gene observed,additive,top_DE_Pearson,0.19115748940092753,4
CEBPE+STAT3,CEBPE,STAT3,neither gene observed,linear,top_DE_Pearson,0.3102148824398566,4
CEBPE+STAT3,CEBPE,STAT3,neither gene observed,GEARS,top_DE_Pearson,0.4739741160461618,4
CEBPE+STAT3,CEBPE,STAT3,neither gene observed,CPA,top_DE_Pearson,0.21332034315628567,4
CEBPE+STAT3,CEBPE,STAT3,neither gene observed,AttentionPert,top_DE_Pearson,0.36914859526838883,4
CEBPE+STAT3,CEBPE,STAT3,neither gene observed,mean,top_DE_Pearson,0.18919995329196448,4
FOS+MAPK1,FOS,MAPK1,"both genes observed, pair held out",OpPert,top_DE_Pearson,0.6842372412441367,0
FOS+MAPK1,FOS,MAPK1,"both genes observed, pair held out",additive,top_DE_Pearson,0.5739276251501456,0
FOS+MAPK1,FOS,MAPK1,"both genes observed, pair held out",linear,top_DE_Pearson,0.6801735503838011,0
FOS+MAPK1,FOS,MAPK1,"both genes observed, pair held out",GEARS,top_DE_Pearson,0.5878234833794778,0
FOS+MAPK1,FOS,MAPK1,"both genes observed, pair held out",CPA,top_DE_Pearson,0.6025626621773567,0
FOS+MAPK1,FOS,MAPK1,"both genes observed, pair held out",AttentionPert,top_DE_Pearson,0.5008966712523538,0
FOS+MAPK1,FOS,MAPK1,"both genes observed, pair held out",mean,top_DE_Pearson,0.5314248137976246,0
FOS+MAPK1,FOS,MAPK1,"both genes observed, pair held out",OpPert,top_DE_Pearson,0.614369469115718,1
FOS+MAPK1,FOS,MAPK1,"both genes observed, pair held out",additive,top_DE_Pearson,0.5063547501547353,1
FOS+MAPK1,FOS,MAPK1,"both genes observed, pair held out",linear,top_DE_Pearson,0.5686651323090474,1
FOS+MAPK1,FOS,MAPK1,"both genes observed, pair held out",GEARS,top_DE_Pearson,0.506226939279609,1
FOS+MAPK1,FOS,MAPK1,"both genes observed, pair held out",CPA,top_DE_Pearson,0.5937262017357362,1
FOS+MAPK1,FOS,MAPK1,"both genes observed, pair held out",AttentionPert,top_DE_Pearson,0.6480479763755006,1
FOS+MAPK1,FOS,MAPK1,"both genes observed, pair held out",mean,top_DE_Pearson,0.47757602940983745,1
FOS+MAPK1,FOS,MAPK1,"both genes observed, pair held out",OpPert,top_DE_Pearson,0.5646661461492765,2
FOS+MAPK1,FOS,MAPK1,"both genes observed, pair held out",additive,top_DE_Pearson,0.5325714423402205,2
FOS+MAPK1,FOS,MAPK1,"both genes observed, pair held out",linear,top_DE_Pearson,0.6145217341787694,2
FOS+MAPK1,FOS,MAPK1,"both genes observed, pair held out",GEARS,top_DE_Pearson,0.4873206740420455,2
FOS+MAPK1,FOS,MAPK1,"both genes observed, pair held out",CPA,top_DE_Pearson,0.5155140391709371,2
FOS+MAPK1,FOS,MAPK1,"both genes observed, pair held out",AttentionPert,top_DE_Pearson,0.6425926162448912,2
FOS+MAPK1,FOS,MAPK1,"both genes observed, pair held out",mean,top_DE_Pearson,0.47620572605183714,2
FOS+MAPK1,FOS,MAPK1,"both genes observed, pair held out",OpPert,top_DE_Pearson,0.6847182949276052,3
FOS+MAPK1,FOS,MAPK1,"both genes observed, pair held out",additive,top_DE_Pearson,0.6515696884573987,3
FOS+MAPK1,FOS,MAPK1,"both genes observed, pair held out",linear,top_DE_Pearson,0.5981131667103721,3
FOS+MAPK1,FOS,MAPK1,"both genes observed, pair held out",GEARS,top_DE_Pearson,0.6394732806259907,3
FOS+MAPK1,FOS,MAPK1,"both genes observed, pair held out",CPA,top_DE_Pearson,0.7426447316330995,3
FOS+MAPK1,FOS,MAPK1,"both genes observed, pair held out",AttentionPert,top_DE_Pearson,0.5771717265145705,3
FOS+MAPK1,FOS,MAPK1,"both genes observed, pair held out",mean,top_DE_Pearson,0.41212703418289026,3
FOS+MAPK1,FOS,MAPK1,"both genes observed, pair held out",OpPert,top_DE_Pearson,0.6856677838948279,4
FOS+MAPK1,FOS,MAPK1,"both genes observed, pair held out",additive,top_DE_Pearson,0.5663394617633337,4
FOS+MAPK1,FOS,MAPK1,"both genes observed, pair held out",linear,top_DE_Pearson,0.5383970764832274,4
FOS+MAPK1,FOS,MAPK1,"both genes observed, pair held out",GEARS,top_DE_Pearson,0.5380561788267091,4
FOS+MAPK1,FOS,MAPK1,"both genes observed, pair held out",CPA,top_DE_Pearson,0.7185906653254046,4
FOS+MAPK1,FOS,MAPK1,"both genes observed, pair held out",AttentionPert,top_DE_Pearson,0.6096106082232814,4
FOS+MAPK1,FOS,MAPK1,"both genes observed, pair held out",mean,top_DE_Pearson,0.4160628771158754,4
JUN+CDKN1B,JUN,CDKN1B,neither gene observed,OpPert,top_DE_Pearson,0.4937363723148696,0
JUN+CDKN1B,JUN,CDKN1B,neither gene observed,additive,top_DE_Pearson,0.26248706390609866,0
JUN+CDKN1B,JUN,CDKN1B,neither gene observed,linear,top_DE_Pearson,0.39115763223503036,0
JUN+CDKN1B,JUN,CDKN1B,neither gene observed,GEARS,top_DE_Pearson,0.5147772884639051,0
JUN+CDKN1B,JUN,CDKN1B,neither gene observed,CPA,top_DE_Pearson,0.40797065973183866,0
JUN+CDKN1B,JUN,CDKN1B,neither gene observed,AttentionPert,top_DE_Pearson,0.36742727377299217,0
JUN+CDKN1B,JUN,CDKN1B,neither gene observed,mean,top_DE_Pearson,0.2295736831743055,0
JUN+CDKN1B,JUN,CDKN1B,neither gene observed,OpPert,top_DE_Pearson,0.43537960159929345,1
JUN+CDKN1B,JUN,CDKN1B,neither gene observed,additive,top_DE_Pearson,0.32476223931713316,1
JUN+CDKN1B,JUN,CDKN1B,neither gene observed,linear,top_DE_Pearson,0.3473316080345037,1
JUN+CDKN1B,JUN,CDKN1B,neither gene observed,GEARS,top_DE_Pearson,0.45497868646447404,1
JUN+CDKN1B,JUN,CDKN1B,neither gene observed,CPA,top_DE_Pearson,0.276007453807461,1
JUN+CDKN1B,JUN,CDKN1B,neither gene observed,AttentionPert,top_DE_Pearson,0.441720003024728,1
JUN+CDKN1B,JUN,CDKN1B,neither gene observed,mean,top_DE_Pearson,0.23721880849144633,1
JUN+CDKN1B,JUN,CDKN1B,neither gene observed,OpPert,top_DE_Pearson,0.48261686714172236,2
JUN+CDKN1B,JUN,CDKN1B,neither gene observed,additive,top_DE_Pearson,0.2723807253879482,2
JUN+CDKN1B,JUN,CDKN1B,neither gene observed,linear,top_DE_Pearson,0.44971786401096614,2
JUN+CDKN1B,JUN,CDKN1B,neither gene observed,GEARS,top_DE_Pearson,0.4747380976103124,2
JUN+CDKN1B,JUN,CDKN1B,neither gene observed,CPA,top_DE_Pearson,0.43757543154500445,2
JUN+CDKN1B,JUN,CDKN1B,neither gene observed,AttentionPert,top_DE_Pearson,0.29911471345238766,2
JUN+CDKN1B,JUN,CDKN1B,neither gene observed,mean,top_DE_Pearson,0.30974726426396315,2
JUN+CDKN1B,JUN,CDKN1B,neither gene observed,OpPert,top_DE_Pearson,0.48429130525814257,3
JUN+CDKN1B,JUN,CDKN1B,neither gene observed,additive,top_DE_Pearson,0.24368372517204595,3
JUN+CDKN1B,JUN,CDKN1B,neither gene observed,linear,top_DE_Pearson,0.3685421569737511,3
JUN+CDKN1B,JUN,CDKN1B,neither gene observed,GEARS,top_DE_Pearson,0.4218720693419958,3
JUN+CDKN1B,JUN,CDKN1B,neither gene observed,CPA,top_DE_Pearson,0.41336451642938904,3
JUN+CDKN1B,JUN,CDKN1B,neither gene observed,AttentionPert,top_DE_Pearson,0.40063568201693134,3
JUN+CDKN1B,JUN,CDKN1B,neither gene observed,mean,top_DE_Pearson,0.2774738850108428,3
JUN+CDKN1B,JUN,CDKN1B,neither gene observed,OpPert,top_DE_Pearson,0.5484166835351858,4
JUN+CDKN1B,JUN,CDKN1B,neither gene observed,additive,top_DE_Pearson,0.4135620345946408,4
JUN+CDKN1B,JUN,CDKN1B,neither gene observed,linear,top_DE_Pearson,0.1979767027730354,4
JUN+CDKN1B,JUN,CDKN1B,neither gene observed,GEARS,top_DE_Pearson,0.3809536867097391,4
JUN+CDKN1B,JUN,CDKN1B,neither gene observed,CPA,top_DE_Pearson,0.3701209383473629,4
JUN+CDKN1B,JUN,CDKN1B,neither gene observed,AttentionPert,top_DE_Pearson,0.2848740856363817,4
JUN+CDKN1B,JUN,CDKN1B,neither gene observed,mean,top_DE_Pearson,0.26565098349393873,4
CEBPE+FOXA1,CEBPE,FOXA1,neither gene observed,OpPert,top_DE_Pearson,0.4801840563213924,0
CEBPE+FOXA1,CEBPE,FOXA1,neither gene observed,additive,top_DE_Pearson,0.2850505913622138,0
CEBPE+FOXA1,CEBPE,FOXA1,neither gene observed,linear,top_DE_Pearson,0.32968527857921937,0
CEBPE+FOXA1,CEBPE,FOXA1,neither gene observed,GEARS,top_DE_Pearson,0.4886436180502021,0
CEBPE+FOXA1,CEBPE,FOXA1,neither gene observed,CPA,top_DE_Pearson,0.3474465307932905,0
CEBPE+FOXA1,CEBPE,FOXA1,neither gene observed,AttentionPert,top_DE_Pearson,0.4177327493406375,0
CEBPE+FOXA1,CEBPE,FOXA1,neither gene observed,mean,top_DE_Pearson,0.14772691303634078,0
CEBPE+FOXA1,CEBPE,FOXA1,neither gene observed,OpPert,top_DE_Pearson,0.5717390536836928,1
CEBPE+FOXA1,CEBPE,FOXA1,neither gene observed,additive,top_DE_Pearson,0.37615914677838996,1
CEBPE+FOXA1,CEBPE,FOXA1,neither gene observed,linear,top_DE_Pearson,0.3590500094409843,1
CEBPE+FOXA1,CEBPE,FOXA1,neither gene observed,GEARS,top_DE_Pearson,0.4345327905999937,1
CEBPE+FOXA1,CEBPE,FOXA1,neither gene observed,CPA,top_DE_Pearson,0.2954108342631314,1
CEBPE+FOXA1,CEBPE,FOXA1,neither gene observed,AttentionPert,top_DE_Pearson,0.46095184450515947,1
CEBPE+FOXA1,CEBPE,FOXA1,neither gene observed,mean,top_DE_Pearson,0.2405609134702142,1
CEBPE+FOXA1,CEBPE,FOXA1,neither gene observed,OpPert,top_DE_Pearson,0.44775582909709394,2
CEBPE+FOXA1,CEBPE,FOXA1,neither gene observed,additive,top_DE_Pearson,0.310500663102071,2
CEBPE+FOXA1,CEBPE,FOXA1,neither gene observed,linear,top_DE_Pearson,0.3351609158352649,2
CEBPE+FOXA1,CEBPE,FOXA1,neither gene observed,GEARS,top_DE_Pearson,0.4416802366977045,2
CEBPE+FOXA1,CEBPE,FOXA1,neither gene observed,CPA,top_DE_Pearson,0.39535441100625335,2
CEBPE+FOXA1,CEBPE,FOXA1,neither gene observed,AttentionPert,top_DE_Pearson,0.4291048884841824,2
CEBPE+FOXA1,CEBPE,FOXA1,neither gene observed,mean,top_DE_Pearson,0.25947231863086573,2
CEBPE+FOXA1,CEBPE,FOXA1,neither gene observed,OpPert,top_DE_Pearson,0.49079198866463086,3
CEBPE+FOXA1,CEBPE,FOXA1,neither gene observed,additive,top_DE_Pearson,0.3148690753644977,3
CEBPE+FOXA1,CEBPE,FOXA1,neither gene observed,linear,top_DE_Pearson,0.5037839104845729,3
CEBPE+FOXA1,CEBPE,FOXA1,neither gene observed,GEARS,top_DE_Pearson,0.30592417501417013,3
CEBPE+FOXA1,CEBPE,FOXA1,neither gene observed,CPA,top_DE_Pearson,0.4556562394137791,3
CEBPE+FOXA1,CEBPE,FOXA1,neither gene observed,AttentionPert,top_DE_Pearson,0.47207444704325824,3
CEBPE+FOXA1,CEBPE,FOXA1,neither gene observed,mean,top_DE_Pearson,0.20887047164206438,3
CEBPE+FOXA1,CEBPE,FOXA1,neither gene observed,OpPert,top_DE_Pearson,0.5937564166333584,4
CEBPE+FOXA1,CEBPE,FOXA1,neither gene observed,additive,top_DE_Pearson,0.3997294169767191,4
CEBPE+FOXA1,CEBPE,FOXA1,neither gene observed,linear,top_DE_Pearson,0.42826834040937467,4
CEBPE+FOXA1,CEBPE,FOXA1,neither gene observed,GEARS,top_DE_Pearson,0.40168133122155264,4
CEBPE+FOXA1,CEBPE,FOXA1,neither gene observed,CPA,top_DE_Pearson,0.36696643050687944,4
CEBPE+FOXA1,CEBPE,FOXA1,neither gene observed,AttentionPert,top_DE_Pearson,0.37743547037762354,4
CEBPE+FOXA1,CEBPE,FOXA1,neither gene observed,mean,top_DE_Pearson,0.283431835779171,4
CDKN1B+FOS,CDKN1B,FOS,"both genes observed, pair held out",OpPert,top_DE_Pearson,0.7094656237430987,0
CDKN1B+FOS,CDKN1B,FOS,"both genes observed, pair held out",additive,top_DE_Pearson,0.5952690447836876,0
CDKN1B+FOS,CDKN1B,FOS,"both genes observed, pair held out",linear,top_DE_Pearson,0.6092795717068671,0
CDKN1B+FOS,CDKN1B,FOS,"both genes observed, pair held out",GEARS,top_DE_Pearson,0.644729934391499,0
CDKN1B+FOS,CDKN1B,FOS,"both genes observed, pair held out",CPA,top_DE_Pearson,0.5637443121905314,0
CDKN1B+FOS,CDKN1B,FOS,"both genes observed, pair held out",AttentionPert,top_DE_Pearson,0.5342606499721652,0
CDKN1B+FOS,CDKN1B,FOS,"both genes observed, pair held out",mean,top_DE_Pearson,0.40790839416155317,0
CDKN1B+FOS,CDKN1B,FOS,"both genes observed, pair held out",OpPert,top_DE_Pearson,0.5618722050925284,1
CDKN1B+FOS,CDKN1B,FOS,"both genes observed, pair held out",additive,top_DE_Pearson,0.554216916692757,1
CDKN1B+FOS,CDKN1B,FOS,"both genes observed, pair held out",linear,top_DE_Pearson,0.5649930730064043,1
CDKN1B+FOS,CDKN1B,FOS,"both genes observed, pair held out",GEARS,top_DE_Pearson,0.5736007377282174,1
CDKN1B+FOS,CDKN1B,FOS,"both genes observed, pair held out",CPA,top_DE_Pearson,0.4026628705392958,1
CDKN1B+FOS,CDKN1B,FOS,"both genes observed, pair held out",AttentionPert,top_DE_Pearson,0.5151609518183499,1
CDKN1B+FOS,CDKN1B,FOS,"both genes observed, pair held out",mean,top_DE_Pearson,0.52725043908419,1
CDKN1B+FOS,CDKN1B,FOS,"both genes observed, pair held out",OpPert,top_DE_Pearson,0.6201224399962121,2
CDKN1B+FOS,CDKN1B,FOS,"both genes observed, pair held out",additive,top_DE_Pearson,0.5616355006594105,2
CDKN1B+FOS,CDKN1B,FOS,"both genes observed, pair held out",linear,top_DE_Pearson,0.4865588742014846,2
CDKN1B+FOS,CDKN1B,FOS,"both genes observed, pair held out",GEARS,top_DE_Pearson,0.6863223289415539,2
CDKN1B+FOS,CDKN1B,FOS,"both genes observed, pair held out",CPA,top_DE_Pearson,0.5713583403967194,2
CDKN1B+FOS,CDKN1B,FOS,"both genes observed, pair held out",AttentionPert,top_DE_Pearson,0.6074024237890121,2
CDKN1B+FOS,CDKN1B,FOS,"both genes observed, pair held out",mean,top_DE_Pearson,0.599546787512901,2
CDKN1B+FOS,CDKN1B,FOS,"both genes observed, pair held out",OpPert,top_DE_Pearson,0.7509864060353642,3
CDKN1B+FOS,CDKN1B,FOS,"both genes observed, pair held out",additive,top_DE_Pearson,0.5216060627227765,3
CDKN1B+FOS,CDKN1B,FOS,"both genes observed, pair held out",linear,top_DE_Pearson,0.5344067889077784,3
CDKN1B+FOS,CDKN1B,FOS,"both genes observed, pair held out",GEARS,top_DE_Pearson,0.5804672993088281,3
CDKN1B+FOS,CDKN1B,FOS,"both genes observed, pair held out",CPA,top_DE_Pearson,0.6105938949085921,3
CDKN1B+FOS,CDKN1B,FOS,"both genes observed, pair held out",AttentionPert,top_DE_Pearson,0.5836865519449477,3
CDKN1B+FOS,CDKN1B,FOS,"both genes observed, pair held out",mean,top_DE_Pearson,0.4362853512997917,3
CDKN1B+FOS,CDKN1B,FOS,"both genes observed, pair held out",OpPert,top_DE_Pearson,0.7480308750425424,4
CDKN1B+FOS,CDKN1B,FOS,"both genes observed, pair held out",additive,top_DE_Pearson,0.5331474064933298,4
CDKN1B+FOS,CDKN1B,FOS,"both genes observed, pair held out",linear,top_DE_Pearson,0.7079753455822391,4
CDKN1B+FOS,CDKN1B,FOS,"both genes observed, pair held out",GEARS,top_DE_Pearson,0.6054445538251304,4
CDKN1B+FOS,CDKN1B,FOS,"both genes observed, pair held out",CPA,top_DE_Pearson,0.6871191036534836,4
CDKN1B+FOS,CDKN1B,FOS,"both genes observed, pair held out",AttentionPert,top_DE_Pearson,0.6114391653626375,4
CDKN1B+FOS,CDKN1B,FOS,"both genes observed, pair held out",mean,top_DE_Pearson,0.5177776343949668,4
KLF1+STAT3,KLF1,STAT3,exactly one gene observed,OpPert,top_DE_Pearson,0.5875823573008992,0
KLF1+STAT3,KLF1,STAT3,exactly one gene observed,additive,top_DE_Pearson,0.4993131945479189,0
KLF1+STAT3,KLF1,STAT3,exactly one gene observed,linear,top_DE_Pearson,0.47241539012002776,0
KLF1+STAT3,KLF1,STAT3,exactly one gene observed,GEARS,top_DE_Pearson,0.42281639989497816,0
KLF1+STAT3,KLF1,STAT3,exactly one gene observed,CPA,top_DE_Pearson,0.39838449802264037,0
KLF1+STAT3,KLF1,STAT3,exactly one gene observed,AttentionPert,top_DE_Pearson,0.40437181586882553,0
KLF1+STAT3,KLF1,STAT3,exactly one gene observed,mean,top_DE_Pearson,0.2539426732236371,0
KLF1+STAT3,KLF1,STAT3,exactly one gene observed,OpPert,top_DE_Pearson,0.5665691215668253,1
KLF1+STAT3,KLF1,STAT3,exactly one gene observed,additive,top_DE_Pearson,0.5075026353024815,1
KLF1+STAT3,KLF1,STAT3,exactly one gene observed,linear,top_DE_Pearson,0.46919505278451146,1
KLF1+STAT3,KLF1,STAT3,exactly one gene observed,GEARS,top_DE_Pearson,0.3643751145597289,1
KLF1+STAT3,KLF1,STAT3,exactly one gene observed,CPA,top_DE_Pearson,0.4685543723799271,1
KLF1+STAT3,KLF1,STAT3,exactly one gene observed,AttentionPert,top_DE_Pearson,0.48023206020204356,1
KLF1+STAT3,KLF1,STAT3,exactly one gene observed,mean,top_DE_Pearson,0.4857599250135264,1
KLF1+STAT3,KLF1,STAT3,exactly one gene observed,OpPert,top_DE_Pearson,0.4725717252248267,2
KLF1+STAT3,KLF1,STAT3,exactly one gene observed,additive,top_DE_Pearson,0.41655934384404825,2
KLF1+STAT3,KLF1,STAT3,exactly one gene observed,linear,top_DE_Pearson,0.5723511608326738,2
KLF1+STAT3,KLF1,STAT3,exactly one gene observed,GEARS,top_DE_Pearson,0.5269987004807929,2
KLF1+STAT3,KLF1,STAT3,exactly one gene observed,CPA,top_DE_Pearson,0.5137987844109855,2
KLF1+STAT3,KLF1,STAT3,exactly one gene observed,AttentionPert,top_DE_Pearson,0.4968750662214327,2
KLF1+STAT3,KLF1,STAT3,exactly one gene observed,mean,top_DE_Pearson,0.37979661231943584,2
KLF1+STAT3,KLF1,STAT3,exactly one gene observed,OpPert,top_DE_Pearson,0.6066565718167122,3
KLF1+STAT3,KLF1,STAT3,exactly one gene observed,additive,top_DE_Pearson,0.391430820866434,3
KLF1+STAT3,KLF1,STAT3,exactly one gene observed,linear,top_DE_Pearson,0.5226835147344919,3
KLF1+STAT3,KLF1,STAT3,exactly one gene observed,GEARS,top_DE_Pearson,0.4176198189868676,3
KLF1+STAT3,KLF1,STAT3,exactly one gene observed,CPA,top_DE_Pearson,0.4997020783698923,3
KLF1+STAT3,KLF1,STAT3,exactly one gene observed,AttentionPert,top_DE_Pearson,0.5007244577971797,3
KLF1+STAT3,KLF1,STAT3,exactly one gene observed,mean,top_DE_Pearson,0.3230224147084735,3
KLF1+STAT3,KLF1,STAT3,exactly one gene observed,OpPert,top_DE_Pearson,0.5586388834804612,4
KLF1+STAT3,KLF1,STAT3,exactly one gene observed,additive,top_DE_Pearson,0.40264759084006685,4
KLF1+STAT3,KLF1,STAT3,exactly one gene observed,linear,top_DE_Pearson,0.40569792038829533,4
KLF1+STAT3,KLF1,STAT3,exactly one gene observed,GEARS,top_DE_Pearson,0.4787831155031813,4
KLF1+STAT3,KLF1,STAT3,exactly one gene observed,CPA,top_DE_Pearson,0.4137606818777003,4
KLF1+STAT3,KLF1,STAT3,exactly one gene observed,AttentionPert,top_DE_Pearson,0.5093678478455949,4
KLF1+STAT3,KLF1,STAT3,exactly one gene observed,mean,top_DE_Pearson,0.2909948703508582,4
FOXA1+CEBPE,FOXA1,CEBPE,"both genes observed, pair held out",OpPert,top_DE_Pearson,0.6225237955070891,0
FOXA1+CEBPE,FOXA1,CEBPE,"both genes observed, pair held out",additive,top_DE_Pearson,0.6195088037324904,0
FOXA1+CEBPE,FOXA1,CEBPE,"both genes observed, pair held out",linear,top_DE_Pearson,0.5898173967369955,0
FOXA1+CEBPE,FOXA1,CEBPE,"both genes observed, pair held out",GEARS,top_DE_Pearson,0.5872959718473363,0
FOXA1+CEBPE,FOXA1,CEBPE,"both genes observed, pair held out",CPA,top_DE_Pearson,0.6099231664641833,0
FOXA1+CEBPE,FOXA1,CEBPE,"both genes observed, pair held out",AttentionPert,top_DE_Pearson,0.4635684591602187,0
FOXA1+CEBPE,FOXA1,CEBPE,"both genes observed, pair held out",mean,top_DE_Pearson,0.45741198462154553,0
FOXA1+CEBPE,FOXA1,CEBPE,"both genes observed, pair held out",OpPert,top_DE_Pearson,0.7798508506682856,1
FOXA1+CEBPE,FOXA1,CEBPE,"both genes observed, pair held out",additive,top_DE_Pearson,0.5479407903841604,1
FOXA1+CEBPE,FOXA1,CEBPE,"both genes observed, pair held out",linear,top_DE_Pearson,0.57407479015016,1
FOXA1+CEBPE,FOXA1,CEBPE,"both genes observed, pair held out",GEARS,top_DE_Pearson,0.6328877027785318,1
FOXA1+CEBPE,FOXA1,CEBPE,"both genes observed, pair held out",CPA,top_DE_Pearson,0.6337363145988607,1
FOXA1+CEBPE,FOXA1,CEBPE,"both genes observed, pair held out",AttentionPert,top_DE_Pearson,0.4701519984266084,1
FOXA1+CEBPE,FOXA1,CEBPE,"both genes observed, pair held out",mean,top_DE_Pearson,0.3590604110925384,1
FOXA1+CEBPE,FOXA1,CEBPE,"both genes observed, pair held out",OpPert,top_DE_Pearson,0.6726174774651688,2
FOXA1+CEBPE,FOXA1,CEBPE,"both genes observed, pair held out",additive,top_DE_Pearson,0.49710740628614947,2
FOXA1+CEBPE,FOXA1,CEBPE,"both genes observed, pair held out",linear,top_DE_Pearson,0.6487215157331948,2
FOXA1+CEBPE,FOXA1,CEBPE,"both genes observed, pair held out",GEARS,top_DE_Pearson,0.5810895366068866,2
FOXA1+CEBPE,FOXA1,CEBPE,"both genes observed, pair held out",CPA,top_DE_Pearson,0.4639281558572129,2
FOXA1+CEBPE,FOXA1,CEBPE,"both genes observed, pair held out",AttentionPert,top_DE_Pearson,0.5139191649893602,2
FOXA1+CEBPE,FOXA1,CEBPE,"both genes observed, pair held out",mean,top_DE_Pearson,0.2950194388221654,2
FOXA1+CEBPE,FOXA1,CEBPE,"both genes observed, pair held out",OpPert,top_DE_Pearson,0.6459524677630252,3
FOXA1+CEBPE,FOXA1,CEBPE,"both genes observed, pair held out",additive,top_DE_Pearson,0.528696952364137,3
FOXA1+CEBPE,FOXA1,CEBPE,"both genes observed, pair held out",linear,top_DE_Pearson,0.5445322374130861,3
FOXA1+CEBPE,FOXA1,CEBPE,"both genes observed, pair held out",GEARS,top_DE_Pearson,0.6647327423417843,3
FOXA1+CEBPE,FOXA1,CEBPE,"both genes observed, pair held out",CPA,top_DE_Pearson,0.6519111901910015,3
FOXA1+CEBPE,FOXA1,CEBPE,"both genes observed, pair held out",AttentionPert,top_DE_Pearson,0.5797766945986333,3
FOXA1+CEBPE,FOXA1,CEBPE,"both genes observed, pair held out",mean,top_DE_Pearson,0.3319183799513886,3
FOXA1+CEBPE,FOXA1,CEBPE,"both genes observed, pair held out",OpPert,top_DE_Pearson,0.6970368948295355,4
FOXA1+CEBPE,FOXA1,CEBPE,"both genes observed, pair held out",additive,top_DE_Pearson,0.5733216137105146,4
FOXA1+CEBPE,FOXA1,CEBPE,"both genes observed, pair held out",linear,top_DE_Pearson,0.5885634942094167,4
FOXA1+CEBPE,FOXA1,CEBPE,"both genes observed, pair held out",GEARS,top_DE_Pearson,0.6588887849584869,4
FOXA1+CEBPE,FOXA1,CEBPE,"both genes observed, pair held out",CPA,top_DE_Pearson,0.5101103142123375,4
FOXA1+CEBPE,FOXA1,CEBPE,"both genes observed, pair held out",AttentionPert,top_DE_Pearson,0.7105253231711083,4
FOXA1+CEBPE,FOXA1,CEBPE,"both genes observed, pair held out",mean,top_DE_Pearson,0.4024343348114879,4
SPI1+CDKN1A,SPI1,CDKN1A,"both genes observed, pair held out",OpPert,top_DE_Pearson,0.6041841187637969,0
SPI1+CDKN1A,SPI1,CDKN1A,"both genes observed, pair held out",additive,top_DE_Pearson,0.6309821188035202,0
SPI1+CDKN1A,SPI1,CDKN1A,"both genes observed, pair held out",linear,top_DE_Pearson,0.5543460106199489,0
SPI1+CDKN1A,SPI1,CDKN1A,"both genes observed, pair held out",GEARS,top_DE_Pearson,0.6503953563079679,0
SPI1+CDKN1A,SPI1,CDKN1A,"both genes observed, pair held out",CPA,top_DE_Pearson,0.5942173233231547,0
SPI1+CDKN1A,SPI1,CDKN1A,"both genes observed, pair held out",AttentionPert,top_DE_Pearson,0.5837025106399896,0
SPI1+CDKN1A,SPI1,CDKN1A,"both genes observed, pair held out",mean,top_DE_Pearson,0.5418310194959614,0
SPI1+CDKN1A,SPI1,CDKN1A,"both genes observed, pair held out",OpPert,top_DE_Pearson,0.6458004705208858,1
SPI1+CDKN1A,SPI1,CDKN1A,"both genes observed, pair held out",additive,top_DE_Pearson,0.4331557135461918,1
SPI1+CDKN1A,SPI1,CDKN1A,"both genes observed, pair held out",linear,top_DE_Pearson,0.5218055944828977,1
SPI1+CDKN1A,SPI1,CDKN1A,"both genes observed, pair held out",GEARS,top_DE_Pearson,0.6330715037221016,1
SPI1+CDKN1A,SPI1,CDKN1A,"both genes observed, pair held out",CPA,top_DE_Pearson,0.6037305463817505,1
SPI1+CDKN1A,SPI1,CDKN1A,"both genes observed, pair held out",AttentionPert,top_DE_Pearson,0.49597650498587365,1
SPI1+CDKN1A,SPI1,CDKN1A,"both genes observed, pair held out",mean,top_DE_Pearson,0.4165394488355079,1
SPI1+CDKN1A,SPI1,CDKN1A,"both genes observed, pair held out",OpPert,top_DE_Pearson,0.6250967190478651,2
SPI1+CDKN1A,SPI1,CDKN1A,"both genes observed, pair held out",additive,top_DE_Pearson,0.5180718243531466,2
SPI1+CDKN1A,SPI1,CDKN1A,"both genes observed, pair held out",linear,top_DE_Pearson,0.48744518468390685,2
SPI1+CDKN1A,SPI1,CDKN1A,"both genes observed, pair held out",GEARS,top_DE_Pearson,0.5622977335128313,2
SPI1+CDKN1A,SPI1,CDKN1A,"both genes observed, pair held out",CPA,top_DE_Pearson,0.5362833708844283,2
SPI1+CDKN1A,SPI1,CDKN1A,"both genes observed, pair held out",AttentionPert,top_DE_Pearson,0.6362919955857151,2
SPI1+CDKN1A,SPI1,CDKN1A,"both genes observed, pair held out",mean,top_DE_Pearson,0.5085472786594146,2
SPI1+CDKN1A,SPI1,CDKN1A,"both genes observed, pair held out",OpPert,top_DE_Pearson,0.6512513725146709,3
SPI1+CDKN1A,SPI1,CDKN1A,"both genes observed, pair held out",additive,top_DE_Pearson,0.5164776122477561,3
SPI1+CDKN1A,SPI1,CDKN1A,"both genes observed, pair held out",linear,top_DE_Pearson,0.5783954587223468,3
SPI1+CDKN1A,SPI1,CDKN1A,"both genes observed, pair held out",GEARS,top_DE_Pearson,0.5510054935526655,3
SPI1+CDKN1A,SPI1,CDKN1A,"both genes observed, pair held out",CPA,top_DE_Pearson,0.5111900750699535,3
SPI1+CDKN1A,SPI1,CDKN1A,"both genes observed, pair held out",AttentionPert,top_DE_Pearson,0.533586727464457,3
SPI1+CDKN1A,SPI1,CDKN1A,"both genes observed, pair held out",mean,top_DE_Pearson,0.42191121016171257,3
SPI1+CDKN1A,SPI1,CDKN1A,"both genes observed, pair held out",OpPert,top_DE_Pearson,0.5901915720124636,4
SPI1+CDKN1A,SPI1,CDKN1A,"both genes observed, pair held out",additive,top_DE_Pearson,0.5497235735437725,4
SPI1+CDKN1A,SPI1,CDKN1A,"both genes observed, pair held out",linear,top_DE_Pearson,0.6137829404270224,4
SPI1+CDKN1A,SPI1,CDKN1A,"both genes observed, pair held out",GEARS,top_DE_Pearson,0.5047741019521055,4
SPI1+CDKN1A,SPI1,CDKN1A,"both genes observed, pair held out",CPA,top_DE_Pearson,0.5815077226729619,4
SPI1+CDKN1A,SPI1,CDKN1A,"both genes observed, pair held out",AttentionPert,top_DE_Pearson,0.5768038522840199,4
SPI1+CDKN1A,SPI1,CDKN1A,"both genes observed, pair held out",mean,top_DE_Pearson,0.48049052113220814,4
FOS+SPI1,FOS,SPI1,neither gene observed,OpPert,top_DE_Pearson,0.4617654145350984,0
FOS+SPI1,FOS,SPI1,neither gene observed,additive,top_DE_Pearson,0.4017268551847306,0
FOS+SPI1,FOS,SPI1,neither gene observed,linear,top_DE_Pearson,0.23714875773741984,0
FOS+SPI1,FOS,SPI1,neither gene observed,GEARS,top_DE_Pearson,0.4207435947880948,0
FOS+SPI1,FOS,SPI1,neither gene observed,CPA,top_DE_Pearson,0.4513773203172586,0
FOS+SPI1,FOS,SPI1,neither gene observed,AttentionPert,top_DE_Pearson,0.3808184474276272,0
FOS+SPI1,FOS,SPI1,neither gene observed,mean,top_DE_Pearson,0.29301214976158646,0
FOS+SPI1,FOS,SPI1,neither gene observed,OpPert,top_DE_Pearson,0.4178158551461319,1
FOS+SPI1,FOS,SPI1,neither gene observed,additive,top_DE_Pearson,0.3328380280433874,1
FOS+SPI1,FOS,SPI1,neither gene observed,linear,top_DE_Pearson,0.2727451889015109,1
FOS+SPI1,FOS,SPI1,neither gene observed,GEARS,top_DE_Pearson,0.25933940149486756,1
FOS+SPI1,FOS,SPI1,neither gene observed,CPA,top_DE_Pearson,0.4365659480735165,1
FOS+SPI1,FOS,SPI1,neither gene observed,AttentionPert,top_DE_Pearson,0.3309003043365335,1
FOS+SPI1,FOS,SPI1,neither gene observed,mean,top_DE_Pearson,0.23266832929979417,1
FOS+SPI1,FOS,SPI1,neither gene observed,OpPert,top_DE_Pearson,0.3768134648037884,2
FOS+SPI1,FOS,SPI1,neither gene observed,additive,top_DE_Pearson,0.2554018178149675,2
FOS+SPI1,FOS,SPI1,neither gene observed,linear,top_DE_Pearson,0.359569737994323,2
FOS+SPI1,FOS,SPI1,neither gene observed,GEARS,top_DE_Pearson,0.35622536835186125,2
FOS+SPI1,FOS,SPI1,neither gene observed,CPA,top_DE_Pearson,0.4026782598796819,2
FOS+SPI1,FOS,SPI1,neither gene observed,AttentionPert,top_DE_Pearson,0.41715230513877555,2
FOS+SPI1,FOS,SPI1,neither gene observed,mean,top_DE_Pearson,0.27925097877947647,2
FOS+SPI1,FOS,SPI1,neither gene observed,OpPert,top_DE_Pearson,0.47431604745570666,3
FOS+SPI1,FOS,SPI1,neither gene observed,additive,top_DE_Pearson,0.4346660922959132,3
FOS+SPI1,FOS,SPI1,neither gene observed,linear,top_DE_Pearson,0.30594437385730683,3
FOS+SPI1,FOS,SPI1,neither gene observed,GEARS,top_DE_Pearson,0.39670390802782496,3
FOS+SPI1,FOS,SPI1,neither gene observed,CPA,top_DE_Pearson,0.44796138923117534,3
FOS+SPI1,FOS,SPI1,neither gene observed,AttentionPert,top_DE_Pearson,0.4658723885602822,3
FOS+SPI1,FOS,SPI1,neither gene observed,mean,top_DE_Pearson,0.17469418103932566,3
FOS+SPI1,FOS,SPI1,neither gene observed,OpPert,top_DE_Pearson,0.44125867350064785,4
FOS+SPI1,FOS,SPI1,neither gene observed,additive,top_DE_Pearson,0.42148726575203566,4
FOS+SPI1,FOS,SPI1,neither gene observed,linear,top_DE_Pearson,0.4004847463119439,4
FOS+SPI1,FOS,SPI1,neither gene observed,GEARS,top_DE_Pearson,0.4117157818887864,4
FOS+SPI1,FOS,SPI1,neither gene observed,CPA,top_DE_Pearson,0.3669389183939206,4
FOS+SPI1,FOS,SPI1,neither gene observed,AttentionPert,top_DE_Pearson,0.3669719444575353,4
FOS+SPI1,FOS,SPI1,neither gene observed,mean,top_DE_Pearson,0.27729314378541947,4
KLF1+FOXA1,KLF1,FOXA1,exactly one gene observed,OpPert,top_DE_Pearson,0.5647159223669023,0
KLF1+FOXA1,KLF1,FOXA1,exactly one gene observed,additive,top_DE_Pearson,0.39931570829039004,0
KLF1+FOXA1,KLF1,FOXA1,exactly one gene observed,linear,top_DE_Pearson,0.5019277624328863,0
KLF1+FOXA1,KLF1,FOXA1,exactly one gene observed,GEARS,top_DE_Pearson,0.6748546789049252,0
KLF1+FOXA1,KLF1,FOXA1,exactly one gene observed,CPA,top_DE_Pearson,0.37338080164043547,0
KLF1+FOXA1,KLF1,FOXA1,exactly one gene observed,AttentionPert,top_DE_Pearson,0.5094407514513988,0
KLF1+FOXA1,KLF1,FOXA1,exactly one gene observed,mean,top_DE_Pearson,0.3143885946828657,0
KLF1+FOXA1,KLF1,FOXA1,exactly one gene observed,OpPert,top_DE_Pearson,0.594644154651155,1
KLF1+FOXA1,KLF1,FOXA1,exactly one gene observed,additive,top_DE_Pearson,0.44279344839967166,1
KLF1+FOXA1,KLF1,FOXA1,exactly one gene observed,linear,top_DE_Pearson,0.5157112864425478,1
KLF1+FOXA1,KLF1,FOXA1,exactly one gene observed,GEARS,top_DE_Pearson,0.5705303945905268,1
KLF1+FOXA1,KLF1,FOXA1,exactly one gene observed,CPA,top_DE_Pearson,0.49154526706609086,1
KLF1+FOXA1,KLF1,FOXA1,exactly one gene observed,AttentionPert,top_DE_Pearson,0.5579231373048507,1
KLF1+FOXA1,KLF1,FOXA1,exactly one gene observed,mean,top_DE_Pearson,0.21934212637267936,1
KLF1+FOXA1,KLF1,FOXA1,exactly one gene observed,OpPert,top_DE_Pearson,0.6554271378749614,2
KLF1+FOXA1,KLF1,FOXA1,exactly one gene observed,additive,top_DE_Pearson,0.46250372911354043,2
KLF1+FOXA1,KLF1,FOXA1,exactly one gene observed,linear,top_DE_Pearson,0.5346706013447109,2
KLF1+FOXA1,KLF1,FOXA1,exactly one gene observed,GEARS,top_DE_Pearson,0.4268074553095087,2
KLF1+FOXA1,KLF1,FOXA1,exactly one gene observed,CPA,top_DE_Pearson,0.43015380710367984,2
KLF1+FOXA1,KLF1,FOXA1,exactly one gene observed,AttentionPert,top_DE_Pearson,0.49875629764868645,2
KLF1+FOXA1,KLF1,FOXA1,exactly one gene observed,mean,top_DE_Pearson,0.3589777266397522,2
KLF1+FOXA1,KLF1,FOXA1,exactly one gene observed,OpPert,top_DE_Pearson,0.5769841152805995,3
KLF1+FOXA1,KLF1,FOXA1,exactly one gene observed,additive,top_DE_Pearson,0.5050709096557979,3
KLF1+FOXA1,KLF1,FOXA1,exactly one gene observed,linear,top_DE_Pearson,0.364086781081829,3
KLF1+FOXA1,KLF1,FOXA1,exactly one gene observed,GEARS,top_DE_Pearson,0.5584291443030386,3
KLF1+FOXA1,KLF1,FOXA1,exactly one gene observed,CPA,top_DE_Pearson,0.4804969145974756,3
KLF1+FOXA1,KLF1,FOXA1,exactly one gene observed,AttentionPert,top_DE_Pearson,0.47777308833252713,3
KLF1+FOXA1,KLF1,FOXA1,exactly one gene observed,mean,top_DE_Pearson,0.2717330859369066,3
KLF1+FOXA1,KLF1,FOXA1,exactly one gene observed,OpPert,top_DE_Pearson,0.590182920102612,4
KLF1+FOXA1,KLF1,FOXA1,exactly one gene observed,additive,top_DE_Pearson,0.2951535289381378,4
KLF1+FOXA1,KLF1,FOXA1,exactly one gene observed,linear,top_DE_Pearson,0.5089036406743227,4
KLF1+FOXA1,KLF1,FOXA1,exactly one gene observed,GEARS,top_DE_Pearson,0.4104736498716205,4
KLF1+FOXA1,KLF1,FOXA1,exactly one gene observed,CPA,top_DE_Pearson,0.48320747475704845,4
KLF1+FOXA1,KLF1,FOXA1,exactly one gene observed,AttentionPert,top_DE_Pearson,0.4828498697603248,4
KLF1+FOXA1,KLF1,FOXA1,exactly one gene observed,mean,top_DE_Pearson,0.43017228883763303,4
FOXA1+SPI1,FOXA1,SPI1,"both genes observed, pair held out",OpPert,top_DE_Pearson,0.7363729661252797,0
FOXA1+SPI1,FOXA1,SPI1,"both genes observed, pair held out",additive,top_DE_Pearson,0.5721778181508537,0
FOXA1+SPI1,FOXA1,SPI1,"both genes observed, pair held out",linear,top_DE_Pearson,0.5468622011086103,0
FOXA1+SPI1,FOXA1,SPI1,"both genes observed, pair held out",GEARS,top_DE_Pearson,0.5858132148021292,0
FOXA1+SPI1,FOXA1,SPI1,"both genes observed, pair held out",CPA,top_DE_Pearson,0.48596937456487316,0
FOXA1+SPI1,FOXA1,SPI1,"both genes observed, pair held out",AttentionPert,top_DE_Pearson,0.6133084520510924,0
FOXA1+SPI1,FOXA1,SPI1,"both genes observed, pair held out",mean,top_DE_Pearson,0.354411057538272,0
FOXA1+SPI1,FOXA1,SPI1,"both genes observed, pair held out",OpPert,top_DE_Pearson,0.7051077879501273,1
FOXA1+SPI1,FOXA1,SPI1,"both genes observed, pair held out",additive,top_DE_Pearson,0.547717295549476,1
FOXA1+SPI1,FOXA1,SPI1,"both genes observed, pair held out",linear,top_DE_Pearson,0.7132171079744353,1
FOXA1+SPI1,FOXA1,SPI1,"both genes observed, pair held out",GEARS,top_DE_Pearson,0.5339918667765416,1
FOXA1+SPI1,FOXA1,SPI1,"both genes observed, pair held out",CPA,top_DE_Pearson,0.573840274537562,1
FOXA1+SPI1,FOXA1,SPI1,"both genes observed, pair held out",AttentionPert,top_DE_Pearson,0.6978972620553837,1
FOXA1+SPI1,FOXA1,SPI1,"both genes observed, pair held out",mean,top_DE_Pearson,0.5314833784174848,1
FOXA1+SPI1,FOXA1,SPI1,"both genes observed, pair held out",OpPert,top_DE_Pearson,0.618227276905206,2
FOXA1+SPI1,FOXA1,SPI1,"both genes observed, pair held out",additive,top_DE_Pearson,0.5534380457024068,2
FOXA1+SPI1,FOXA1,SPI1,"both genes observed, pair held out",linear,top_DE_Pearson,0.5701199613849052,2
FOXA1+SPI1,FOXA1,SPI1,"both genes observed, pair held out",GEARS,top_DE_Pearson,0.6169173520436494,2
FOXA1+SPI1,FOXA1,SPI1,"both genes observed, pair held out",CPA,top_DE_Pearson,0.5380791738409102,2
FOXA1+SPI1,FOXA1,SPI1,"both genes observed, pair held out",AttentionPert,top_DE_Pearson,0.5846407758379559,2
FOXA1+SPI1,FOXA1,SPI1,"both genes observed, pair held out",mean,top_DE_Pearson,0.36411685748339717,2
FOXA1+SPI1,FOXA1,SPI1,"both genes observed, pair held out",OpPert,top_DE_Pearson,0.6681074071120848,3
FOXA1+SPI1,FOXA1,SPI1,"both genes observed, pair held out",additive,top_DE_Pearson,0.56700124040531,3
FOXA1+SPI1,FOXA1,SPI1,"both genes observed, pair held out",linear,top_DE_Pearson,0.5563548352413669,3
FOXA1+SPI1,FOXA1,SPI1,"both genes observed, pair held out",GEARS,top_DE_Pearson,0.5030969465649127,3
FOXA1+SPI1,FOXA1,SPI1,"both genes observed, pair held out",CPA,top_DE_Pearson,0.6393119117710877,3
FOXA1+SPI1,FOXA1,SPI1,"both genes observed, pair held out",AttentionPert,top_DE_Pearson,0.6118715022795681,3
FOXA1+SPI1,FOXA1,SPI1,"both genes observed, pair held out",mean,top_DE_Pearson,0.41643909413794133,3
FOXA1+SPI1,FOXA1,SPI1,"both genes observed, pair held out",OpPert,top_DE_Pearson,0.6431639731897161,4
FOXA1+SPI1,FOXA1,SPI1,"both genes observed, pair held out",additive,top_DE_Pearson,0.44995983583308974,4
FOXA1+SPI1,FOXA1,SPI1,"both genes observed, pair held out",linear,top_DE_Pearson,0.5084753923333257,4
FOXA1+SPI1,FOXA1,SPI1,"both genes observed, pair held out",GEARS,top_DE_Pearson,0.5677313192185716,4
FOXA1+SPI1,FOXA1,SPI1,"both genes observed, pair held out",CPA,top_DE_Pearson,0.653705248736809,4
FOXA1+SPI1,FOXA1,SPI1,"both genes observed, pair held out",AttentionPert,top_DE_Pearson,0.5516297965467515,4
FOXA1+SPI1,FOXA1,SPI1,"both genes observed, pair held out",mean,top_DE_Pearson,0.4984128195597255,4
ELK1+FOXA1,ELK1,FOXA1,neither gene observed,OpPert,top_DE_Pearson,0.4515162698713719,0
ELK1+FOXA1,ELK1,FOXA1,neither gene observed,additive,top_DE_Pearson,0.3923833960055646,0
ELK1+FOXA1,ELK1,FOXA1,neither gene observed,linear,top_DE_Pearson,0.33791131970688654,0
ELK1+FOXA1,ELK1,FOXA1,neither gene observed,GEARS,top_DE_Pearson,0.30564830499985357,0
ELK1+FOXA1,ELK1,FOXA1,neither gene observed,CPA,top_DE_Pearson,0.29708305811818203,0
ELK1+FOXA1,ELK1,FOXA1,neither gene observed,AttentionPert,top_DE_Pearson,0.3580873503634346,0
ELK1+FOXA1,ELK1,FOXA1,neither gene observed,mean,top_DE_Pearson,0.18505640175931684,0
ELK1+FOXA1,ELK1,FOXA1,neither gene observed,OpPert,top_DE_Pearson,0.4846127209407731,1
ELK1+FOXA1,ELK1,FOXA1,neither gene observed,additive,top_DE_Pearson,0.31205391010851535,1
ELK1+FOXA1,ELK1,FOXA1,neither gene observed,linear,top_DE_Pearson,0.5124763930015859,1
ELK1+FOXA1,ELK1,FOXA1,neither gene observed,GEARS,top_DE_Pearson,0.2957371242917721,1
ELK1+FOXA1,ELK1,FOXA1,neither gene observed,CPA,top_DE_Pearson,0.39221799072258806,1
ELK1+FOXA1,ELK1,FOXA1,neither gene observed,AttentionPert,top_DE_Pearson,0.3223228185896599,1
ELK1+FOXA1,ELK1,FOXA1,neither gene observed,mean,top_DE_Pearson,0.2303959195770393,1
ELK1+FOXA1,ELK1,FOXA1,neither gene observed,OpPert,top_DE_Pearson,0.4684851684004327,2
ELK1+FOXA1,ELK1,FOXA1,neither gene observed,additive,top_DE_Pearson,0.2004777175075428,2
ELK1+FOXA1,ELK1,FOXA1,neither gene observed,linear,top_DE_Pearson,0.38420956700728165,2
ELK1+FOXA1,ELK1,FOXA1,neither gene observed,GEARS,top_DE_Pearson,0.51417444773645,2
ELK1+FOXA1,ELK1,FOXA1,neither gene observed,CPA,top_DE_Pearson,0.3527937020978844,2
ELK1+FOXA1,ELK1,FOXA1,neither gene observed,AttentionPert,top_DE_Pearson,0.4055884714083306,2
ELK1+FOXA1,ELK1,FOXA1,neither gene observed,mean,top_DE_Pearson,0.321495301587524,2
ELK1+FOXA1,ELK1,FOXA1,neither gene observed,OpPert,top_DE_Pearson,0.4501627899983802,3
ELK1+FOXA1,ELK1,FOXA1,neither gene observed,additive,top_DE_Pearson,0.30514238868811105,3
ELK1+FOXA1,ELK1,FOXA1,neither gene observed,linear,top_DE_Pearson,0.23345581577669486,3
ELK1+FOXA1,ELK1,FOXA1,neither gene observed,GEARS,top_DE_Pearson,0.43845944316369845,3
ELK1+FOXA1,ELK1,FOXA1,neither gene observed,CPA,top_DE_Pearson,0.37320989541626615,3
ELK1+FOXA1,ELK1,FOXA1,neither gene observed,AttentionPert,top_DE_Pearson,0.32923896891671034,3
ELK1+FOXA1,ELK1,FOXA1,neither gene observed,mean,top_DE_Pearson,0.2675958026166616,3
ELK1+FOXA1,ELK1,FOXA1,neither gene observed,OpPert,top_DE_Pearson,0.42497917859162915,4
ELK1+FOXA1,ELK1,FOXA1,neither gene observed,additive,top_DE_Pearson,0.3082944321330685,4
ELK1+FOXA1,ELK1,FOXA1,neither gene observed,linear,top_DE_Pearson,0.40637746936652247,4
ELK1+FOXA1,ELK1,FOXA1,neither gene observed,GEARS,top_DE_Pearson,0.31969705532056936,4
ELK1+FOXA1,ELK1,FOXA1,neither gene observed,CPA,top_DE_Pearson,0.4428389171644255,4
ELK1+FOXA1,ELK1,FOXA1,neither gene observed,AttentionPert,top_DE_Pearson,0.3061388302128958,4
ELK1+FOXA1,ELK1,FOXA1,neither gene observed,mean,top_DE_Pearson,0.22023791549868418,4
STAT3+CEBPA,STAT3,CEBPA,neither gene observed,OpPert,top_DE_Pearson,0.40356818706992703,0
STAT3+CEBPA,STAT3,CEBPA,neither gene observed,additive,top_DE_Pearson,0.3082436615980064,0
STAT3+CEBPA,STAT3,CEBPA,neither gene observed,linear,top_DE_Pearson,0.3743965188751418,0
STAT3+CEBPA,STAT3,CEBPA,neither gene observed,GEARS,top_DE_Pearson,0.4022513939403759,0
STAT3+CEBPA,STAT3,CEBPA,neither gene observed,CPA,top_DE_Pearson,0.37454774422244225,0
STAT3+CEBPA,STAT3,CEBPA,neither gene observed,AttentionPert,top_DE_Pearson,0.38815004915494894,0
STAT3+CEBPA,STAT3,CEBPA,neither gene observed,mean,top_DE_Pearson,0.24713749341769317,0
STAT3+CEBPA,STAT3,CEBPA,neither gene observed,OpPert,top_DE_Pearson,0.37348127586159924,1
STAT3+CEBPA,STAT3,CEBPA,neither gene observed,additive,top_DE_Pearson,0.3090093554703501,1
STAT3+CEBPA,STAT3,CEBPA,neither gene observed,linear,top_DE_Pearson,0.4248774432392108,1
STAT3+CEBPA,STAT3,CEBPA,neither gene observed,GEARS,top_DE_Pearson,0.31789994214693296,1
STAT3+CEBPA,STAT3,CEBPA,neither gene observed,CPA,top_DE_Pearson,0.3686266693076433,1
STAT3+CEBPA,STAT3,CEBPA,neither gene observed,AttentionPert,top_DE_Pearson,0.34081476427374935,1
STAT3+CEBPA,STAT3,CEBPA,neither gene observed,mean,top_DE_Pearson,0.2666810257638867,1
STAT3+CEBPA,STAT3,CEBPA,neither gene observed,OpPert,top_DE_Pearson,0.4366820091359909,2
STAT3+CEBPA,STAT3,CEBPA,neither gene observed,additive,top_DE_Pearson,0.42864361989848015,2
STAT3+CEBPA,STAT3,CEBPA,neither gene observed,linear,top_DE_Pearson,0.4003949892514152,2
STAT3+CEBPA,STAT3,CEBPA,neither gene observed,GEARS,top_DE_Pearson,0.3212918100533674,2
STAT3+CEBPA,STAT3,CEBPA,neither gene observed,CPA,top_DE_Pearson,0.4202736806968219,2
STAT3+CEBPA,STAT3,CEBPA,neither gene observed,AttentionPert,top_DE_Pearson,0.3435208886242762,2
STAT3+CEBPA,STAT3,CEBPA,neither gene observed,mean,top_DE_Pearson,0.225380217717348,2
STAT3+CEBPA,STAT3,CEBPA,neither gene observed,OpPert,top_DE_Pearson,0.47882914120642733,3
STAT3+CEBPA,STAT3,CEBPA,neither gene observed,additive,top_DE_Pearson,0.31049515481619194,3
STAT3+CEBPA,STAT3,CEBPA,neither gene observed,linear,top_DE_Pearson,0.4235713489793773,3
STAT3+CEBPA,STAT3,CEBPA,neither gene observed,GEARS,top_DE_Pearson,0.3535293963091963,3
STAT3+CEBPA,STAT3,CEBPA,neither gene observed,CPA,top_DE_Pearson,0.3428632068445182,3
STAT3+CEBPA,STAT3,CEBPA,neither gene observed,AttentionPert,top_DE_Pearson,0.35061774638711346,3
STAT3+CEBPA,STAT3,CEBPA,neither gene observed,mean,top_DE_Pearson,0.22606167509869768,3
STAT3+CEBPA,STAT3,CEBPA,neither gene observed,OpPert,top_DE_Pearson,0.5259514933328688,4
STAT3+CEBPA,STAT3,CEBPA,neither gene observed,additive,top_DE_Pearson,0.3777277776166182,4
STAT3+CEBPA,STAT3,CEBPA,neither gene observed,linear,top_DE_Pearson,0.47259663724072426,4
STAT3+CEBPA,STAT3,CEBPA,neither gene observed,GEARS,top_DE_Pearson,0.5360586522339553,4
STAT3+CEBPA,STAT3,CEBPA,neither gene observed,CPA,top_DE_Pearson,0.3181569780840596,4
STAT3+CEBPA,STAT3,CEBPA,neither gene observed,AttentionPert,top_DE_Pearson,0.39422514763963734,4
STAT3+CEBPA,STAT3,CEBPA,neither gene observed,mean,top_DE_Pearson,0.18942798100139402,4
CEBPA+KLF1,CEBPA,KLF1,"both genes observed, pair held out",OpPert,top_DE_Pearson,0.5965707075517035,0
CEBPA+KLF1,CEBPA,KLF1,"both genes observed, pair held out",additive,top_DE_Pearson,0.4768867636260952,0
CEBPA+KLF1,CEBPA,KLF1,"both genes observed, pair held out",linear,top_DE_Pearson,0.5613429372887847,0
CEBPA+KLF1,CEBPA,KLF1,"both genes observed, pair held out",GEARS,top_DE_Pearson,0.5269968948968156,0
CEBPA+KLF1,CEBPA,KLF1,"both genes observed, pair held out",CPA,top_DE_Pearson,0.6305276175482579,0
CEBPA+KLF1,CEBPA,KLF1,"both genes observed, pair held out",AttentionPert,top_DE_Pearson,0.5349347877549491,0
CEBPA+KLF1,CEBPA,KLF1,"both genes observed, pair held out",mean,top_DE_Pearson,0.6285741382057835,0
CEBPA+KLF1,CEBPA,KLF1,"both genes observed, pair held out",OpPert,top_DE_Pearson,0.6329169329421362,1
CEBPA+KLF1,CEBPA,KLF1,"both genes observed, pair held out",additive,top_DE_Pearson,0.5443210585150232,1
CEBPA+KLF1,CEBPA,KLF1,"both genes observed, pair held out",linear,top_DE_Pearson,0.49227952893203786,1
CEBPA+KLF1,CEBPA,KLF1,"both genes observed, pair held out",GEARS,top_DE_Pearson,0.7023655054876583,1
CEBPA+KLF1,CEBPA,KLF1,"both genes observed, pair held out",CPA,top_DE_Pearson,0.647170040848175,1
CEBPA+KLF1,CEBPA,KLF1,"both genes observed, pair held out",AttentionPert,top_DE_Pearson,0.6078149522441667,1
CEBPA+KLF1,CEBPA,KLF1,"both genes observed, pair held out",mean,top_DE_Pearson,0.37919184707322606,1
CEBPA+KLF1,CEBPA,KLF1,"both genes observed, pair held out",OpPert,top_DE_Pearson,0.6726400126634772,2
CEBPA+KLF1,CEBPA,KLF1,"both genes observed, pair held out",additive,top_DE_Pearson,0.4727141372389647,2
CEBPA+KLF1,CEBPA,KLF1,"both genes observed, pair held out",linear,top_DE_Pearson,0.6577413158084016,2
CEBPA+KLF1,CEBPA,KLF1,"both genes observed, pair held out",GEARS,top_DE_Pearson,0.6485516839111903,2
CEBPA+KLF1,CEBPA,KLF1,"both genes observed, pair held out",CPA,top_DE_Pearson,0.5857263423092641,2
CEBPA+KLF1,CEBPA,KLF1,"both genes observed, pair held out",AttentionPert,top_DE_Pearson,0.44381746020516066,2
CEBPA+KLF1,CEBPA,KLF1,"both genes observed, pair held out",mean,top_DE_Pearson,0.40099504128045815,2
CEBPA+KLF1,CEBPA,KLF1,"both genes observed, pair held out",OpPert,top_DE_Pearson,0.7012656678959923,3
CEBPA+KLF1,CEBPA,KLF1,"both genes observed, pair held out",additive,top_DE_Pearson,0.6127730215033894,3
CEBPA+KLF1,CEBPA,KLF1,"both genes observed, pair held out",linear,top_DE_Pearson,0.6365501886895278,3
CEBPA+KLF1,CEBPA,KLF1,"both genes observed, pair held out",GEARS,top_DE_Pearson,0.5044792198655127,3
CEBPA+KLF1,CEBPA,KLF1,"both genes observed, pair held out",CPA,top_DE_Pearson,0.5980931384087742,3
CEBPA+KLF1,CEBPA,KLF1,"both genes observed, pair held out",AttentionPert,top_DE_Pearson,0.6509309129889758,3
CEBPA+KLF1,CEBPA,KLF1,"both genes observed, pair held out",mean,top_DE_Pearson,0.36049986606506523,3
CEBPA+KLF1,CEBPA,KLF1,"both genes observed, pair held out",OpPert,top_DE_Pearson,0.6595257290776058,4
CEBPA+KLF1,CEBPA,KLF1,"both genes observed, pair held out",additive,top_DE_Pearson,0.5564305438985074,4
CEBPA+KLF1,CEBPA,KLF1,"both genes observed, pair held out",linear,top_DE_Pearson,0.5519541249091958,4
CEBPA+KLF1,CEBPA,KLF1,"both genes observed, pair held out",GEARS,top_DE_Pearson,0.48887028867592786,4
CEBPA+KLF1,CEBPA,KLF1,"both genes observed, pair held out",CPA,top_DE_Pearson,0.5604581133955763,4
CEBPA+KLF1,CEBPA,KLF1,"both genes observed, pair held out",AttentionPert,top_DE_Pearson,0.5703616741846985,4
CEBPA+KLF1,CEBPA,KLF1,"both genes observed, pair held out",mean,top_DE_Pearson,0.4511156557271347,4
CEBPE+STAT3,CEBPE,STAT3,"both genes observed, pair held out",OpPert,top_DE_Pearson,0.6865472762981826,0
CEBPE+STAT3,CEBPE,STAT3,"both genes observed, pair held out",additive,top_DE_Pearson,0.5217343942286,0
CEBPE+STAT3,CEBPE,STAT3,"both genes observed, pair held out",linear,top_DE_Pearson,0.5454210642979198,0
CEBPE+STAT3,CEBPE,STAT3,"both genes observed, pair held out",GEARS,top_DE_Pearson,0.6055412422952675,0
CEBPE+STAT3,CEBPE,STAT3,"both genes observed, pair held out",CPA,top_DE_Pearson,0.46474504444628906,0
CEBPE+STAT3,CEBPE,STAT3,"both genes observed, pair held out",AttentionPert,top_DE_Pearson,0.6186221076335875,0
CEBPE+STAT3,CEBPE,STAT3,"both genes observed, pair held out",mean,top_DE_Pearson,0.45996621417262246,0
CEBPE+STAT3,CEBPE,STAT3,"both genes observed, pair held out",OpPert,top_DE_Pearson,0.6623816115958536,1
CEBPE+STAT3,CEBPE,STAT3,"both genes observed, pair held out",additive,top_DE_Pearson,0.5976440584556679,1
CEBPE+STAT3,CEBPE,STAT3,"both genes observed, pair held out",linear,top_DE_Pearson,0.45283106819710506,1
CEBPE+STAT3,CEBPE,STAT3,"both genes observed, pair held out",GEARS,top_DE_Pearson,0.4815699678084622,1
CEBPE+STAT3,CEBPE,STAT3,"both genes observed, pair held out",CPA,top_DE_Pearson,0.5964282307194111,1
CEBPE+STAT3,CEBPE,STAT3,"both genes observed, pair held out",AttentionPert,top_DE_Pearson,0.589572988692289,1
CEBPE+STAT3,CEBPE,STAT3,"both genes observed, pair held out",mean,top_DE_Pearson,0.4702106165915159,1
CEBPE+STAT3,CEBPE,STAT3,"both genes observed, pair held out",OpPert,top_DE_Pearson,0.6322723754896532,2
CEBPE+STAT3,CEBPE,STAT3,"both genes observed, pair held out",additive,top_DE_Pearson,0.5798612204543959,2
CEBPE+STAT3,CEBPE,STAT3,"both genes observed, pair held out",linear,top_DE_Pearson,0.6259583305794671,2
CEBPE+STAT3,CEBPE,STAT3,"both genes observed, pair held out",GEARS,top_DE_Pearson,0.6290389376370916,2
CEBPE+STAT3,CEBPE,STAT3,"both genes observed, pair held out",CPA,top_DE_Pearson,0.564350292495725,2
CEBPE+STAT3,CEBPE,STAT3,"both genes observed, pair held out",AttentionPert,top_DE_Pearson,0.4635386367431358,2
CEBPE+STAT3,CEBPE,STAT3,"both genes observed, pair held out",mean,top_DE_Pearson,0.5061541724822276,2
CEBPE+STAT3,CEBPE,STAT3,"both genes observed, pair held out",OpPert,top_DE_Pearson,0.7333037199730554,3
CEBPE+STAT3,CEBPE,STAT3,"both genes observed, pair held out",additive,top_DE_Pearson,0.5786735047190388,3
CEBPE+STAT3,CEBPE,STAT3,"both genes observed, pair held out",linear,top_DE_Pearson,0.5172214543579495,3
CEBPE+STAT3,CEBPE,STAT3,"both genes observed, pair held out",GEARS,top_DE_Pearson,0.6404276636200654,3
CEBPE+STAT3,CEBPE,STAT3,"both genes observed, pair held out",CPA,top_DE_Pearson,0.6316317824776867,3
CEBPE+STAT3,CEBPE,STAT3,"both genes observed, pair held out",AttentionPert,top_DE_Pearson,0.6835289748679451,3
CEBPE+STAT3,CEBPE,STAT3,"both genes observed, pair held out",mean,top_DE_Pearson,0.4074334045463225,3
CEBPE+STAT3,CEBPE,STAT3,"both genes observed, pair held out",OpPert,top_DE_Pearson,0.6464127249273516,4
CEBPE+STAT3,CEBPE,STAT3,"both genes observed, pair held out",additive,top_DE_Pearson,0.5848363230686073,4
CEBPE+STAT3,CEBPE,STAT3,"both genes observed, pair held out",linear,top_DE_Pearson,0.5734446042862894,4
CEBPE+STAT3,CEBPE,STAT3,"both genes observed, pair held out",GEARS,top_DE_Pearson,0.5329603438769235,4
CEBPE+STAT3,CEBPE,STAT3,"both genes observed, pair held out",CPA,top_DE_Pearson,0.6048769771016022,4
CEBPE+STAT3,CEBPE,STAT3,"both genes observed, pair held out",AttentionPert,top_DE_Pearson,0.6247196980289099,4
CEBPE+STAT3,CEBPE,STAT3,"both genes observed, pair held out",mean,top_DE_Pearson,0.46527777377986007,4
CEBPE+FOS,CEBPE,FOS,exactly one gene observed,OpPert,top_DE_Pearson,0.6486967361429636,0
CEBPE+FOS,CEBPE,FOS,exactly one gene observed,additive,top_DE_Pearson,0.3859584689772394,0
CEBPE+FOS,CEBPE,FOS,exactly one gene observed,linear,top_DE_Pearson,0.43476075423417326,0
CEBPE+FOS,CEBPE,FOS,exactly one gene observed,GEARS,top_DE_Pearson,0.5006591308116516,0
CEBPE+FOS,CEBPE,FOS,exactly one gene observed,CPA,top_DE_Pearson,0.5327372416620535,0
CEBPE+FOS,CEBPE,FOS,exactly one gene observed,AttentionPert,top_DE_Pearson,0.4001576097943278,0
CEBPE+FOS,CEBPE,FOS,exactly one gene observed,mean,top_DE_Pearson,0.28138219501407363,0
CEBPE+FOS,CEBPE,FOS,exactly one gene observed,OpPert,top_DE_Pearson,0.437736289535917,1
CEBPE+FOS,CEBPE,FOS,exactly one gene observed,additive,top_DE_Pearson,0.44196171351519625,1
CEBPE+FOS,CEBPE,FOS,exactly one gene observed,linear,top_DE_Pearson,0.4029016509676073,1
CEBPE+FOS,CEBPE,FOS,exactly one gene observed,GEARS,top_DE_Pearson,0.47692699339892497,1
CEBPE+FOS,CEBPE,FOS,exactly one gene observed,CPA,top_DE_Pearson,0.5196826913935024,1
CEBPE+FOS,CEBPE,FOS,exactly one gene observed,AttentionPert,top_DE_Pearson,0.4515074367530292,1
CEBPE+FOS,CEBPE,FOS,exactly one gene observed,mean,top_DE_Pearson,0.3738769213646019,1
CEBPE+FOS,CEBPE,FOS,exactly one gene observed,OpPert,top_DE_Pearson,0.5420397255348968,2
CEBPE+FOS,CEBPE,FOS,exactly one gene observed,additive,top_DE_Pearson,0.4803268589057862,2
CEBPE+FOS,CEBPE,FOS,exactly one gene observed,linear,top_DE_Pearson,0.4985076840408805,2
CEBPE+FOS,CEBPE,FOS,exactly one gene observed,GEARS,top_DE_Pearson,0.4584839782295234,2
CEBPE+FOS,CEBPE,FOS,exactly one gene observed,CPA,top_DE_Pearson,0.46988089479597284,2
CEBPE+FOS,CEBPE,FOS,exactly one gene observed,AttentionPert,top_DE_Pearson,0.5526246038632296,2
CEBPE+FOS,CEBPE,FOS,exactly one gene observed,mean,top_DE_Pearson,0.38360261221524583,2
CEBPE+FOS,CEBPE,FOS,exactly one gene observed,OpPert,top_DE_Pearson,0.47618227653493217,3
CEBPE+FOS,CEBPE,FOS,exactly one gene observed,additive,top_DE_Pearson,0.47933708367028294,3
CEBPE+FOS,CEBPE,FOS,exactly one gene observed,linear,top_DE_Pearson,0.40492336265382567,3
CEBPE+FOS,CEBPE,FOS,exactly one gene observed,GEARS,top_DE_Pearson,0.5847507841976604,3
CEBPE+FOS,CEBPE,FOS,exactly one gene observed,CPA,top_DE_Pearson,0.5414459303904615,3
CEBPE+FOS,CEBPE,FOS,exactly one gene observed,AttentionPert,top_DE_Pearson,0.507393128555104,3
CEBPE+FOS,CEBPE,FOS,exactly one gene observed,mean,top_DE_Pearson,0.3694339706061716,3
CEBPE+FOS,CEBPE,FOS,exactly one gene observed,OpPert,top_DE_Pearson,0.5474580646383549,4
CEBPE+FOS,CEBPE,FOS,exactly one gene observed,additive,top_DE_Pearson,0.48071143708400166,4
CEBPE+FOS,CEBPE,FOS,exactly one gene observed,linear,top_DE_Pearson,0.4477533098322763,4
CEBPE+FOS,CEBPE,FOS,exactly one gene observed,GEARS,top_DE_Pearson,0.5141341922383936,4
CEBPE+FOS,CEBPE,FOS,exactly one gene observed,CPA,top_DE_Pearson,0.5323160619911671,4
CEBPE+FOS,CEBPE,FOS,exactly one gene observed,AttentionPert,top_DE_Pearson,0.45629160738846464,4
CEBPE+FOS,CEBPE,FOS,exactly one gene observed,mean,top_DE_Pearson,0.32302843560055833,4
CDKN1A+KLF1,CDKN1A,KLF1,exactly one gene observed,OpPert,top_DE_Pearson,0.6037897273409318,0
CDKN1A+KLF1,CDKN1A,KLF1,exactly one gene observed,additive,top_DE_Pearson,0.5485348725249662,0
CDKN1A+KLF1,CDKN1A,KLF1,exactly one gene observed,linear,top_DE_Pearson,0.5555197366082183,0
CDKN1A+KLF1,CDKN1A,KLF1,exactly one gene observed,GEARS,top_DE_Pearson,0.402434930682409,0
CDKN1A+KLF1,CDKN1A,KLF1,exactly one gene observed,CPA,top_DE_Pearson,0.523491280293372,0
CDKN1A+KLF1,CDKN1A,KLF1,exactly one gene observed,AttentionPert,top_DE_Pearson,0.5753263809954133,0
CDKN1A+KLF1,CDKN1A,KLF1,exactly one gene observed,mean,top_DE_Pearson,0.33259140115568014,0
CDKN1A+KLF1,CDKN1A,KLF1,exactly one gene observed,OpPert,top_DE_Pearson,0.566086845839003,1
CDKN1A+KLF1,CDKN1A,KLF1,exactly one gene observed,additive,top_DE_Pearson,0.3195264169517198,1
CDKN1A+KLF1,CDKN1A,KLF1,exactly one gene observed,linear,top_DE_Pearson,0.4860041700785985,1
CDKN1A+KLF1,CDKN1A,KLF1,exactly one gene observed,GEARS,top_DE_Pearson,0.43618641623391696,1
CDKN1A+KLF1,CDKN1A,KLF1,exactly one gene observed,CPA,top_DE_Pearson,0.49197810107469087,1
CDKN1A+KLF1,CDKN1A,KLF1,exactly one gene observed,AttentionPert,top_DE_Pearson,0.3963278246686672,1
CDKN1A+KLF1,CDKN1A,KLF1,exactly one gene observed,mean,top_DE_Pearson,0.3925714934686557,1
CDKN1A+KLF1,CDKN1A,KLF1,exactly one gene observed,OpPert,top_DE_Pearson,0.6214707605256015,2
CDKN1A+KLF1,CDKN1A,KLF1,exactly one gene observed,additive,top_DE_Pearson,0.39300920829708996,2
CDKN1A+KLF1,CDKN1A,KLF1,exactly one gene observed,linear,top_DE_Pearson,0.40178464511537393,2
CDKN1A+KLF1,CDKN1A,KLF1,exactly one gene observed,GEARS,top_DE_Pearson,0.3706386174470011,2
CDKN1A+KLF1,CDKN1A,KLF1,exactly one gene observed,CPA,top_DE_Pearson,0.46401518795548935,2
CDKN1A+KLF1,CDKN1A,KLF1,exactly one gene observed,AttentionPert,top_DE_Pearson,0.45510436394310366,2
CDKN1A+KLF1,CDKN1A,KLF1,exactly one gene observed,mean,top_DE_Pearson,0.2669388352591167,2
CDKN1A+KLF1,CDKN1A,KLF1,exactly one gene observed,OpPert,top_DE_Pearson,0.5871811253787304,3
CDKN1A+KLF1,CDKN1A,KLF1,exactly one gene observed,additive,top_DE_Pearson,0.413001777088121,3
CDKN1A+KLF1,CDKN1A,KLF1,exactly one gene observed,linear,top_DE_Pearson,0.405455842481286,3
CDKN1A+KLF1,CDKN1A,KLF1,exactly one gene observed,GEARS,top_DE_Pearson,0.4667256556615732,3
CDKN1A+KLF1,CDKN1A,KLF1,exactly one gene observed,CPA,top_DE_Pearson,0.5442782723357769,3
CDKN1A+KLF1,CDKN1A,KLF1,exactly one gene observed,AttentionPert,top_DE_Pearson,0.5261762166253133,3
CDKN1A+KLF1,CDKN1A,KLF1,exactly one gene observed,mean,top_DE_Pearson,0.3521984363100906,3
CDKN1A+KLF1,CDKN1A,KLF1,exactly one gene observed,OpPert,top_DE_Pearson,0.5971463011078912,4
CDKN1A+KLF1,CDKN1A,KLF1,exactly one gene observed,additive,top_DE_Pearson,0.37034528261679567,4
CDKN1A+KLF1,CDKN1A,KLF1,exactly one gene observed,linear,top_DE_Pearson,0.4719422060436218,4
CDKN1A+KLF1,CDKN1A,KLF1,exactly one gene observed,GEARS,top_DE_Pearson,0.5088393398291883,4
CDKN1A+KLF1,CDKN1A,KLF1,exactly one gene observed,CPA,top_DE_Pearson,0.4518098094900764,4
CDKN1A+KLF1,CDKN1A,KLF1,exactly one gene observed,AttentionPert,top_DE_Pearson,0.516127500157445,4
CDKN1A+KLF1,CDKN1A,KLF1,exactly one gene observed,mean,top_DE_Pearson,0.3131739927213329,4
MAPK1+CDKN1A,MAPK1,CDKN1A,neither gene observed,OpPert,top_DE_Pearson,0.28497040715817606,0
MAPK1+CDKN1A,MAPK1,CDKN1A,neither gene observed,additive,top_DE_Pearson,0.4114183422106071,0
MAPK1+CDKN1A,MAPK1,CDKN1A,neither gene observed,linear,top_DE_Pearson,0.18714204607883475,0
MAPK1+CDKN1A,MAPK1,CDKN1A,neither gene observed,GEARS,top_DE_Pearson,0.3630370584666325,0
MAPK1+CDKN1A,MAPK1,CDKN1A,neither gene observed,CPA,top_DE_Pearson,0.4415208820554653,0
MAPK1+CDKN1A,MAPK1,CDKN1A,neither gene observed,AttentionPert,top_DE_Pearson,0.3709627964848536,0
MAPK1+CDKN1A,MAPK1,CDKN1A,neither gene observed,mean,top_DE_Pearson,0.17202884105182747,0
MAPK1+CDKN1A,MAPK1,CDKN1A,neither gene observed,OpPert,top_DE_Pearson,0.39437577629699977,1
MAPK1+CDKN1A,MAPK1,CDKN1A,neither gene observed,additive,top_DE_Pearson,0.4016143447792372,1
MAPK1+CDKN1A,MAPK1,CDKN1A,neither gene observed,linear,top_DE_Pearson,0.2547097281670817,1
MAPK1+CDKN1A,MAPK1,CDKN1A,neither gene observed,GEARS,top_DE_Pearson,0.46773946605772104,1
MAPK1+CDKN1A,MAPK1,CDKN1A,neither gene observed,CPA,top_DE_Pearson,0.37669387405746263,1
MAPK1+CDKN1A,MAPK1,CDKN1A,neither gene observed,AttentionPert,top_DE_Pearson,0.318456280173454,1
MAPK1+CDKN1A,MAPK1,CDKN1A,neither gene observed,mean,top_DE_Pearson,0.22501309566183855,1
MAPK1+CDKN1A,MAPK1,CDKN1A,neither gene observed,OpPert,top_DE_Pearson,0.39896653953390154,2
MAPK1+CDKN1A,MAPK1,CDKN1A,neither gene observed,additive,top_DE_Pearson,0.39197351205151176,2
MAPK1+CDKN1A,MAPK1,CDKN1A,neither gene observed,linear,top_DE_Pearson,0.4139456685857703,2
MAPK1+CDKN1A,MAPK1,CDKN1A,neither gene observed,GEARS,top_DE_Pearson,0.2968503319674372,2
MAPK1+CDKN1A,MAPK1,CDKN1A,neither gene observed,CPA,top_DE_Pearson,0.35578447288883996,2
MAPK1+CDKN1A,MAPK1,CDKN1A,neither gene observed,AttentionPert,top_DE_Pearson,0.3382088602593434,2
MAPK1+CDKN1A,MAPK1,CDKN1A,neither gene observed,mean,top_DE_Pearson,0.3376105981075622,2
MAPK1+CDKN1A,MAPK1,CDKN1A,neither gene observed,OpPert,top_DE_Pearson,0.3789940529124148,3
MAPK1+CDKN1A,MAPK1,CDKN1A,neither gene observed,additive,top_DE_Pearson,0.43625374628110086,3
MAPK1+CDKN1A,MAPK1,CDKN1A,neither gene observed,linear,top_DE_Pearson,0.3680023156289837,3
MAPK1+CDKN1A,MAPK1,CDKN1A,neither gene observed,GEARS,top_DE_Pearson,0.33028393561719477,3
MAPK1+CDKN1A,MAPK1,CDKN1A,neither gene observed,CPA,top_DE_Pearson,0.3393635489594433,3
MAPK1+CDKN1A,MAPK1,CDKN1A,neither gene observed,AttentionPert,top_DE_Pearson,0.341902869553893,3
MAPK1+CDKN1A,MAPK1,CDKN1A,neither gene observed,mean,top_DE_Pearson,0.18352289587906967,3
MAPK1+CDKN1A,MAPK1,CDKN1A,neither gene observed,OpPert,top_DE_Pearson,0.46568961158382255,4
MAPK1+CDKN1A,MAPK1,CDKN1A,neither gene observed,additive,top_DE_Pearson,0.26632506695848945,4
MAPK1+CDKN1A,MAPK1,CDKN1A,neither gene observed,linear,top_DE_Pearson,0.23917802747570868,4
MAPK1+CDKN1A,MAPK1,CDKN1A,neither gene observed,GEARS,top_DE_Pearson,0.37721941174910967,4
MAPK1+CDKN1A,MAPK1,CDKN1A,neither gene observed,CPA,top_DE_Pearson,0.27182862821492704,4
MAPK1+CDKN1A,MAPK1,CDKN1A,neither gene observed,AttentionPert,top_DE_Pearson,0.3448703479159488,4
MAPK1+CDKN1A,MAPK1,CDKN1A,neither gene observed,mean,top_DE_Pearson,0.20545382668379866,4
CEBPA+CDKN1B,CEBPA,CDKN1B,"both genes observed, pair held out",OpPert,top_DE_Pearson,0.6747222605397198,0
CEBPA+CDKN1B,CEBPA,CDKN1B,"both genes observed, pair held out",additive,top_DE_Pearson,0.43341610221946236,0
CEBPA+CDKN1B,CEBPA,CDKN1B,"both genes observed, pair held out",linear,top_DE_Pearson,0.5307622119817846,0
CEBPA+CDKN1B,CEBPA,CDKN1B,"both genes observed, pair held out",GEARS,top_DE_Pearson,0.6129181577964907,0
CEBPA+CDKN1B,CEBPA,CDKN1B,"both genes observed, pair held out",CPA,top_DE_Pearson,0.5185282652252196,0
CEBPA+CDKN1B,CEBPA,CDKN1B,"both genes observed, pair held out",AttentionPert,top_DE_Pearson,0.6444837706110791,0
CEBPA+CDKN1B,CEBPA,CDKN1B,"both genes observed, pair held out",mean,top_DE_Pearson,0.3878382048459382,0
CEBPA+CDKN1B,CEBPA,CDKN1B,"both genes observed, pair held out",OpPert,top_DE_Pearson,0.6428180318480894,1
CEBPA+CDKN1B,CEBPA,CDKN1B,"both genes observed, pair held out",additive,top_DE_Pearson,0.5048369016014665,1
CEBPA+CDKN1B,CEBPA,CDKN1B,"both genes observed, pair held out",linear,top_DE_Pearson,0.579859239562915,1
CEBPA+CDKN1B,CEBPA,CDKN1B,"both genes observed, pair held out",GEARS,top_DE_Pearson,0.5615705956886744,1
CEBPA+CDKN1B,CEBPA,CDKN1B,"both genes observed, pair held out",CPA,top_DE_Pearson,0.5637463823757437,1
CEBPA+CDKN1B,CEBPA,CDKN1B,"both genes observed, pair held out",AttentionPert,top_DE_Pearson,0.5758321944933208,1
CEBPA+CDKN1B,CEBPA,CDKN1B,"both genes observed, pair held out",mean,top_DE_Pearson,0.4159367345565219,1
CEBPA+CDKN1B,CEBPA,CDKN1B,"both genes observed, pair held out",OpPert,top_DE_Pearson,0.6891056321098267,2
CEBPA+CDKN1B,CEBPA,CDKN1B,"both genes observed, pair held out",additive,top_DE_Pearson,0.5543033024902455,2
CEBPA+CDKN1B,CEBPA,CDKN1B,"both genes observed, pair held out",linear,top_DE_Pearson,0.5646831632848099,2
CEBPA+CDKN1B,CEBPA,CDKN1B,"both genes observed, pair held out",GEARS,top_DE_Pearson,0.5741724999922825,2
CEBPA+CDKN1B,CEBPA,CDKN1B,"both genes observed, pair held out",CPA,top_DE_Pearson,0.6277926418311998,2
CEBPA+CDKN1B,CEBPA,CDKN1B,"both genes observed, pair held out",AttentionPert,top_DE_Pearson,0.5758499453711491,2
CEBPA+CDKN1B,CEBPA,CDKN1B,"both genes observed, pair held out",mean,top_DE_Pearson,0.4415981627304437,2
CEBPA+CDKN1B,CEBPA,CDKN1B,"both genes observed, pair held out",OpPert,top_DE_Pearson,0.6662814017932874,3
CEBPA+CDKN1B,CEBPA,CDKN1B,"both genes observed, pair held out",additive,top_DE_Pearson,0.641795200978251,3
CEBPA+CDKN1B,CEBPA,CDKN1B,"both genes observed, pair held out",linear,top_DE_Pearson,0.4895786275187277,3
CEBPA+CDKN1B,CEBPA,CDKN1B,"both genes observed, pair held out",GEARS,top_DE_Pearson,0.6461914135833212,3
CEBPA+CDKN1B,CEBPA,CDKN1B,"both genes observed, pair held out",CPA,top_DE_Pearson,0.46640973032571365,3
CEBPA+CDKN1B,CEBPA,CDKN1B,"both genes observed, pair held out",AttentionPert,top_DE_Pearson,0.6030363894937174,3
CEBPA+CDKN1B,CEBPA,CDKN1B,"both genes observed, pair held out",mean,top_DE_Pearson,0.5545049696565238,3
CEBPA+CDKN1B,CEBPA,CDKN1B,"both genes observed, pair held out",OpPert,top_DE_Pearson,0.6893201114680384,4
CEBPA+CDKN1B,CEBPA,CDKN1B,"both genes observed, pair held out",additive,top_DE_Pearson,0.5502375047123876,4
CEBPA+CDKN1B,CEBPA,CDKN1B,"both genes observed, pair held out",linear,top_DE_Pearson,0.5363730318718154,4
CEBPA+CDKN1B,CEBPA,CDKN1B,"both genes observed, pair held out",GEARS,top_DE_Pearson,0.6018628320293132,4
CEBPA+CDKN1B,CEBPA,CDKN1B,"both genes observed, pair held out",CPA,top_DE_Pearson,0.5648762310757985,4
CEBPA+CDKN1B,CEBPA,CDKN1B,"both genes observed, pair held out",AttentionPert,top_DE_Pearson,0.5428414035241187,4
CEBPA+CDKN1B,CEBPA,CDKN1B,"both genes observed, pair held out",mean,top_DE_Pearson,0.4426074630715078,4
JUN+KLF1,JUN,KLF1,exactly one gene observed,OpPert,top_DE_Pearson,0.511623090758919,0
JUN+KLF1,JUN,KLF1,exactly one gene observed,additive,top_DE_Pearson,0.35838539374446954,0
JUN+KLF1,JUN,KLF1,exactly one gene observed,linear,top_DE_Pearson,0.49344350156533373,0
JUN+KLF1,JUN,KLF1,exactly one gene observed,GEARS,top_DE_Pearson,0.5327193957180236,0
JUN+KLF1,JUN,KLF1,exactly one gene observed,CPA,top_DE_Pearson,0.493899626654191,0
JUN+KLF1,JUN,KLF1,exactly one gene observed,AttentionPert,top_DE_Pearson,0.5479102295637199,0
JUN+KLF1,JUN,KLF1,exactly one gene observed,mean,top_DE_Pearson,0.36527205822484365,0
JUN+KLF1,JUN,KLF1,exactly one gene observed,OpPert,top_DE_Pearson,0.5835206562419455,1
JUN+KLF1,JUN,KLF1,exactly one gene observed,additive,top_DE_Pearson,0.45823024553825376,1
JUN+KLF1,JUN,KLF1,exactly one gene observed,linear,top_DE_Pearson,0.4645075988349075,1
JUN+KLF1,JUN,KLF1,exactly one gene observed,GEARS,top_DE_Pearson,0.4681506903122212,1
JUN+KLF1,JUN,KLF1,exactly one gene observed,CPA,top_DE_Pearson,0.6128491569475146,1
JUN+KLF1,JUN,KLF1,exactly one gene observed,AttentionPert,top_DE_Pearson,0.4628829412087895,1
JUN+KLF1,JUN,KLF1,exactly one gene observed,mean,top_DE_Pearson,0.3200473373327738,1
JUN+KLF1,JUN,KLF1,exactly one gene observed,OpPert,top_DE_Pearson,0.5860405894070064,2
JUN+KLF1,JUN,KLF1,exactly one gene observed,additive,top_DE_Pearson,0.4551112649177003,2
JUN+KLF1,JUN,KLF1,exactly one gene observed,linear,top_DE_Pearson,0.38571250714338035,2
JUN+KLF1,JUN,KLF1,exactly one gene observed,GEARS,top_DE_Pearson,0.5673606952738243,2
JUN+KLF1,JUN,KLF1,exactly one gene observed,CPA,top_DE_Pearson,0.47434832547895,2
JUN+KLF1,JUN,KLF1,exactly one gene observed,AttentionPert,top_DE_Pearson,0.42334413428705675,2
JUN+KLF1,JUN,KLF1,exactly one gene observed,mean,top_DE_Pearson,0.4313270468612324,2
JUN+KLF1,JUN,KLF1,exactly one gene observed,OpPert,top_DE_Pearson,0.5975405342957693,3
JUN+KLF1,JUN,KLF1,exactly one gene observed,additive,top_DE_Pearson,0.36412748048312515,3
JUN+KLF1,JUN,KLF1,exactly one gene observed,linear,top_DE_Pearson,0.5766309704154634,3
JUN+KLF1,JUN,KLF1,exactly one gene observed,GEARS,top_DE_Pearson,0.5395278421019716,3
JUN+KLF1,JUN,KLF1,exactly one gene observed,CPA,top_DE_Pearson,0.4793882330624972,3
JUN+KLF1,JUN,KLF1,exactly one gene observed,AttentionPert,top_DE_Pearson,0.5854131283373067,3
JUN+KLF1,JUN,KLF1,exactly one gene observed,mean,top_DE_Pearson,0.36955786702977844,3
JUN+KLF1,JUN,KLF1,exactly one gene observed,OpPert,top_DE_Pearson,0.5583150154937582,4
JUN+KLF1,JUN,KLF1,exactly one gene observed,additive,top_DE_Pearson,0.40038199303868066,4
JUN+KLF1,JUN,KLF1,exactly one gene observed,linear,top_DE_Pearson,0.5049110263584247,4
JUN+KLF1,JUN,KLF1,exactly one gene observed,GEARS,top_DE_Pearson,0.5285961780394388,4
JUN+KLF1,JUN,KLF1,exactly one gene observed,CPA,top_DE_Pearson,0.48088080839338265,4
JUN+KLF1,JUN,KLF1,exactly one gene observed,AttentionPert,top_DE_Pearson,0.4426008187679438,4
JUN+KLF1,JUN,KLF1,exactly one gene observed,mean,top_DE_Pearson,0.3677957912499644,4
FOXA1+FOS,FOXA1,FOS,exactly one gene observed,OpPert,top_DE_Pearson,0.5939092027285862,0
FOXA1+FOS,FOXA1,FOS,exactly one gene observed,additive,top_DE_Pearson,0.2838867010968987,0
FOXA1+FOS,FOXA1,FOS,exactly one gene observed,linear,top_DE_Pearson,0.4823246316176756,0
FOXA1+FOS,FOXA1,FOS,exactly one gene observed,GEARS,top_DE_Pearson,0.47131501653477054,0
FOXA1+FOS,FOXA1,FOS,exactly one gene observed,CPA,top_DE_Pearson,0.5584947964127946,0
FOXA1+FOS,FOXA1,FOS,exactly one gene observed,AttentionPert,top_DE_Pearson,0.46039190745076747,0
FOXA1+FOS,FOXA1,FOS,exactly one gene observed,mean,top_DE_Pearson,0.39956905285511374,0
FOXA1+FOS,FOXA1,FOS,exactly one gene observed,OpPert,top_DE_Pearson,0.5361851695257326,1
FOXA1+FOS,FOXA1,FOS,exactly one gene observed,additive,top_DE_Pearson,0.44682488920916863,1
FOXA1+FOS,FOXA1,FOS,exactly one gene observed,linear,top_DE_Pearson,0.514210191855203,1
FOXA1+FOS,FOXA1,FOS,exactly one gene observed,GEARS,top_DE_Pearson,0.4722466570205252,1
FOXA1+FOS,FOXA1,FOS,exactly one gene observed,CPA,top_DE_Pearson,0.5397932930699042,1
FOXA1+FOS,FOXA1,FOS,exactly one gene observed,AttentionPert,top_DE_Pearson,0.43037812737361103,1
FOXA1+FOS,FOXA1,FOS,exactly one gene observed,mean,top_DE_Pearson,0.37767557055350276,1
FOXA1+FOS,FOXA1,FOS,exactly one gene observed,OpPert,top_DE_Pearson,0.6153583833672712,2
FOXA1+FOS,FOXA1,FOS,exactly one gene observed,additive,top_DE_Pearson,0.4796022495074201,2
FOXA1+FOS,FOXA1,FOS,exactly one gene observed,linear,top_DE_Pearson,0.5849866926041246,2
FOXA1+FOS,FOXA1,FOS,exactly one gene observed,GEARS,top_DE_Pearson,0.4541936409613604,2
FOXA1+FOS,FOXA1,FOS,exactly one gene observed,CPA,top_DE_Pearson,0.3972510449190847,2
FOXA1+FOS,FOXA1,FOS,exactly one gene observed,AttentionPert,top_DE_Pearson,0.43033989349029284,2
FOXA1+FOS,FOXA1,FOS,exactly one gene observed,mean,top_DE_Pearson,0.3996265539929062,2
FOXA1+FOS,FOXA1,FOS,exactly one gene observed,OpPert,top_DE_Pearson,0.5898753760561628,3
FOXA1+FOS,FOXA1,FOS,exactly one gene observed,additive,top_DE_Pearson,0.44613539957884496,3
FOXA1+FOS,FOXA1,FOS,exactly one gene observed,linear,top_DE_Pearson,0.4026225770535722,3
FOXA1+FOS,FOXA1,FOS,exactly one gene observed,GEARS,top_DE_Pearson,0.5460120375997436,3
FOXA1+FOS,FOXA1,FOS,exactly one gene observed,CPA,top_DE_Pearson,0.40651771334096753,3
FOXA1+FOS,FOXA1,FOS,exactly one gene observed,AttentionPert,top_DE_Pearson,0.559536974942614,3
FOXA1+FOS,FOXA1,FOS,exactly one gene observed,mean,top_DE_Pearson,0.5314463053883919,3
FOXA1+FOS,FOXA1,FOS,exactly one gene observed,OpPert,top_DE_Pearson,0.5819870687942931,4
FOXA1+FOS,FOXA1,FOS,exactly one gene observed,additive,top_DE_Pearson,0.4749864881394646,4
FOXA1+FOS,FOXA1,FOS,exactly one gene observed,linear,top_DE_Pearson,0.4404284138662664,4
FOXA1+FOS,FOXA1,FOS,exactly one gene observed,GEARS,top_DE_Pearson,0.39138720073479105,4
FOXA1+FOS,FOXA1,FOS,exactly one gene observed,CPA,top_DE_Pearson,0.44383683821818665,4
FOXA1+FOS,FOXA1,FOS,exactly one gene observed,AttentionPert,top_DE_Pearson,0.424426285534075,4
FOXA1+FOS,FOXA1,FOS,exactly one gene observed,mean,top_DE_Pearson,0.27317972541509905,4
JUN+FOXA1,JUN,FOXA1,neither gene observed,OpPert,top_DE_Pearson,0.48278125483683904,0
JUN+FOXA1,JUN,FOXA1,neither gene observed,additive,top_DE_Pearson,0.32145865808822505,0
JUN+FOXA1,JUN,FOXA1,neither gene observed,linear,top_DE_Pearson,0.3596277350533938,0
JUN+FOXA1,JUN,FOXA1,neither gene observed,GEARS,top_DE_Pearson,0.45787304093436004,0
JUN+FOXA1,JUN,FOXA1,neither gene observed,CPA,top_DE_Pearson,0.37805977287828707,0
JUN+FOXA1,JUN,FOXA1,neither gene observed,AttentionPert,top_DE_Pearson,0.42184163628148397,0
JUN+FOXA1,JUN,FOXA1,neither gene observed,mean,top_DE_Pearson,0.24823974212929906,0
JUN+FOXA1,JUN,FOXA1,neither gene observed,OpPert,top_DE_Pearson,0.43947082655607717,1
JUN+FOXA1,JUN,FOXA1,neither gene observed,additive,top_DE_Pearson,0.2555851500638883,1
JUN+FOXA1,JUN,FOXA1,neither gene observed,linear,top_DE_Pearson,0.2513350562579723,1
JUN+FOXA1,JUN,FOXA1,neither gene observed,GEARS,top_DE_Pearson,0.3843062859360159,1
JUN+FOXA1,JUN,FOXA1,neither gene observed,CPA,top_DE_Pearson,0.38338980151959395,1
JUN+FOXA1,JUN,FOXA1,neither gene observed,AttentionPert,top_DE_Pearson,0.31283219779747257,1
JUN+FOXA1,JUN,FOXA1,neither gene observed,mean,top_DE_Pearson,0.25793150809792204,1
JUN+FOXA1,JUN,FOXA1,neither gene observed,OpPert,top_DE_Pearson,0.46322515377943013,2
JUN+FOXA1,JUN,FOXA1,neither gene observed,additive,top_DE_Pearson,0.2106395196364373,2
JUN+FOXA1,JUN,FOXA1,neither gene observed,linear,top_DE_Pearson,0.3150925204312299,2
JUN+FOXA1,JUN,FOXA1,neither gene observed,GEARS,top_DE_Pearson,0.4244358336241281,2
JUN+FOXA1,JUN,FOXA1,neither gene observed,CPA,top_DE_Pearson,0.40322352376374465,2
JUN+FOXA1,JUN,FOXA1,neither gene observed,AttentionPert,top_DE_Pearson,0.3207795050160144,2
JUN+FOXA1,JUN,FOXA1,neither gene observed,mean,top_DE_Pearson,0.2695068830299841,2
JUN+FOXA1,JUN,FOXA1,neither gene observed,OpPert,top_DE_Pearson,0.5213444335216284,3
JUN+FOXA1,JUN,FOXA1,neither gene observed,additive,top_DE_Pearson,0.3866243775394539,3
JUN+FOXA1,JUN,FOXA1,neither gene observed,linear,top_DE_Pearson,0.36428285277916395,3
JUN+FOXA1,JUN,FOXA1,neither gene observed,GEARS,top_DE_Pearson,0.3719214212005425,3
JUN+FOXA1,JUN,FOXA1,neither gene observed,CPA,top_DE_Pearson,0.34223933093992975,3
JUN+FOXA1,JUN,FOXA1,neither gene observed,AttentionPert,top_DE_Pearson,0.41806918697457945,3
JUN+FOXA1,JUN,FOXA1,neither gene observed,mean,top_DE_Pearson,0.2717062383885733,3
JUN+FOXA1,JUN,FOXA1,neither gene observed,OpPert,top_DE_Pearson,0.49776424036613204,4
JUN+FOXA1,JUN,FOXA1,neither gene observed,additive,top_DE_Pearson,0.34791242878726913,4
JUN+FOXA1,JUN,FOXA1,neither gene observed,linear,top_DE_Pearson,0.4191258370208465,4
JUN+FOXA1,JUN,FOXA1,neither gene observed,GEARS,top_DE_Pearson,0.405675551977462,4
JUN+FOXA1,JUN,FOXA1,neither gene observed,CPA,top_DE_Pearson,0.4270813229679012,4
JUN+FOXA1,JUN,FOXA1,neither gene observed,AttentionPert,top_DE_Pearson,0.44224936622199834,4
JUN+FOXA1,JUN,FOXA1,neither gene observed,mean,top_DE_Pearson,0.2117284021865112,4
JUN+CEBPE,JUN,CEBPE,"both genes observed, pair held out",OpPert,top_DE_Pearson,0.5571308462702327,0
JUN+CEBPE,JUN,CEBPE,"both genes observed, pair held out",additive,top_DE_Pearson,0.49717083016687735,0
JUN+CEBPE,JUN,CEBPE,"both genes observed, pair held out",linear,top_DE_Pearson,0.6163124575421897,0
JUN+CEBPE,JUN,CEBPE,"both genes observed, pair held out",GEARS,top_DE_Pearson,0.5832193901320264,0
JUN+CEBPE,JUN,CEBPE,"both genes observed, pair held out",CPA,top_DE_Pearson,0.5492763148408524,0
JUN+CEBPE,JUN,CEBPE,"both genes observed, pair held out",AttentionPert,top_DE_Pearson,0.674052911618778,0
JUN+CEBPE,JUN,CEBPE,"both genes observed, pair held out",mean,top_DE_Pearson,0.39716277121697136,0
JUN+CEBPE,JUN,CEBPE,"both genes observed, pair held out",OpPert,top_DE_Pearson,0.6121107985347098,1
JUN+CEBPE,JUN,CEBPE,"both genes observed, pair held out",additive,top_DE_Pearson,0.5526831885028961,1
JUN+CEBPE,JUN,CEBPE,"both genes observed, pair held out",linear,top_DE_Pearson,0.5934272959232328,1
JUN+CEBPE,JUN,CEBPE,"both genes observed, pair held out",GEARS,top_DE_Pearson,0.6297805820604438,1
JUN+CEBPE,JUN,CEBPE,"both genes observed, pair held out",CPA,top_DE_Pearson,0.6346742826741367,1
JUN+CEBPE,JUN,CEBPE,"both genes observed, pair held out",AttentionPert,top_DE_Pearson,0.601914717240891,1
JUN+CEBPE,JUN,CEBPE,"both genes observed, pair held out",mean,top_DE_Pearson,0.4893630363363045,1
JUN+CEBPE,JUN,CEBPE,"both genes observed, pair held out",OpPert,top_DE_Pearson,0.6444474444410949,2
JUN+CEBPE,JUN,CEBPE,"both genes observed, pair held out",additive,top_DE_Pearson,0.5437618981942028,2
JUN+CEBPE,JUN,CEBPE,"both genes observed, pair held out",linear,top_DE_Pearson,0.576452050803218,2
JUN+CEBPE,JUN,CEBPE,"both genes observed, pair held out",GEARS,top_DE_Pearson,0.6129058881491422,2
JUN+CEBPE,JUN,CEBPE,"both genes observed, pair held out",CPA,top_DE_Pearson,0.6263523884549655,2
JUN+CEBPE,JUN,CEBPE,"both genes observed, pair held out",AttentionPert,top_DE_Pearson,0.6233087409166899,2
JUN+CEBPE,JUN,CEBPE,"both genes observed, pair held out",mean,top_DE_Pearson,0.46265302017401094,2
JUN+CEBPE,JUN,CEBPE,"both genes observed, pair held out",OpPert,top_DE_Pearson,0.6114524409035376,3
JUN+CEBPE,JUN,CEBPE,"both genes observed, pair held out",additive,top_DE_Pearson,0.5440602754837626,3
JUN+CEBPE,JUN,CEBPE,"both genes observed, pair held out",linear,top_DE_Pearson,0.5683189329062553,3
JUN+CEBPE,JUN,CEBPE,"both genes observed, pair held out",GEARS,top_DE_Pearson,0.6115908947887919,3
JUN+CEBPE,JUN,CEBPE,"both genes observed, pair held out",CPA,top_DE_Pearson,0.7123915184284241,3
JUN+CEBPE,JUN,CEBPE,"both genes observed, pair held out",AttentionPert,top_DE_Pearson,0.5585736332875259,3
JUN+CEBPE,JUN,CEBPE,"both genes observed, pair held out",mean,top_DE_Pearson,0.48533734114752153,3
JUN+CEBPE,JUN,CEBPE,"both genes observed, pair held out",OpPert,top_DE_Pearson,0.7241077240346578,4
JUN+CEBPE,JUN,CEBPE,"both genes observed, pair held out",additive,top_DE_Pearson,0.545880114845963,4
JUN+CEBPE,JUN,CEBPE,"both genes observed, pair held out",linear,top_DE_Pearson,0.7102707071503298,4
JUN+CEBPE,JUN,CEBPE,"both genes observed, pair held out",GEARS,top_DE_Pearson,0.5773176424961114,4
JUN+CEBPE,JUN,CEBPE,"both genes observed, pair held out",CPA,top_DE_Pearson,0.5994453533392028,4
JUN+CEBPE,JUN,CEBPE,"both genes observed, pair held out",AttentionPert,top_DE_Pearson,0.5420716553064211,4
JUN+CEBPE,JUN,CEBPE,"both genes observed, pair held out",mean,top_DE_Pearson,0.4389085158914024,4
MAPK1+STAT3,MAPK1,STAT3,neither gene observed,OpPert,top_DE_Pearson,0.4791456900414145,0
MAPK1+STAT3,MAPK1,STAT3,neither gene observed,additive,top_DE_Pearson,0.4155468909600842,0
MAPK1+STAT3,MAPK1,STAT3,neither gene observed,linear,top_DE_Pearson,0.3643020813644397,0
MAPK1+STAT3,MAPK1,STAT3,neither gene observed,GEARS,top_DE_Pearson,0.3800698882096597,0
MAPK1+STAT3,MAPK1,STAT3,neither gene observed,CPA,top_DE_Pearson,0.5422391064367632,0
MAPK1+STAT3,MAPK1,STAT3,neither gene observed,AttentionPert,top_DE_Pearson,0.41365425896652186,0
MAPK1+STAT3,MAPK1,STAT3,neither gene observed,mean,top_DE_Pearson,0.21683110724128715,0
MAPK1+STAT3,MAPK1,STAT3,neither gene observed,OpPert,top_DE_Pearson,0.4183441742651159,1
MAPK1+STAT3,MAPK1,STAT3,neither gene observed,additive,top_DE_Pearson,0.2834392051281196,1
MAPK1+STAT3,MAPK1,STAT3,neither gene observed,linear,top_DE_Pearson,0.42619416135140725,1
MAPK1+STAT3,MAPK1,STAT3,neither gene observed,GEARS,top_DE_Pearson,0.3781373624264055,1
MAPK1+STAT3,MAPK1,STAT3,neither gene observed,CPA,top_DE_Pearson,0.38764174853938915,1
MAPK1+STAT3,MAPK1,STAT3,neither gene observed,AttentionPert,top_DE_Pearson,0.3861894795337039,1
MAPK1+STAT3,MAPK1,STAT3,neither gene observed,mean,top_DE_Pearson,0.3038895444764561,1
MAPK1+STAT3,MAPK1,STAT3,neither gene observed,OpPert,top_DE_Pearson,0.4091953544269588,2
MAPK1+STAT3,MAPK1,STAT3,neither gene observed,additive,top_DE_Pearson,0.2754656628314191,2
MAPK1+STAT3,MAPK1,STAT3,neither gene observed,linear,top_DE_Pearson,0.38345783843089565,2
MAPK1+STAT3,MAPK1,STAT3,neither gene observed,GEARS,top_DE_Pearson,0.43605755708199384,2
MAPK1+STAT3,MAPK1,STAT3,neither gene observed,CPA,top_DE_Pearson,0.39995193878585844,2
MAPK1+STAT3,MAPK1,STAT3,neither gene observed,AttentionPert,top_DE_Pearson,0.34143277625416035,2
MAPK1+STAT3,MAPK1,STAT3,neither gene observed,mean,top_DE_Pearson,0.3006490905254836,2
MAPK1+STAT3,MAPK1,STAT3,neither gene observed,OpPert,top_DE_Pearson,0.41536834437426196,3
MAPK1+STAT3,MAPK1,STAT3,neither gene observed,additive,top_DE_Pearson,0.308707681312817,3
MAPK1+STAT3,MAPK1,STAT3,neither gene observed,linear,top_DE_Pearson,0.31336278851667987,3
MAPK1+STAT3,MAPK1,STAT3,neither gene observed,GEARS,top_DE_Pearson,0.47806950091912187,3
MAPK1+STAT3,MAPK1,STAT3,neither gene observed,CPA,top_DE_Pearson,0.418005292461641,3
MAPK1+STAT3,MAPK1,STAT3,neither gene observed,AttentionPert,top_DE_Pearson,0.4262996025407324,3
MAPK1+STAT3,MAPK1,STAT3,neither gene observed,mean,top_DE_Pearson,0.33483268526854704,3
MAPK1+STAT3,MAPK1,STAT3,neither gene observed,OpPert,top_DE_Pearson,0.6287589548943234,4
MAPK1+STAT3,MAPK1,STAT3,neither gene observed,additive,top_DE_Pearson,0.2374464337653907,4
MAPK1+STAT3,MAPK1,STAT3,neither gene observed,linear,top_DE_Pearson,0.3256974051473735,4
MAPK1+STAT3,MAPK1,STAT3,neither gene observed,GEARS,top_DE_Pearson,0.3630294949495286,4
MAPK1+STAT3,MAPK1,STAT3,neither gene observed,CPA,top_DE_Pearson,0.32895082265703846,4
MAPK1+STAT3,MAPK1,STAT3,neither gene observed,AttentionPert,top_DE_Pearson,0.3253450051437773,4
MAPK1+STAT3,MAPK1,STAT3,neither gene observed,mean,top_DE_Pearson,0.2420208161566781,4
CDKN1B+CDKN1A,CDKN1B,CDKN1A,exactly one gene observed,OpPert,top_DE_Pearson,0.5888617198858194,0
CDKN1B+CDKN1A,CDKN1B,CDKN1A,exactly one gene observed,additive,top_DE_Pearson,0.47046370709829516,0
CDKN1B+CDKN1A,CDKN1B,CDKN1A,exactly one gene observed,linear,top_DE_Pearson,0.5061804112056005,0
CDKN1B+CDKN1A,CDKN1B,CDKN1A,exactly one gene observed,GEARS,top_DE_Pearson,0.47759546379056705,0
CDKN1B+CDKN1A,CDKN1B,CDKN1A,exactly one gene observed,CPA,top_DE_Pearson,0.60726860415802,0
CDKN1B+CDKN1A,CDKN1B,CDKN1A,exactly one gene observed,AttentionPert,top_DE_Pearson,0.5040658669889259,0
CDKN1B+CDKN1A,CDKN1B,CDKN1A,exactly one gene observed,mean,top_DE_Pearson,0.2482509148425123,0
CDKN1B+CDKN1A,CDKN1B,CDKN1A,exactly one gene observed,OpPert,top_DE_Pearson,0.499857455254027,1
CDKN1B+CDKN1A,CDKN1B,CDKN1A,exactly one gene observed,additive,top_DE_Pearson,0.3355698206583311,1
CDKN1B+CDKN1A,CDKN1B,CDKN1A,exactly one gene observed,linear,top_DE_Pearson,0.4710400777490784,1
CDKN1B+CDKN1A,CDKN1B,CDKN1A,exactly one gene observed,GEARS,top_DE_Pearson,0.49269168655679996,1
CDKN1B+CDKN1A,CDKN1B,CDKN1A,exactly one gene observed,CPA,top_DE_Pearson,0.4518944581260325,1
CDKN1B+CDKN1A,CDKN1B,CDKN1A,exactly one gene observed,AttentionPert,top_DE_Pearson,0.6106555667440309,1
CDKN1B+CDKN1A,CDKN1B,CDKN1A,exactly one gene observed,mean,top_DE_Pearson,0.3929389724446146,1
CDKN1B+CDKN1A,CDKN1B,CDKN1A,exactly one gene observed,OpPert,top_DE_Pearson,0.6035659016867801,2
CDKN1B+CDKN1A,CDKN1B,CDKN1A,exactly one gene observed,additive,top_DE_Pearson,0.3841355907234738,2
CDKN1B+CDKN1A,CDKN1B,CDKN1A,exactly one gene observed,linear,top_DE_Pearson,0.4100513065201392,2
CDKN1B+CDKN1A,CDKN1B,CDKN1A,exactly one gene observed,GEARS,top_DE_Pearson,0.5022083299458173,2
CDKN1B+CDKN1A,CDKN1B,CDKN1A,exactly one gene observed,CPA,top_DE_Pearson,0.49038042837913354,2
CDKN1B+CDKN1A,CDKN1B,CDKN1A,exactly one gene observed,AttentionPert,top_DE_Pearson,0.3786213059731326,2
CDKN1B+CDKN1A,CDKN1B,CDKN1A,exactly one gene observed,mean,top_DE_Pearson,0.34918157862902793,2
CDKN1B+CDKN1A,CDKN1B,CDKN1A,exactly one gene observed,OpPert,top_DE_Pearson,0.5608443249724103,3
CDKN1B+CDKN1A,CDKN1B,CDKN1A,exactly one gene observed,additive,top_DE_Pearson,0.42709105005373227,3
CDKN1B+CDKN1A,CDKN1B,CDKN1A,exactly one gene observed,linear,top_DE_Pearson,0.4211965752591994,3
CDKN1B+CDKN1A,CDKN1B,CDKN1A,exactly one gene observed,GEARS,top_DE_Pearson,0.46762788908473163,3
CDKN1B+CDKN1A,CDKN1B,CDKN1A,exactly one gene observed,CPA,top_DE_Pearson,0.4693884483856322,3
CDKN1B+CDKN1A,CDKN1B,CDKN1A,exactly one gene observed,AttentionPert,top_DE_Pearson,0.49544800141660283,3
CDKN1B+CDKN1A,CDKN1B,CDKN1A,exactly one gene observed,mean,top_DE_Pearson,0.39628749495303406,3
CDKN1B+CDKN1A,CDKN1B,CDKN1A,exactly one gene observed,OpPert,top_DE_Pearson,0.6248513722970523,4
CDKN1B+CDKN1A,CDKN1B,CDKN1A,exactly one gene observed,additive,top_DE_Pearson,0.422339136588365,4
CDKN1B+CDKN1A,CDKN1B,CDKN1A,exactly one gene observed,linear,top_DE_Pearson,0.4426306282330785,4
CDKN1B+CDKN1A,CDKN1B,CDKN1A,exactly one gene observed,GEARS,top_DE_Pearson,0.5262593404120584,4
CDKN1B+CDKN1A,CDKN1B,CDKN1A,exactly one gene observed,CPA,top_DE_Pearson,0.5166506949846512,4
CDKN1B+CDKN1A,CDKN1B,CDKN1A,exactly one gene observed,AttentionPert,top_DE_Pearson,0.46394797400446686,4
CDKN1B+CDKN1A,CDKN1B,CDKN1A,exactly one gene observed,mean,top_DE_Pearson,0.40742360861797033,4
FOXA1+FOS,FOXA1,FOS,exactly one gene observed,OpPert,top_DE_Pearson,0.6666992544031894,0
FOXA1+FOS,FOXA1,FOS,exactly one gene observed,additive,top_DE_Pearson,0.38801503168043366,0
FOXA1+FOS,FOXA1,FOS,exactly one gene observed,linear,top_DE_Pearson,0.4708338925599506,0
FOXA1+FOS,FOXA1,FOS,exactly one gene observed,GEARS,top_DE_Pearson,0.5006766617971196,0
FOXA1+FOS,FOXA1,FOS,exactly one gene observed,CPA,top_DE_Pearson,0.47411558588804953,0
FOXA1+FOS,FOXA1,FOS,exactly one gene observed,AttentionPert,top_DE_Pearson,0.4510442248233918,0
FOXA1+FOS,FOXA1,FOS,exactly one gene observed,mean,top_DE_Pearson,0.2708662798061357,0
FOXA1+FOS,FOXA1,FOS,exactly one gene observed,OpPert,top_DE_Pearson,0.5655607667617403,1
FOXA1+FOS,FOXA1,FOS,exactly one gene observed,additive,top_DE_Pearson,0.39389866042712524,1
FOXA1+FOS,FOXA1,FOS,exactly one gene observed,linear,top_DE_Pearson,0.4751596088448575,1
FOXA1+FOS,FOXA1,FOS,exactly one gene observed,GEARS,top_DE_Pearson,0.4523573874980688,1
FOXA1+FOS,FOXA1,FOS,exactly one gene observed,CPA,top_DE_Pearson,0.4140204992493395,1
FOXA1+FOS,FOXA1,FOS,exactly one gene observed,AttentionPert,top_DE_Pearson,0.5040579016226139,1
FOXA1+FOS,FOXA1,FOS,exactly one gene observed,mean,top_DE_Pearson,0.36905529160838974,1
FOXA1+FOS,FOXA1,FOS,exactly one gene observed,OpPert,top_DE_Pearson,0.594756918279256,2
FOXA1+FOS,FOXA1,FOS,exactly one gene observed,additive,top_DE_Pearson,0.5711518259850575,2
FOXA1+FOS,FOXA1,FOS,exactly one gene observed,linear,top_DE_Pearson,0.48663737187265077,2
FOXA1+FOS,FOXA1,FOS,exactly one gene observed,GEARS,top_DE_Pearson,0.5291049060238477,2
FOXA1+FOS,FOXA1,FOS,exactly one gene observed,CPA,top_DE_Pearson,0.4153463202679605,2
FOXA1+FOS,FOXA1,FOS,exactly one gene observed,AttentionPert,top_DE_Pearson,0.41278555356781754,2
FOXA1+FOS,FOXA1,FOS,exactly one gene observed,mean,top_DE_Pearson,0.4549697668064,2
FOXA1+FOS,FOXA1,FOS,exactly one gene observed,OpPert,top_DE_Pearson,0.5045912132040018,3
FOXA1+FOS,FOXA1,FOS,exactly one gene observed,additive,top_DE_Pearson,0.3773633557118815,3
FOXA1+FOS,FOXA1,FOS,exactly one gene observed,linear,top_DE_Pearson,0.46765406472700677,3
FOXA1+FOS,FOXA1,FOS,exactly one gene observed,GEARS,top_DE_Pearson,0.4945884551973567,3
FOXA1+FOS,FOXA1,FOS,exactly one gene observed,CPA,top_DE_Pearson,0.42584960961340246,3
FOXA1+FOS,FOXA1,FOS,exactly one gene observed,AttentionPert,top_DE_Pearson,0.47170160687721396,3
FOXA1+FOS,FOXA1,FOS,exactly one gene observed,mean,top_DE_Pearson,0.43376254305900624,3
FOXA1+FOS,FOXA1,FOS,exactly one gene observed,OpPert,top_DE_Pearson,0.5116403834700922,4
FOXA1+FOS,FOXA1,FOS,exactly one gene observed,additive,top_DE_Pearson,0.3563796509380297,4
FOXA1+FOS,FOXA1,FOS,exactly one gene observed,linear,top_DE_Pearson,0.5265556172539875,4
FOXA1+FOS,FOXA1,FOS,exactly one gene observed,GEARS,top_DE_Pearson,0.5295378147162823,4
FOXA1+FOS,FOXA1,FOS,exactly one gene observed,CPA,top_DE_Pearson,0.4427688827610803,4
FOXA1+FOS,FOXA1,FOS,exactly one gene observed,AttentionPert,top_DE_Pearson,0.39506997903238494,4
FOXA1+FOS,FOXA1,FOS,exactly one gene observed,mean,top_DE_Pearson,0.3153225986136862,4
FOXA1+CEBPA,FOXA1,CEBPA,"both genes observed, pair held out",OpPert,top_DE_Pearson,0.6549288071093116,0
FOXA1+CEBPA,FOXA1,CEBPA,"both genes observed, pair held out",additive,top_DE_Pearson,0.5805086795936939,0
FOXA1+CEBPA,FOXA1,CEBPA,"both genes observed, pair held out",linear,top_DE_Pearson,0.4271239595926847,0
FOXA1+CEBPA,FOXA1,CEBPA,"both genes observed, pair held out",GEARS,top_DE_Pearson,0.6620271700763339,0
FOXA1+CEBPA,FOXA1,CEBPA,"both genes observed, pair held out",CPA,top_DE_Pearson,0.5090529656676137,0
FOXA1+CEBPA,FOXA1,CEBPA,"both genes observed, pair held out",AttentionPert,top_DE_Pearson,0.609919729607416,0
FOXA1+CEBPA,FOXA1,CEBPA,"both genes observed, pair held out",mean,top_DE_Pearson,0.47480098897664463,0
FOXA1+CEBPA,FOXA1,CEBPA,"both genes observed, pair held out",OpPert,top_DE_Pearson,0.7250751834878306,1
FOXA1+CEBPA,FOXA1,CEBPA,"both genes observed, pair held out",additive,top_DE_Pearson,0.5730554628536124,1
FOXA1+CEBPA,FOXA1,CEBPA,"both genes observed, pair held out",linear,top_DE_Pearson,0.4273625704962011,1
FOXA1+CEBPA,FOXA1,CEBPA,"both genes observed, pair held out",GEARS,top_DE_Pearson,0.5529132451706404,1
FOXA1+CEBPA,FOXA1,CEBPA,"both genes observed, pair held out",CPA,top_DE_Pearson,0.5882923077611968,1
FOXA1+CEBPA,FOXA1,CEBPA,"both genes observed, pair held out",AttentionPert,top_DE_Pearson,0.5783012068328127,1
FOXA1+CEBPA,FOXA1,CEBPA,"both genes observed, pair held out",mean,top_DE_Pearson,0.4886566437854062,1
FOXA1+CEBPA,FOXA1,CEBPA,"both genes observed, pair held out",OpPert,top_DE_Pearson,0.7073619933401822,2
FOXA1+CEBPA,FOXA1,CEBPA,"both genes observed, pair held out",additive,top_DE_Pearson,0.5765071041857808,2
FOXA1+CEBPA,FOXA1,CEBPA,"both genes observed, pair held out",linear,top_DE_Pearson,0.557143503446732,2
FOXA1+CEBPA,FOXA1,CEBPA,"both genes observed, pair held out",GEARS,top_DE_Pearson,0.48921977933277117,2
FOXA1+CEBPA,FOXA1,CEBPA,"both genes observed, pair held out",CPA,top_DE_Pearson,0.552671125068711,2
FOXA1+CEBPA,FOXA1,CEBPA,"both genes observed, pair held out",AttentionPert,top_DE_Pearson,0.6149820888883373,2
FOXA1+CEBPA,FOXA1,CEBPA,"both genes observed, pair held out",mean,top_DE_Pearson,0.3945731648469713,2
FOXA1+CEBPA,FOXA1,CEBPA,"both genes observed, pair held out",OpPert,top_DE_Pearson,0.6978764838072945,3
FOXA1+CEBPA,FOXA1,CEBPA,"both genes observed, pair held out",additive,top_DE_Pearson,0.5945035978360383,3
FOXA1+CEBPA,FOXA1,CEBPA,"both genes observed, pair held out",linear,top_DE_Pearson,0.5776120185777505,3
FOXA1+CEBPA,FOXA1,CEBPA,"both genes observed, pair held out",GEARS,top_DE_Pearson,0.41617320802125624,3
FOXA1+CEBPA,FOXA1,CEBPA,"both genes observed, pair held out",CPA,top_DE_Pearson,0.5033146982372918,3
FOXA1+CEBPA,FOXA1,CEBPA,"both genes observed, pair held out",AttentionPert,top_DE_Pearson,0.7031713495133649,3
FOXA1+CEBPA,FOXA1,CEBPA,"both genes observed, pair held out",mean,top_DE_Pearson,0.4272077324182973,3
FOXA1+CEBPA,FOXA1,CEBPA,"both genes observed, pair held out",OpPert,top_DE_Pearson,0.5409514066122602,4
FOXA1+CEBPA,FOXA1,CEBPA,"both genes observed, pair held out",additive,top_DE_Pearson,0.6141148432986163,4
FOXA1+CEBPA,FOXA1,CEBPA,"both genes observed, pair held out",linear,top_DE_Pearson,0.5708013354926204,4
FOXA1+CEBPA,FOXA1,CEBPA,"both genes observed, pair held out",GEARS,top_DE_Pearson,0.6662964293374635,4
FOXA1+CEBPA,FOXA1,CEBPA,"both genes observed, pair held out",CPA,top_DE_Pearson,0.5966175205131619,4
FOXA1+CEBPA,FOXA1,CEBPA,"both genes observed, pair held out",AttentionPert,top_DE_Pearson,0.6175135481727301,4
FOXA1+CEBPA,FOXA1,CEBPA,"both genes observed, pair held out",mean,top_DE_Pearson,0.48178055486287097,4
ELK1+CDKN1A,ELK1,CDKN1A,exactly one gene observed,OpPert,top_DE_Pearson,0.6182603801575514,0
ELK1+CDKN1A,ELK1,CDKN1A,exactly one gene observed,additive,top_DE_Pearson,0.3451796409292679,0
ELK1+CDKN1A,ELK1,CDKN1A,exactly one gene observed,linear,top_DE_Pearson,0.49679969091673415,0
ELK1+CDKN1A,ELK1,CDKN1A,exactly one gene observed,GEARS,top_DE_Pearson,0.5684888460861931,0
ELK1+CDKN1A,ELK1,CDKN1A,exactly one gene observed,CPA,top_DE_Pearson,0.5521620483921688,0
ELK1+CDKN1A,ELK1,CDKN1A,exactly one gene observed,AttentionPert,top_DE_Pearson,0.464403701016454,0
ELK1+CDKN1A,ELK1,CDKN1A,exactly one gene observed,mean,top_DE_Pearson,0.4298966667112877,0
ELK1+CDKN1A,ELK1,CDKN1A,exactly one gene observed,OpPert,top_DE_Pearson,0.6156645439730724,1
ELK1+CDKN1A,ELK1,CDKN1A,exactly one gene observed,additive,top_DE_Pearson,0.5943510462181838,1
ELK1+CDKN1A,ELK1,CDKN1A,exactly one gene observed,linear,top_DE_Pearson,0.4249998958250893,1
ELK1+CDKN1A,ELK1,CDKN1A,exactly one gene observed,GEARS,top_DE_Pearson,0.4695559654159745,1
ELK1+CDKN1A,ELK1,CDKN1A,exactly one gene observed,CPA,top_DE_Pearson,0.46163285709240276,1
ELK1+CDKN1A,ELK1,CDKN1A,exactly one gene observed,AttentionPert,top_DE_Pearson,0.4605866709976735,1
ELK1+CDKN1A,ELK1,CDKN1A,exactly one gene observed,mean,top_DE_Pearson,0.3065987550141838,1
ELK1+CDKN1A,ELK1,CDKN1A,exactly one gene observed,OpPert,top_DE_Pearson,0.39423946965957546,2
ELK1+CDKN1A,ELK1,CDKN1A,exactly one gene observed,additive,top_DE_Pearson,0.41391803157661194,2
ELK1+CDKN1A,ELK1,CDKN1A,exactly one gene observed,linear,top_DE_Pearson,0.49216148358199424,2
ELK1+CDKN1A,ELK1,CDKN1A,exactly one gene observed,GEARS,top_DE_Pearson,0.47040668926964535,2
ELK1+CDKN1A,ELK1,CDKN1A,exactly one gene observed,CPA,top_DE_Pearson,0.5961228710117465,2
ELK1+CDKN1A,ELK1,CDKN1A,exactly one gene observed,AttentionPert,top_DE_Pearson,0.49080254876295176,2
ELK1+CDKN1A,ELK1,CDKN1A,exactly one gene observed,mean,top_DE_Pearson,0.43746174331104815,2
ELK1+CDKN1A,ELK1,CDKN1A,exactly one gene observed,OpPert,top_DE_Pearson,0.5756852247637981,3
ELK1+CDKN1A,ELK1,CDKN1A,exactly one gene observed,additive,top_DE_Pearson,0.48958443859359546,3
ELK1+CDKN1A,ELK1,CDKN1A,exactly one gene observed,linear,top_DE_Pearson,0.4867544932360137,3
ELK1+CDKN1A,ELK1,CDKN1A,exactly one gene observed,GEARS,top_DE_Pearson,0.5821270779142138,3
ELK1+CDKN1A,ELK1,CDKN1A,exactly one gene observed,CPA,top_DE_Pearson,0.48335636100794405,3
ELK1+CDKN1A,ELK1,CDKN1A,exactly one gene observed,AttentionPert,top_DE_Pearson,0.5197672424853271,3
ELK1+CDKN1A,ELK1,CDKN1A,exactly one gene observed,mean,top_DE_Pearson,0.38197997601900263,3
ELK1+CDKN1A,ELK1,CDKN1A,exactly one gene observed,OpPert,top_DE_Pearson,0.5427028725123609,4
ELK1+CDKN1A,ELK1,CDKN1A,exactly one gene observed,additive,top_DE_Pearson,0.4642989391354806,4
ELK1+CDKN1A,ELK1,CDKN1A,exactly one gene observed,linear,top_DE_Pearson,0.6040631747718609,4
ELK1+CDKN1A,ELK1,CDKN1A,exactly one gene observed,GEARS,top_DE_Pearson,0.4837761834742735,4
ELK1+CDKN1A,ELK1,CDKN1A,exactly one gene observed,CPA,top_DE_Pearson,0.5051678935711948,4
ELK1+CDKN1A,ELK1,CDKN1A,exactly one gene observed,AttentionPert,top_DE_Pearson,0.5654667370521665,4
ELK1+CDKN1A,ELK1,CDKN1A,exactly one gene observed,mean,top_DE_Pearson,0.4284151968566568,4
ELK1+CDKN1B,ELK1,CDKN1B,neither gene observed,OpPert,top_DE_Pearson,0.32683154448261686,0
ELK1+CDKN1B,ELK1,CDKN1B,neither gene observed,additive,top_DE_Pearson,0.4281962338564739,0
ELK1+CDKN1B,ELK1,CDKN1B,neither gene observed,linear,top_DE_Pearson,0.38016843227159564,0
ELK1+CDKN1B,ELK1,CDKN1B,neither gene observed,GEARS,top_DE_Pearson,0.45998044119231934,0
ELK1+CDKN1B,ELK1,CDKN1B,neither gene observed,CPA,top_DE_Pearson,0.32587333170913696,0
ELK1+CDKN1B,ELK1,CDKN1B,neither gene observed,AttentionPert,top_DE_Pearson,0.2968495516019968,0
ELK1+CDKN1B,ELK1,CDKN1B,neither gene observed,mean,top_DE_Pearson,0.27564526304847004,0
ELK1+CDKN1B,ELK1,CDKN1B,neither gene observed,OpPert,top_DE_Pearson,0.45798379360263153,1
ELK1+CDKN1B,ELK1,CDKN1B,neither gene observed,additive,top_DE_Pearson,0.3105075504305701,1
ELK1+CDKN1B,ELK1,CDKN1B,neither gene observed,linear,top_DE_Pearson,0.3750796768439658,1
ELK1+CDKN1B,ELK1,CDKN1B,neither gene observed,GEARS,top_DE_Pearson,0.5660461535219357,1
ELK1+CDKN1B,ELK1,CDKN1B,neither gene observed,CPA,top_DE_Pearson,0.43007153284214344,1
ELK1+CDKN1B,ELK1,CDKN1B,neither gene observed,AttentionPert,top_DE_Pearson,0.4529699163517992,1
ELK1+CDKN1B,ELK1,CDKN1B,neither gene observed,mean,top_DE_Pearson,0.31063621349320136,1
ELK1+CDKN1B,ELK1,CDKN1B,neither gene observed,OpPert,top_DE_Pearson,0.5487677286311315,2
ELK1+CDKN1B,ELK1,CDKN1B,neither gene observed,additive,top_DE_Pearson,0.3285956996259553,2
ELK1+CDKN1B,ELK1,CDKN1B,neither gene observed,linear,top_DE_Pearson,0.24671432153948236,2
ELK1+CDKN1B,ELK1,CDKN1B,neither gene observed,GEARS,top_DE_Pearson,0.38868483201963944,2
ELK1+CDKN1B,ELK1,CDKN1B,neither gene observed,CPA,top_DE_Pearson,0.4287041425997901,2
ELK1+CDKN1B,ELK1,CDKN1B,neither gene observed,AttentionPert,top_DE_Pearson,0.3318119762930956,2
ELK1+CDKN1B,ELK1,CDKN1B,neither gene observed,mean,top_DE_Pearson,0.24941804297064019,2
ELK1+CDKN1B,ELK1,CDKN1B,neither gene observed,OpPert,top_DE_Pearson,0.41849381541986125,3
ELK1+CDKN1B,ELK1,CDKN1B,neither gene observed,additive,top_DE_Pearson,0.4301217551105878,3
ELK1+CDKN1B,ELK1,CDKN1B,neither gene observed,linear,top_DE_Pearson,0.4149674209243938,3
ELK1+CDKN1B,ELK1,CDKN1B,neither gene observed,GEARS,top_DE_Pearson,0.43909243723863756,3
ELK1+CDKN1B,ELK1,CDKN1B,neither gene observed,CPA,top_DE_Pearson,0.4172960787872583,3
ELK1+CDKN1B,ELK1,CDKN1B,neither gene observed,AttentionPert,top_DE_Pearson,0.3877650448468724,3
ELK1+CDKN1B,ELK1,CDKN1B,neither gene observed,mean,top_DE_Pearson,0.27185337695165024,3
ELK1+CDKN1B,ELK1,CDKN1B,neither gene observed,OpPert,top_DE_Pearson,0.38888892516806095,4
ELK1+CDKN1B,ELK1,CDKN1B,neither gene observed,additive,top_DE_Pearson,0.20881348127496596,4
ELK1+CDKN1B,ELK1,CDKN1B,neither gene observed,linear,top_DE_Pearson,0.3790048678207014,4
ELK1+CDKN1B,ELK1,CDKN1B,neither gene observed,GEARS,top_DE_Pearson,0.4194394153763287,4
ELK1+CDKN1B,ELK1,CDKN1B,neither gene observed,CPA,top_DE_Pearson,0.45255587410552267,4
ELK1+CDKN1B,ELK1,CDKN1B,neither gene observed,AttentionPert,top_DE_Pearson,0.4842801489649421,4
ELK1+CDKN1B,ELK1,CDKN1B,neither gene observed,mean,top_DE_Pearson,0.3541999090999368,4
SPI1+MAPK1,SPI1,MAPK1,exactly one gene observed,OpPert,top_DE_Pearson,0.5888200577528828,0
SPI1+MAPK1,SPI1,MAPK1,exactly one gene observed,additive,top_DE_Pearson,0.5919142806645307,0
SPI1+MAPK1,SPI1,MAPK1,exactly one gene observed,linear,top_DE_Pearson,0.5588059522228349,0
SPI1+MAPK1,SPI1,MAPK1,exactly one gene observed,GEARS,top_DE_Pearson,0.5671638297199029,0
SPI1+MAPK1,SPI1,MAPK1,exactly one gene observed,CPA,top_DE_Pearson,0.45673272266704257,0
SPI1+MAPK1,SPI1,MAPK1,exactly one gene observed,AttentionPert,top_DE_Pearson,0.4370080221306925,0
SPI1+MAPK1,SPI1,MAPK1,exactly one gene observed,mean,top_DE_Pearson,0.40733447300299436,0
SPI1+MAPK1,SPI1,MAPK1,exactly one gene observed,OpPert,top_DE_Pearson,0.49396032414593843,1
SPI1+MAPK1,SPI1,MAPK1,exactly one gene observed,additive,top_DE_Pearson,0.42569381894118186,1
SPI1+MAPK1,SPI1,MAPK1,exactly one gene observed,linear,top_DE_Pearson,0.4631133230598846,1
SPI1+MAPK1,SPI1,MAPK1,exactly one gene observed,GEARS,top_DE_Pearson,0.5955747253473684,1
SPI1+MAPK1,SPI1,MAPK1,exactly one gene observed,CPA,top_DE_Pearson,0.4587181618224193,1
SPI1+MAPK1,SPI1,MAPK1,exactly one gene observed,AttentionPert,top_DE_Pearson,0.34364502168564304,1
SPI1+MAPK1,SPI1,MAPK1,exactly one gene observed,mean,top_DE_Pearson,0.3902666788597481,1
SPI1+MAPK1,SPI1,MAPK1,exactly one gene observed,OpPert,top_DE_Pearson,0.5180586888137645,2
SPI1+MAPK1,SPI1,MAPK1,exactly one gene observed,additive,top_DE_Pearson,0.4425578614662648,2
SPI1+MAPK1,SPI1,MAPK1,exactly one gene observed,linear,top_DE_Pearson,0.46479771794947256,2
SPI1+MAPK1,SPI1,MAPK1,exactly one gene observed,GEARS,top_DE_Pearson,0.4835777602509339,2
SPI1+MAPK1,SPI1,MAPK1,exactly one gene observed,CPA,top_DE_Pearson,0.5274204349070822,2
SPI1+MAPK1,SPI1,MAPK1,exactly one gene observed,AttentionPert,top_DE_Pearson,0.39802810729883753,2
SPI1+MAPK1,SPI1,MAPK1,exactly one gene observed,mean,top_DE_Pearson,0.32897914650273835,2
SPI1+MAPK1,SPI1,MAPK1,exactly one gene observed,OpPert,top_DE_Pearson,0.601042274787043,3
SPI1+MAPK1,SPI1,MAPK1,exactly one gene observed,additive,top_DE_Pearson,0.4031549134793379,3
SPI1+MAPK1,SPI1,MAPK1,exactly one gene observed,linear,top_DE_Pearson,0.37347159744380165,3
SPI1+MAPK1,SPI1,MAPK1,exactly one gene observed,GEARS,top_DE_Pearson,0.5401133205954042,3
SPI1+MAPK1,SPI1,MAPK1,exactly one gene observed,CPA,top_DE_Pearson,0.5473856778264923,3
SPI1+MAPK1,SPI1,MAPK1,exactly one gene observed,AttentionPert,top_DE_Pearson,0.48730028754141963,3
SPI1+MAPK1,SPI1,MAPK1,exactly one gene observed,mean,top_DE_Pearson,0.24234926409182805,3
SPI1+MAPK1,SPI1,MAPK1,exactly one gene observed,OpPert,top_DE_Pearson,0.602358184801929,4
SPI1+MAPK1,SPI1,MAPK1,exactly one gene observed,additive,top_DE_Pearson,0.34040672711481873,4
SPI1+MAPK1,SPI1,MAPK1,exactly one gene observed,linear,top_DE_Pearson,0.48852795661088994,4
SPI1+MAPK1,SPI1,MAPK1,exactly one gene observed,GEARS,top_DE_Pearson,0.4467521705154704,4
SPI1+MAPK1,SPI1,MAPK1,exactly one gene observed,CPA,top_DE_Pearson,0.41040964285398207,4
SPI1+MAPK1,SPI1,MAPK1,exactly one gene observed,AttentionPert,top_DE_Pearson,0.46348539897521857,4
SPI1+MAPK1,SPI1,MAPK1,exactly one gene observed,mean,top_DE_Pearson,0.3490021466143644,4
FOXA1+FOS,FOXA1,FOS,"both genes observed, pair held out",OpPert,top_DE_Pearson,0.7188114523003092,0
FOXA1+FOS,FOXA1,FOS,"both genes observed, pair held out",additive,top_DE_Pearson,0.5568703899386088,0
FOXA1+FOS,FOXA1,FOS,"both genes observed, pair held out",linear,top_DE_Pearson,0.5281465676042215,0
FOXA1+FOS,FOXA1,FOS,"both genes observed, pair held out",GEARS,top_DE_Pearson,0.5480436069700628,0
FOXA1+FOS,FOXA1,FOS,"both genes observed, pair held out",CPA,top_DE_Pearson,0.48115022205715363,0
FOXA1+FOS,FOXA1,FOS,"both genes observed, pair held out",AttentionPert,top_DE_Pearson,0.6074439906720093,0
FOXA1+FOS,FOXA1,FOS,"both genes observed, pair held out",mean,top_DE_Pearson,0.4387247471649185,0
FOXA1+FOS,FOXA1,FOS,"both genes observed, pair held out",OpPert,top_DE_Pearson,0.5176682683161891,1
FOXA1+FOS,FOXA1,FOS,"both genes observed, pair held out",additive,top_DE_Pearson,0.5078571076338361,1
FOXA1+FOS,FOXA1,FOS,"both genes observed, pair held out",linear,top_DE_Pearson,0.5159379582447028,1
FOXA1+FOS,FOXA1,FOS,"both genes observed, pair held out",GEARS,top_DE_Pearson,0.6945406555302396,1
FOXA1+FOS,FOXA1,FOS,"both genes observed, pair held out",CPA,top_DE_Pearson,0.4778332832864014,1
FOXA1+FOS,FOXA1,FOS,"both genes observed, pair held out",AttentionPert,top_DE_Pearson,0.5035189520159568,1
FOXA1+FOS,FOXA1,FOS,"both genes observed, pair held out",mean,top_DE_Pearson,0.526598178586342,1
FOXA1+FOS,FOXA1,FOS,"both genes observed, pair held out",OpPert,top_DE_Pearson,0.7414057894478377,2
FOXA1+FOS,FOXA1,FOS,"both genes observed, pair held out",additive,top_DE_Pearson,0.49530102367646156,2
FOXA1+FOS,FOXA1,FOS,"both genes observed, pair held out",linear,top_DE_Pearson,0.5320748506314653,2
FOXA1+FOS,FOXA1,FOS,"both genes observed, pair held out",GEARS,top_DE_Pearson,0.6369741237931987,2
FOXA1+FOS,FOXA1,FOS,"both genes observed, pair held out",CPA,top_DE_Pearson,0.4403740121832813,2
FOXA1+FOS,FOXA1,FOS,"both genes observed, pair held out",AttentionPert,top_DE_Pearson,0.4783283789296666,2
FOXA1+FOS,FOXA1,FOS,"both genes observed, pair held out",mean,top_DE_Pearson,0.44315599594895727,2
FOXA1+FOS,FOXA1,FOS,"both genes observed, pair held out",OpPert,top_DE_Pearson,0.7529934339677475,3
FOXA1+FOS,FOXA1,FOS,"both genes observed, pair held out",additive,top_DE_Pearson,0.5138561947099957,3
FOXA1+FOS,FOXA1,FOS,"both genes observed, pair held out",linear,top_DE_Pearson,0.5760562075041092,3
FOXA1+FOS,FOXA1,FOS,"both genes observed, pair held out",GEARS,top_DE_Pearson,0.6680273563538407,3
FOXA1+FOS,FOXA1,FOS,"both genes observed, pair held out",CPA,top_DE_Pearson,0.7064130839966887,3
FOXA1+FOS,FOXA1,FOS,"both genes observed, pair held out",AttentionPert,top_DE_Pearson,0.5553890916111012,3
FOXA1+FOS,FOXA1,FOS,"both genes observed, pair held out",mean,top_DE_Pearson,0.4589897965759944,3
FOXA1+FOS,FOXA1,FOS,"both genes observed, pair held out",OpPert,top_DE_Pearson,0.7693233132805705,4
FOXA1+FOS,FOXA1,FOS,"both genes observed, pair held out",additive,top_DE_Pearson,0.4486680434885143,4
FOXA1+FOS,FOXA1,FOS,"both genes observed, pair held out",linear,top_DE_Pearson,0.6316548642332293,4
FOXA1+FOS,FOXA1,FOS,"both genes observed, pair held out",GEARS,top_DE_Pearson,0.5389010680583245,4
FOXA1+FOS,FOXA1,FOS,"both genes observed, pair held out",CPA,top_DE_Pearson,0.5861483420261894,4
FOXA1+FOS,FOXA1,FOS,"both genes observed, pair held out",AttentionPert,top_DE_Pearson,0.5754428571559835,4
FOXA1+FOS,FOXA1,FOS,"both genes observed, pair held out",mean,top_DE_Pearson,0.40251930395792623,4
STAT3+FOS,STAT3,FOS,"both genes observed, pair held out",OpPert,top_DE_Pearson,0.6010138843405034,0
STAT3+FOS,STAT3,FOS,"both genes observed, pair held out",additive,top_DE_Pearson,0.5565848618552253,0
STAT3+FOS,STAT3,FOS,"both genes observed, pair held out",linear,top_DE_Pearson,0.6297323596897608,0
STAT3+FOS,STAT3,FOS,"both genes observed, pair held out",GEARS,top_DE_Pearson,0.5922158278086898,0
STAT3+FOS,STAT3,FOS,"both genes observed, pair held out",CPA,top_DE_Pearson,0.584206789523993,0
STAT3+FOS,STAT3,FOS,"both genes observed, pair held out",AttentionPert,top_DE_Pearson,0.6242704439774628,0
STAT3+FOS,STAT3,FOS,"both genes observed, pair held out",mean,top_DE_Pearson,0.40170287361922236,0
STAT3+FOS,STAT3,FOS,"both genes observed, pair held out",OpPert,top_DE_Pearson,0.7043815505047752,1
STAT3+FOS,STAT3,FOS,"both genes observed, pair held out",additive,top_DE_Pearson,0.5891605858235849,1
STAT3+FOS,STAT3,FOS,"both genes observed, pair held out",linear,top_DE_Pearson,0.7262175779250245,1
STAT3+FOS,STAT3,FOS,"both genes observed, pair held out",GEARS,top_DE_Pearson,0.577433748566425,1
STAT3+FOS,STAT3,FOS,"both genes observed, pair held out",CPA,top_DE_Pearson,0.5525150918999123,1
STAT3+FOS,STAT3,FOS,"both genes observed, pair held out",AttentionPert,top_DE_Pearson,0.6361379522944247,1
STAT3+FOS,STAT3,FOS,"both genes observed, pair held out",mean,top_DE_Pearson,0.5091462501347283,1
STAT3+FOS,STAT3,FOS,"both genes observed, pair held out",OpPert,top_DE_Pearson,0.6278947707973972,2
STAT3+FOS,STAT3,FOS,"both genes observed, pair held out",additive,top_DE_Pearson,0.5158102393841971,2
STAT3+FOS,STAT3,FOS,"both genes observed, pair held out",linear,top_DE_Pearson,0.6024678502930824,2
STAT3+FOS,STAT3,FOS,"both genes observed, pair held out",GEARS,top_DE_Pearson,0.5503449455559203,2
STAT3+FOS,STAT3,FOS,"both genes observed, pair held out",CPA,top_DE_Pearson,0.5553679607190991,2
STAT3+FOS,STAT3,FOS,"both genes observed, pair held out",AttentionPert,top_DE_Pearson,0.5953755660421061,2
STAT3+FOS,STAT3,FOS,"both genes observed, pair held out",mean,top_DE_Pearson,0.5197563210893354,2
STAT3+FOS,STAT3,FOS,"both genes observed, pair held out",OpPert,top_DE_Pearson,0.6237240830292274,3
STAT3+FOS,STAT3,FOS,"both genes observed, pair held out",additive,top_DE_Pearson,0.42945693227815973,3
STAT3+FOS,STAT3,FOS,"both genes observed, pair held out",linear,top_DE_Pearson,0.4550041519489073,3
STAT3+FOS,STAT3,FOS,"both genes observed, pair held out",GEARS,top_DE_Pearson,0.524435215997632,3
STAT3+FOS,STAT3,FOS,"both genes observed, pair held out",CPA,top_DE_Pearson,0.5012099369080038,3
STAT3+FOS,STAT3,FOS,"both genes observed, pair held out",AttentionPert,top_DE_Pearson,0.5807233544828054,3
STAT3+FOS,STAT3,FOS,"both genes observed, pair held out",mean,top_DE_Pearson,0.3886671907841437,3
STAT3+FOS,STAT3,FOS,"both genes observed, pair held out",OpPert,top_DE_Pearson,0.6178347024107277,4
STAT3+FOS,STAT3,FOS,"both genes observed, pair held out",additive,top_DE_Pearson,0.49355484690107704,4
STAT3+FOS,STAT3,FOS,"both genes observed, pair held out",linear,top_DE_Pearson,0.5435695283491203,4
STAT3+FOS,STAT3,FOS,"both genes observed, pair held out",GEARS,top_DE_Pearson,0.6793502598913873,4
STAT3+FOS,STAT3,FOS,"both genes observed, pair held out",CPA,top_DE_Pearson,0.619716855365831,4
STAT3+FOS,STAT3,FOS,"both genes observed, pair held out",AttentionPert,top_DE_Pearson,0.5909677649165602,4
STAT3+FOS,STAT3,FOS,"both genes observed, pair held out",mean,top_DE_Pearson,0.4323384231651497,4
SPI1+CEBPE,SPI1,CEBPE,"both genes observed, pair held out",OpPert,top_DE_Pearson,0.6055429496339639,0
SPI1+CEBPE,SPI1,CEBPE,"both genes observed, pair held out",additive,top_DE_Pearson,0.542188845336854,0
SPI1+CEBPE,SPI1,CEBPE,"both genes observed, pair held out",linear,top_DE_Pearson,0.4481028258802183,0
SPI1+CEBPE,SPI1,CEBPE,"both genes observed, pair held out",GEARS,top_DE_Pearson,0.6127028270502358,0
SPI1+CEBPE,SPI1,CEBPE,"both genes observed, pair held out",CPA,top_DE_Pearson,0.6257289545175211,0
SPI1+CEBPE,SPI1,CEBPE,"both genes observed, pair held out",AttentionPert,top_DE_Pearson,0.5731958823871475,0
SPI1+CEBPE,SPI1,CEBPE,"both genes observed, pair held out",mean,top_DE_Pearson,0.5689916197684063,0
SPI1+CEBPE,SPI1,CEBPE,"both genes observed, pair held out",OpPert,top_DE_Pearson,0.6071256931538369,1
SPI1+CEBPE,SPI1,CEBPE,"both genes observed, pair held out",additive,top_DE_Pearson,0.5530464249181957,1
SPI1+CEBPE,SPI1,CEBPE,"both genes observed, pair held out",linear,top_DE_Pearson,0.5678505152000426,1
SPI1+CEBPE,SPI1,CEBPE,"both genes observed, pair held out",GEARS,top_DE_Pearson,0.5939821399533954,1
SPI1+CEBPE,SPI1,CEBPE,"both genes observed, pair held out",CPA,top_DE_Pearson,0.5731406699197151,1
SPI1+CEBPE,SPI1,CEBPE,"both genes observed, pair held out",AttentionPert,top_DE_Pearson,0.5964263018005682,1
SPI1+CEBPE,SPI1,CEBPE,"both genes observed, pair held out",mean,top_DE_Pearson,0.510877524607822,1
SPI1+CEBPE,SPI1,CEBPE,"both genes observed, pair held out",OpPert,top_DE_Pearson,0.7426641741764846,2
SPI1+CEBPE,SPI1,CEBPE,"both genes observed, pair held out",additive,top_DE_Pearson,0.5398649853297506,2
SPI1+CEBPE,SPI1,CEBPE,"both genes observed, pair held out",linear,top_DE_Pearson,0.6189189643302979,2
SPI1+CEBPE,SPI1,CEBPE,"both genes observed, pair held out",GEARS,top_DE_Pearson,0.5578939832239931,2
SPI1+CEBPE,SPI1,CEBPE,"both genes observed, pair held out",CPA,top_DE_Pearson,0.6259573271635739,2
SPI1+CEBPE,SPI1,CEBPE,"both genes observed, pair held out",AttentionPert,top_DE_Pearson,0.5442805085703806,2
SPI1+CEBPE,SPI1,CEBPE,"both genes observed, pair held out",mean,top_DE_Pearson,0.5254395961652879,2
SPI1+CEBPE,SPI1,CEBPE,"both genes observed, pair held out",OpPert,top_DE_Pearson,0.7926384526435943,3
SPI1+CEBPE,SPI1,CEBPE,"both genes observed, pair held out",additive,top_DE_Pearson,0.5326749667217165,3
SPI1+CEBPE,SPI1,CEBPE,"both genes observed, pair held out",linear,top_DE_Pearson,0.43844739055155546,3
SPI1+CEBPE,SPI1,CEBPE,"both genes observed, pair held out",GEARS,top_DE_Pearson,0.5671156240053106,3
SPI1+CEBPE,SPI1,CEBPE,"both genes observed, pair held out",CPA,top_DE_Pearson,0.6539125080573581,3
SPI1+CEBPE,SPI1,CEBPE,"both genes observed, pair held out",AttentionPert,top_DE_Pearson,0.6231846072215147,3
SPI1+CEBPE,SPI1,CEBPE,"both genes observed, pair held out",mean,top_DE_Pearson,0.47493481592050174,3
SPI1+CEBPE,SPI1,CEBPE,"both genes observed, pair held out",OpPert,top_DE_Pearson,0.7205201013572903,4
SPI1+CEBPE,SPI1,CEBPE,"both genes observed, pair held out",additive,top_DE_Pearson,0.5690672063549054,4
SPI1+CEBPE,SPI1,CEBPE,"both genes observed, pair held out",linear,top_DE_Pearson,0.6430635112470682,4
SPI1+CEBPE,SPI1,CEBPE,"both genes observed, pair held out",GEARS,top_DE_Pearson,0.6551654205988191,4
SPI1+CEBPE,SPI1,CEBPE,"both genes observed, pair held out",CPA,top_DE_Pearson,0.6713020271642175,4
SPI1+CEBPE,SPI1,CEBPE,"both genes observed, pair held out",AttentionPert,top_DE_Pearson,0.6115277650343752,4
SPI1+CEBPE,SPI1,CEBPE,"both genes observed, pair held out",mean,top_DE_Pearson,0.5143155640896373,4
CDKN1B+MAPK1,CDKN1B,MAPK1,neither gene observed,OpPert,top_DE_Pearson,0.5624060584251385,0
CDKN1B+MAPK1,CDKN1B,MAPK1,neither gene observed,additive,top_DE_Pearson,0.3529722805793613,0
CDKN1B+MAPK1,CDKN1B,MAPK1,neither gene observed,linear,top_DE_Pearson,0.4182928339517427,0
CDKN1B+MAPK1,CDKN1B,MAPK1,neither gene observed,GEARS,top_DE_Pearson,0.40742440086468346,0
CDKN1B+MAPK1,CDKN1B,MAPK1,neither gene observed,CPA,top_DE_Pearson,0.3448090609448021,0
CDKN1B+MAPK1,CDKN1B,MAPK1,neither gene observed,AttentionPert,top_DE_Pearson,0.3906589735549441,0
CDKN1B+MAPK1,CDKN1B,MAPK1,neither gene observed,mean,top_DE_Pearson,0.34615964106606284,0
CDKN1B+MAPK1,CDKN1B,MAPK1,neither gene observed,OpPert,top_DE_Pearson,0.49331440445676544,1
CDKN1B+MAPK1,CDKN1B,MAPK1,neither gene observed,additive,top_DE_Pearson,0.2373116104161725,1
CDKN1B+MAPK1,CDKN1B,MAPK1,neither gene observed,linear,top_DE_Pearson,0.35708533260543074,1
CDKN1B+MAPK1,CDKN1B,MAPK1,neither gene observed,GEARS,top_DE_Pearson,0.5069376275622828,1
CDKN1B+MAPK1,CDKN1B,MAPK1,neither gene observed,CPA,top_DE_Pearson,0.36717218828900267,1
CDKN1B+MAPK1,CDKN1B,MAPK1,neither gene observed,AttentionPert,top_DE_Pearson,0.28197127849594916,1
CDKN1B+MAPK1,CDKN1B,MAPK1,neither gene observed,mean,top_DE_Pearson,0.3735829331253526,1
CDKN1B+MAPK1,CDKN1B,MAPK1,neither gene observed,OpPert,top_DE_Pearson,0.5009435505887676,2
CDKN1B+MAPK1,CDKN1B,MAPK1,neither gene observed,additive,top_DE_Pearson,0.335799228471232,2
CDKN1B+MAPK1,CDKN1B,MAPK1,neither gene observed,linear,top_DE_Pearson,0.3477149358350759,2
CDKN1B+MAPK1,CDKN1B,MAPK1,neither gene observed,GEARS,top_DE_Pearson,0.46494111578750413,2
CDKN1B+MAPK1,CDKN1B,MAPK1,neither gene observed,CPA,top_DE_Pearson,0.34748099598642845,2
CDKN1B+MAPK1,CDKN1B,MAPK1,neither gene observed,AttentionPert,top_DE_Pearson,0.4588953854709593,2
CDKN1B+MAPK1,CDKN1B,MAPK1,neither gene observed,mean,top_DE_Pearson,0.2925317171434554,2
CDKN1B+MAPK1,CDKN1B,MAPK1,neither gene observed,OpPert,top_DE_Pearson,0.474680915529241,3
CDKN1B+MAPK1,CDKN1B,MAPK1,neither gene observed,additive,top_DE_Pearson,0.34873088832013577,3
CDKN1B+MAPK1,CDKN1B,MAPK1,neither gene observed,linear,top_DE_Pearson,0.3595019177971493,3
CDKN1B+MAPK1,CDKN1B,MAPK1,neither gene observed,GEARS,top_DE_Pearson,0.462738407212556,3
CDKN1B+MAPK1,CDKN1B,MAPK1,neither gene observed,CPA,top_DE_Pearson,0.32807943007388995,3
CDKN1B+MAPK1,CDKN1B,MAPK1,neither gene observed,AttentionPert,top_DE_Pearson,0.29268449239018746,3
CDKN1B+MAPK1,CDKN1B,MAPK1,neither gene observed,mean,top_DE_Pearson,0.29686640737354847,3
CDKN1B+MAPK1,CDKN1B,MAPK1,neither gene observed,OpPert,top_DE_Pearson,0.49787429968402885,4
CDKN1B+MAPK1,CDKN1B,MAPK1,neither gene observed,additive,top_DE_Pearson,0.36881446915070604,4
CDKN1B+MAPK1,CDKN1B,MAPK1,neither gene observed,linear,top_DE_Pearson,0.3944637021770823,4
CDKN1B+MAPK1,CDKN1B,MAPK1,neither gene observed,GEARS,top_DE_Pearson,0.38076757729974714,4
CDKN1B+MAPK1,CDKN1B,MAPK1,neither gene observed,CPA,top_DE_Pearson,0.4272489622631315,4
CDKN1B+MAPK1,CDKN1B,MAPK1,neither gene observed,AttentionPert,top_DE_Pearson,0.38726651239472754,4
CDKN1B+MAPK1,CDKN1B,MAPK1,neither gene observed,mean,top_DE_Pearson,0.23077318635108932,4
STAT3+CEBPE,STAT3,CEBPE,neither gene observed,OpPert,top_DE_Pearson,0.48998728625774796,0
STAT3+CEBPE,STAT3,CEBPE,neither gene observed,additive,top_DE_Pearson,0.23925337434257699,0
STAT3+CEBPE,STAT3,CEBPE,neither gene observed,linear,top_DE_Pearson,0.3635059997006216,0
STAT3+CEBPE,STAT3,CEBPE,neither gene observed,GEARS,top_DE_Pearson,0.37398235089074877,0
STAT3+CEBPE,STAT3,CEBPE,neither gene observed,CPA,top_DE_Pearson,0.25489830219920734,0
STAT3+CEBPE,STAT3,CEBPE,neither gene observed,AttentionPert,top_DE_Pearson,0.4133422554260258,0
STAT3+CEBPE,STAT3,CEBPE,neither gene observed,mean,top_DE_Pearson,0.23719771626846825,0
STAT3+CEBPE,STAT3,CEBPE,neither gene observed,OpPert,top_DE_Pearson,0.3340476194463254,1
STAT3+CEBPE,STAT3,CEBPE,neither gene observed,additive,top_DE_Pearson,0.39037408544645513,1
STAT3+CEBPE,STAT3,CEBPE,neither gene observed,linear,top_DE_Pearson,0.45610037067933606,1
STAT3+CEBPE,STAT3,CEBPE,neither gene observed,GEARS,top_DE_Pearson,0.4894074605377943,1
STAT3+CEBPE,STAT3,CEBPE,neither gene observed,CPA,top_DE_Pearson,0.40153738643908826,1
STAT3+CEBPE,STAT3,CEBPE,neither gene observed,AttentionPert,top_DE_Pearson,0.39276348831462693,1
STAT3+CEBPE,STAT3,CEBPE,neither gene observed,mean,top_DE_Pearson,0.3396893972537478,1
STAT3+CEBPE,STAT3,CEBPE,neither gene observed,OpPert,top_DE_Pearson,0.5609430151204059,2
STAT3+CEBPE,STAT3,CEBPE,neither gene observed,additive,top_DE_Pearson,0.4080141221725375,2
STAT3+CEBPE,STAT3,CEBPE,neither gene observed,linear,top_DE_Pearson,0.31350774386621194,2
STAT3+CEBPE,STAT3,CEBPE,neither gene observed,GEARS,top_DE_Pearson,0.4120806911928953,2
STAT3+CEBPE,STAT3,CEBPE,neither gene observed,CPA,top_DE_Pearson,0.40637096865748573,2
STAT3+CEBPE,STAT3,CEBPE,neither gene observed,AttentionPert,top_DE_Pearson,0.2814229818649663,2
STAT3+CEBPE,STAT3,CEBPE,neither gene observed,mean,top_DE_Pearson,0.28816163957724644,2
STAT3+CEBPE,STAT3,CEBPE,neither gene observed,OpPert,top_DE_Pearson,0.5963795095587634,3
STAT3+CEBPE,STAT3,CEBPE,neither gene observed,additive,top_DE_Pearson,0.3783961699480475,3
STAT3+CEBPE,STAT3,CEBPE,neither gene observed,linear,top_DE_Pearson,0.4584047848865054,3
STAT3+CEBPE,STAT3,CEBPE,neither gene observed,GEARS,top_DE_Pearson,0.41097488380772235,3
STAT3+CEBPE,STAT3,CEBPE,neither gene observed,CPA,top_DE_Pearson,0.37560690056097074,3
STAT3+CEBPE,STAT3,CEBPE,neither gene observed,AttentionPert,top_DE_Pearson,0.41287628340485855,3
STAT3+CEBPE,STAT3,CEBPE,neither gene observed,mean,top_DE_Pearson,0.21105040112093404,3
STAT3+CEBPE,STAT3,CEBPE,neither gene observed,OpPert,top_DE_Pearson,0.4021734887659367,4
STAT3+CEBPE,STAT3,CEBPE,neither gene observed,additive,top_DE_Pearson,0.41597827343016197,4
STAT3+CEBPE,STAT3,CEBPE,neither gene observed,linear,top_DE_Pearson,0.4523405405719911,4
STAT3+CEBPE,STAT3,CEBPE,neither gene observed,GEARS,top_DE_Pearson,0.340533621064759,4
STAT3+CEBPE,STAT3,CEBPE,neither gene observed,CPA,top_DE_Pearson,0.4380799282732319,4
STAT3+CEBPE,STAT3,CEBPE,neither gene observed,AttentionPert,top_DE_Pearson,0.38478240146363873,4
STAT3+CEBPE,STAT3,CEBPE,neither gene observed,mean,top_DE_Pearson,0.28038851446942586,4
FOS+CDKN1B,FOS,CDKN1B,exactly one gene observed,OpPert,top_DE_Pearson,0.5649630921117914,0
FOS+CDKN1B,FOS,CDKN1B,exactly one gene observed,additive,top_DE_Pearson,0.5246097197181161,0
FOS+CDKN1B,FOS,CDKN1B,exactly one gene observed,linear,top_DE_Pearson,0.4885647703855955,0
FOS+CDKN1B,FOS,CDKN1B,exactly one gene observed,GEARS,top_DE_Pearson,0.5374510563481719,0
FOS+CDKN1B,FOS,CDKN1B,exactly one gene observed,CPA,top_DE_Pearson,0.4300042445077652,0
FOS+CDKN1B,FOS,CDKN1B,exactly one gene observed,AttentionPert,top_DE_Pearson,0.61951954064229,0
FOS+CDKN1B,FOS,CDKN1B,exactly one gene observed,mean,top_DE_Pearson,0.38818949539229797,0
FOS+CDKN1B,FOS,CDKN1B,exactly one gene observed,OpPert,top_DE_Pearson,0.602779845520706,1
FOS+CDKN1B,FOS,CDKN1B,exactly one gene observed,additive,top_DE_Pearson,0.3435088513273075,1
FOS+CDKN1B,FOS,CDKN1B,exactly one gene observed,linear,top_DE_Pearson,0.4206378786152539,1
FOS+CDKN1B,FOS,CDKN1B,exactly one gene observed,GEARS,top_DE_Pearson,0.5742730212751238,1
FOS+CDKN1B,FOS,CDKN1B,exactly one gene observed,CPA,top_DE_Pearson,0.49721346709755626,1
FOS+CDKN1B,FOS,CDKN1B,exactly one gene observed,AttentionPert,top_DE_Pearson,0.3751732159102644,1
FOS+CDKN1B,FOS,CDKN1B,exactly one gene observed,mean,top_DE_Pearson,0.42229739573902914,1
FOS+CDKN1B,FOS,CDKN1B,exactly one gene observed,OpPert,top_DE_Pearson,0.5273730317388367,2
FOS+CDKN1B,FOS,CDKN1B,exactly one gene observed,additive,top_DE_Pearson,0.5246790191526027,2
FOS+CDKN1B,FOS,CDKN1B,exactly one gene observed,linear,top_DE_Pearson,0.46472985928377797,2
FOS+CDKN1B,FOS,CDKN1B,exactly one gene observed,GEARS,top_DE_Pearson,0.5122824011612318,2
FOS+CDKN1B,FOS,CDKN1B,exactly one gene observed,CPA,top_DE_Pearson,0.5507372747154988,2
FOS+CDKN1B,FOS,CDKN1B,exactly one gene observed,AttentionPert,top_DE_Pearson,0.43615042174872026,2
FOS+CDKN1B,FOS,CDKN1B,exactly one gene observed,mean,top_DE_Pearson,0.3004291915299636,2
FOS+CDKN1B,FOS,CDKN1B,exactly one gene observed,OpPert,top_DE_Pearson,0.5482100947761136,3
FOS+CDKN1B,FOS,CDKN1B,exactly one gene observed,additive,top_DE_Pearson,0.48963036797727333,3
FOS+CDKN1B,FOS,CDKN1B,exactly one gene observed,linear,top_DE_Pearson,0.39014736484319057,3
FOS+CDKN1B,FOS,CDKN1B,exactly one gene observed,GEARS,top_DE_Pearson,0.3999179240066542,3
FOS+CDKN1B,FOS,CDKN1B,exactly one gene observed,CPA,top_DE_Pearson,0.5294232556226275,3
FOS+CDKN1B,FOS,CDKN1B,exactly one gene observed,AttentionPert,top_DE_Pearson,0.45382130124597975,3
FOS+CDKN1B,FOS,CDKN1B,exactly one gene observed,mean,top_DE_Pearson,0.33646643922478303,3
FOS+CDKN1B,FOS,CDKN1B,exactly one gene observed,OpPert,top_DE_Pearson,0.4485913758835901,4
FOS+CDKN1B,FOS,CDKN1B,exactly one gene observed,additive,top_DE_Pearson,0.39926124113888106,4
FOS+CDKN1B,FOS,CDKN1B,exactly one gene observed,linear,top_DE_Pearson,0.46954596220213096,4
FOS+CDKN1B,FOS,CDKN1B,exactly one gene observed,GEARS,top_DE_Pearson,0.5558226714573735,4
FOS+CDKN1B,FOS,CDKN1B,exactly one gene observed,CPA,top_DE_Pearson,0.43372619002592167,4
FOS+CDKN1B,FOS,CDKN1B,exactly one gene observed,AttentionPert,top_DE_Pearson,0.5894425672139498,4
FOS+CDKN1B,FOS,CDKN1B,exactly one gene observed,mean,top_DE_Pearson,0.31892663854921194,4
KLF1+FOXA1,KLF1,FOXA1,neither gene observed,OpPert,top_DE_Pearson,0.4268785162593054,0
KLF1+FOXA1,KLF1,FOXA1,neither gene observed,additive,top_DE_Pearson,0.33069201212916444,0
KLF1+FOXA1,KLF1,FOXA1,neither gene observed,linear,top_DE_Pearson,0.45118441465252357,0
KLF1+FOXA1,KLF1,FOXA1,neither gene observed,GEARS,top_DE_Pearson,0.48797216917754094,0
KLF1+FOXA1,KLF1,FOXA1,neither gene observed,CPA,top_DE_Pearson,0.33099240924378465,0
KLF1+FOXA1,KLF1,FOXA1,neither gene observed,AttentionPert,top_DE_Pearson,0.3874539713952535,0
KLF1+FOXA1,KLF1,FOXA1,neither gene observed,mean,top_DE_Pearson,0.2654094096600544,0
KLF1+FOXA1,KLF1,FOXA1,neither gene observed,OpPert,top_DE_Pearson,0.40082559336900414,1
KLF1+FOXA1,KLF1,FOXA1,neither gene observed,additive,top_DE_Pearson,0.33665889684100037,1
KLF1+FOXA1,KLF1,FOXA1,neither gene observed,linear,top_DE_Pearson,0.37031937162710205,1
KLF1+FOXA1,KLF1,FOXA1,neither gene observed,GEARS,top_DE_Pearson,0.4684125687362042,1
KLF1+FOXA1,KLF1,FOXA1,neither gene observed,CPA,top_DE_Pearson,0.45244550169867204,1
KLF1+FOXA1,KLF1,FOXA1,neither gene observed,AttentionPert,top_DE_Pearson,0.37024743609845956,1
KLF1+FOXA1,KLF1,FOXA1,neither gene observed,mean,top_DE_Pearson,0.2471628113683513,1
KLF1+FOXA1,KLF1,FOXA1,neither gene observed,OpPert,top_DE_Pearson,0.49985753812333816,2
KLF1+FOXA1,KLF1,FOXA1,neither gene observed,additive,top_DE_Pearson,0.3048886930643793,2
KLF1+FOXA1,KLF1,FOXA1,neither gene observed,linear,top_DE_Pearson,0.40531840910424416,2
KLF1+FOXA1,KLF1,FOXA1,neither gene observed,GEARS,top_DE_Pearson,0.3947256107578471,2
KLF1+FOXA1,KLF1,FOXA1,neither gene observed,CPA,top_DE_Pearson,0.32183608533568275,2
KLF1+FOXA1,KLF1,FOXA1,neither gene observed,AttentionPert,top_DE_Pearson,0.3325897972272212,2
KLF1+FOXA1,KLF1,FOXA1,neither gene observed,mean,top_DE_Pearson,0.34682352176186615,2
KLF1+FOXA1,KLF1,FOXA1,neither gene observed,OpPert,top_DE_Pearson,0.4506147112514021,3
KLF1+FOXA1,KLF1,FOXA1,neither gene observed,additive,top_DE_Pearson,0.43842124563389867,3
KLF1+FOXA1,KLF1,FOXA1,neither gene observed,linear,top_DE_Pearson,0.33918182435710537,3
KLF1+FOXA1,KLF1,FOXA1,neither gene observed,GEARS,top_DE_Pearson,0.41747231206788965,3
KLF1+FOXA1,KLF1,FOXA1,neither gene observed,CPA,top_DE_Pearson,0.5235606033810944,3
KLF1+FOXA1,KLF1,FOXA1,neither gene observed,AttentionPert,top_DE_Pearson,0.32655679532020326,3
KLF1+FOXA1,KLF1,FOXA1,neither gene observed,mean,top_DE_Pearson,0.1461311300060134,3
KLF1+FOXA1,KLF1,FOXA1,neither gene observed,OpPert,top_DE_Pearson,0.537195407877234,4
KLF1+FOXA1,KLF1,FOXA1,neither gene observed,additive,top_DE_Pearson,0.2903914536764156,4
KLF1+FOXA1,KLF1,FOXA1,neither gene observed,linear,top_DE_Pearson,0.36875761815362595,4
KLF1+FOXA1,KLF1,FOXA1,neither gene observed,GEARS,top_DE_Pearson,0.3648449073729049,4
KLF1+FOXA1,KLF1,FOXA1,neither gene observed,CPA,top_DE_Pearson,0.39608976685731895,4
KLF1+FOXA1,KLF1,FOXA1,neither gene observed,AttentionPert,top_DE_Pearson,0.33296782756885546,4
KLF1+FOXA1,KLF1,FOXA1,neither gene observed,mean,top_DE_Pearson,0.24920359472700165,4
FOXA1+STAT3,FOXA1,STAT3,exactly one gene observed,OpPert,top_DE_Pearson,0.5179949582212467,0
FOXA1+STAT3,FOXA1,STAT3,exactly one gene observed,additive,top_DE_Pearson,0.4191570299840881,0
FOXA1+STAT3,FOXA1,STAT3,exactly one gene observed,linear,top_DE_Pearson,0.3842710739464233,0
FOXA1+STAT3,FOXA1,STAT3,exactly one gene observed,GEARS,top_DE_Pearson,0.4746463410320752,0
FOXA1+STAT3,FOXA1,STAT3,exactly one gene observed,CPA,top_DE_Pearson,0.4871277923941741,0
FOXA1+STAT3,FOXA1,STAT3,exactly one gene observed,AttentionPert,top_DE_Pearson,0.4660270635046943,0
FOXA1+STAT3,FOXA1,STAT3,exactly one gene observed,mean,top_DE_Pearson,0.34371741042409654,0
FOXA1+STAT3,FOXA1,STAT3,exactly one gene observed,OpPert,top_DE_Pearson,0.5588058997456049,1
FOXA1+STAT3,FOXA1,STAT3,exactly one gene observed,additive,top_DE_Pearson,0.40065539225406116,1
FOXA1+STAT3,FOXA1,STAT3,exactly one gene observed,linear,top_DE_Pearson,0.5114637539520126,1
FOXA1+STAT3,FOXA1,STAT3,exactly one gene observed,GEARS,top_DE_Pearson,0.5861586874881065,1
FOXA1+STAT3,FOXA1,STAT3,exactly one gene observed,CPA,top_DE_Pearson,0.45213717646827306,1
FOXA1+STAT3,FOXA1,STAT3,exactly one gene observed,AttentionPert,top_DE_Pearson,0.5191118938886624,1
FOXA1+STAT3,FOXA1,STAT3,exactly one gene observed,mean,top_DE_Pearson,0.34562297067392117,1
FOXA1+STAT3,FOXA1,STAT3,exactly one gene observed,OpPert,top_DE_Pearson,0.5819292407023103,2
FOXA1+STAT3,FOXA1,STAT3,exactly one gene observed,additive,top_DE_Pearson,0.5339467718721953,2
FOXA1+STAT3,FOXA1,STAT3,exactly one gene observed,linear,top_DE_Pearson,0.5005195725810859,2
FOXA1+STAT3,FOXA1,STAT3,exactly one gene observed,GEARS,top_DE_Pearson,0.39359512767141913,2
FOXA1+STAT3,FOXA1,STAT3,exactly one gene observed,CPA,top_DE_Pearson,0.5072397378868175,2
FOXA1+STAT3,FOXA1,STAT3,exactly one gene observed,AttentionPert,top_DE_Pearson,0.5639718245985406,2
FOXA1+STAT3,FOXA1,STAT3,exactly one gene observed,mean,top_DE_Pearson,0.34670422980011384,2
FOXA1+STAT3,FOXA1,STAT3,exactly one gene observed,OpPert,top_DE_Pearson,0.61973808836707,3
FOXA1+STAT3,FOXA1,STAT3,exactly one gene observed,additive,top_DE_Pearson,0.39859306753088325,3
FOXA1+STAT3,FOXA1,STAT3,exactly one gene observed,linear,top_DE_Pearson,0.38086765042866355,3
FOXA1+STAT3,FOXA1,STAT3,exactly one gene observed,GEARS,top_DE_Pearson,0.5084701411299584,3
FOXA1+STAT3,FOXA1,STAT3,exactly one gene observed,CPA,top_DE_Pearson,0.37461139675522115,3
FOXA1+STAT3,FOXA1,STAT3,exactly one gene observed,AttentionPert,top_DE_Pearson,0.4756137392263845,3
FOXA1+STAT3,FOXA1,STAT3,exactly one gene observed,mean,top_DE_Pearson,0.43721053575873015,3
FOXA1+STAT3,FOXA1,STAT3,exactly one gene observed,OpPert,top_DE_Pearson,0.4454142256552232,4
FOXA1+STAT3,FOXA1,STAT3,exactly one gene observed,additive,top_DE_Pearson,0.3632301922451661,4
FOXA1+STAT3,FOXA1,STAT3,exactly one gene observed,linear,top_DE_Pearson,0.4080780652903053,4
FOXA1+STAT3,FOXA1,STAT3,exactly one gene observed,GEARS,top_DE_Pearson,0.4962008084173424,4
FOXA1+STAT3,FOXA1,STAT3,exactly one gene observed,CPA,top_DE_Pearson,0.4580569928612274,4
FOXA1+STAT3,FOXA1,STAT3,exactly one gene observed,AttentionPert,top_DE_Pearson,0.5739481829017652,4
FOXA1+STAT3,FOXA1,STAT3,exactly one gene observed,mean,top_DE_Pearson,0.41726089974550185,4
JUN+ELK1,JUN,ELK1,"both genes observed, pair held out",OpPert,top_DE_Pearson,0.6082810586811974,0
JUN+ELK1,JUN,ELK1,"both genes observed, pair held out",additive,top_DE_Pearson,0.5914326212133968,0
JUN+ELK1,JUN,ELK1,"both genes observed, pair held out",linear,top_DE_Pearson,0.5032773447384479,0
JUN+ELK1,JUN,ELK1,"both genes observed, pair held out",GEARS,top_DE_Pearson,0.6501226196341339,0
JUN+ELK1,JUN,ELK1,"both genes observed, pair held out",CPA,top_DE_Pearson,0.6511685501271298,0
JUN+ELK1,JUN,ELK1,"both genes observed, pair held out",AttentionPert,top_DE_Pearson,0.6026518761252851,0
JUN+ELK1,JUN,ELK1,"both genes observed, pair held out",mean,top_DE_Pearson,0.4494272164622814,0
JUN+ELK1,JUN,ELK1,"both genes observed, pair held out",OpPert,top_DE_Pearson,0.6840185944985803,1
JUN+ELK1,JUN,ELK1,"both genes observed, pair held out",additive,top_DE_Pearson,0.3683088977939597,1
JUN+ELK1,JUN,ELK1,"both genes observed, pair held out",linear,top_DE_Pearson,0.5881354931091276,1
JUN+ELK1,JUN,ELK1,"both genes observed, pair held out",GEARS,top_DE_Pearson,0.5931987601296116,1
JUN+ELK1,JUN,ELK1,"both genes observed, pair held out",CPA,top_DE_Pearson,0.5769623132165805,1
JUN+ELK1,JUN,ELK1,"both genes observed, pair held out",AttentionPert,top_DE_Pearson,0.6323919507738696,1
JUN+ELK1,JUN,ELK1,"both genes observed, pair held out",mean,top_DE_Pearson,0.4555138647061163,1
JUN+ELK1,JUN,ELK1,"both genes observed, pair held out",OpPert,top_DE_Pearson,0.5915875886009304,2
JUN+ELK1,JUN,ELK1,"both genes observed, pair held out",additive,top_DE_Pearson,0.5315158397504773,2
JUN+ELK1,JUN,ELK1,"both genes observed, pair held out",linear,top_DE_Pearson,0.5740533290448494,2
JUN+ELK1,JUN,ELK1,"both genes observed, pair held out",GEARS,top_DE_Pearson,0.6068960346948608,2
JUN+ELK1,JUN,ELK1,"both genes observed, pair held out",CPA,top_DE_Pearson,0.5897151620371041,2
JUN+ELK1,JUN,ELK1,"both genes observed, pair held out",AttentionPert,top_DE_Pearson,0.6523621426951132,2
JUN+ELK1,JUN,ELK1,"both genes observed, pair held out",mean,top_DE_Pearson,0.3948379268179511,2
JUN+ELK1,JUN,ELK1,"both genes observed, pair held out",OpPert,top_DE_Pearson,0.6705420273698909,3
JUN+ELK1,JUN,ELK1,"both genes observed, pair held out",additive,top_DE_Pearson,0.6173957819170945,3
JUN+ELK1,JUN,ELK1,"both genes observed, pair held out",linear,top_DE_Pearson,0.46592331018376826,3
JUN+ELK1,JUN,ELK1,"both genes observed, pair held out",GEARS,top_DE_Pearson,0.6107788008468031,3
JUN+ELK1,JUN,ELK1,"both genes observed, pair held out",CPA,top_DE_Pearson,0.5448772898816173,3
JUN+ELK1,JUN,ELK1,"both genes observed, pair held out",AttentionPert,top_DE_Pearson,0.5677573769316137,3
JUN+ELK1,JUN,ELK1,"both genes observed, pair held out",mean,top_DE_Pearson,0.40571154980713464,3
JUN+ELK1,JUN,ELK1,"both genes observed, pair held out",OpPert,top_DE_Pearson,0.6498269570579733,4
JUN+ELK1,JUN,ELK1,"both genes observed, pair held out",additive,top_DE_Pearson,0.6504753368656143,4
JUN+ELK1,JUN,ELK1,"both genes observed, pair held out",linear,top_DE_Pearson,0.4941341783293671,4
JUN+ELK1,JUN,ELK1,"both genes observed, pair held out",GEARS,top_DE_Pearson,0.5298233998512704,4
JUN+ELK1,JUN,ELK1,"both genes observed, pair held out",CPA,top_DE_Pearson,0.5018839257901897,4
JUN+ELK1,JUN,ELK1,"both genes observed, pair held out",AttentionPert,top_DE_Pearson,0.693645097197686,4
JUN+ELK1,JUN,ELK1,"both genes observed, pair held out",mean,top_DE_Pearson,0.43225961766872273,4
JUN+FOS,JUN,FOS,exactly one gene observed,OpPert,top_DE_Pearson,0.5033346272958146,0
JUN+FOS,JUN,FOS,exactly one gene observed,additive,top_DE_Pearson,0.42589096120313386,0
JUN+FOS,JUN,FOS,exactly one gene observed,linear,top_DE_Pearson,0.6174946163441936,0
JUN+FOS,JUN,FOS,exactly one gene observed,GEARS,top_DE_Pearson,0.5835242552584553,0
JUN+FOS,JUN,FOS,exactly one gene observed,CPA,top_DE_Pearson,0.4288237309324636,0
JUN+FOS,JUN,FOS,exactly one gene observed,AttentionPert,top_DE_Pearson,0.5288544461837011,0
JUN+FOS,JUN,FOS,exactly one gene observed,mean,top_DE_Pearson,0.3101086336400174,0
JUN+FOS,JUN,FOS,exactly one gene observed,OpPert,top_DE_Pearson,0.4534179416692268,1
JUN+FOS,JUN,FOS,exactly one gene observed,additive,top_DE_Pearson,0.5011706550598778,1
JUN+FOS,JUN,FOS,exactly one gene observed,linear,top_DE_Pearson,0.539605570798613,1
JUN+FOS,JUN,FOS,exactly one gene observed,GEARS,top_DE_Pearson,0.5627631350628739,1
JUN+FOS,JUN,FOS,exactly one gene observed,CPA,top_DE_Pearson,0.4518080850468256,1
JUN+FOS,JUN,FOS,exactly one gene observed,AttentionPert,top_DE_Pearson,0.4799934559598808,1
JUN+FOS,JUN,FOS,exactly one gene observed,mean,top_DE_Pearson,0.4049859332194874,1
JUN+FOS,JUN,FOS,exactly one gene observed,OpPert,top_DE_Pearson,0.5834897622408864,2
JUN+FOS,JUN,FOS,exactly one gene observed,additive,top_DE_Pearson,0.41638175172217734,2
JUN+FOS,JUN,FOS,exactly one gene observed,linear,top_DE_Pearson,0.3728556907929101,2
JUN+FOS,JUN,FOS,exactly one gene observed,GEARS,top_DE_Pearson,0.5068325116485207,2
JUN+FOS,JUN,FOS,exactly one gene observed,CPA,top_DE_Pearson,0.5447405783541668,2
JUN+FOS,JUN,FOS,exactly one gene observed,AttentionPert,top_DE_Pearson,0.41814470265795056,2
JUN+FOS,JUN,FOS,exactly one gene observed,mean,top_DE_Pearson,0.3983255629005586,2
JUN+FOS,JUN,FOS,exactly one gene observed,OpPert,top_DE_Pearson,0.5798925017080216,3
JUN+FOS,JUN,FOS,exactly one gene observed,additive,top_DE_Pearson,0.48500889579394,3
JUN+FOS,JUN,FOS,exactly one gene observed,linear,top_DE_Pearson,0.5223185299831404,3
JUN+FOS,JUN,FOS,exactly one gene observed,GEARS,top_DE_Pearson,0.45833208548447885,3
JUN+FOS,JUN,FOS,exactly one gene observed,CPA,top_DE_Pearson,0.38298243599010323,3
JUN+FOS,JUN,FOS,exactly one gene observed,AttentionPert,top_DE_Pearson,0.4579888284590272,3
JUN+FOS,JUN,FOS,exactly one gene observed,mean,top_DE_Pearson,0.4133476390516204,3
JUN+FOS,JUN,FOS,exactly one gene observed,OpPert,top_DE_Pearson,0.5274797657884418,4
JUN+FOS,JUN,FOS,exactly one gene observed,additive,top_DE_Pearson,0.3983574005685415,4
JUN+FOS,JUN,FOS,exactly one gene observed,linear,top_DE_Pearson,0.3607189794845217,4
JUN+FOS,JUN,FOS,exactly one gene observed,GEARS,top_DE_Pearson,0.6051588532730563,4
JUN+FOS,JUN,FOS,exactly one gene observed,CPA,top_DE_Pearson,0.5295428184855185,4
JUN+FOS,JUN,FOS,exactly one gene observed,AttentionPert,top_DE_Pearson,0.5361937588764859,4
JUN+FOS,JUN,FOS,exactly one gene observed,mean,top_DE_Pearson,0.41806352320676843,4
STAT3+ELK1,STAT3,ELK1,"both genes observed, pair held out",OpPert,top_DE_Pearson,0.6343461381244724,0
STAT3+ELK1,STAT3,ELK1,"both genes observed, pair held out",additive,top_DE_Pearson,0.6980844452649,0
STAT3+ELK1,STAT3,ELK1,"both genes observed, pair held out",linear,top_DE_Pearson,0.6033547218779665,0
STAT3+ELK1,STAT3,ELK1,"both genes observed, pair held out",GEARS,top_DE_Pearson,0.5721719735189139,0
STAT3+ELK1,STAT3,ELK1,"both genes observed, pair held out",CPA,top_DE_Pearson,0.6079298064499767,0
STAT3+ELK1,STAT3,ELK1,"both genes observed, pair held out",AttentionPert,top_DE_Pearson,0.529347864928621,0
STAT3+ELK1,STAT3,ELK1,"both genes observed, pair held out",mean,top_DE_Pearson,0.5502704031153536,0
STAT3+ELK1,STAT3,ELK1,"both genes observed, pair held out",OpPert,top_DE_Pearson,0.6203358542515716,1
STAT3+ELK1,STAT3,ELK1,"both genes observed, pair held out",additive,top_DE_Pearson,0.5700651259573479,1
STAT3+ELK1,STAT3,ELK1,"both genes observed, pair held out",linear,top_DE_Pearson,0.633958657784588,1
STAT3+ELK1,STAT3,ELK1,"both genes observed, pair held out",GEARS,top_DE_Pearson,0.6230861126522995,1
STAT3+ELK1,STAT3,ELK1,"both genes observed, pair held out",CPA,top_DE_Pearson,0.5856681995091783,1
STAT3+ELK1,STAT3,ELK1,"both genes observed, pair held out",AttentionPert,top_DE_Pearson,0.5906481250913609,1
STAT3+ELK1,STAT3,ELK1,"both genes observed, pair held out",mean,top_DE_Pearson,0.45661353418677353,1
STAT3+ELK1,STAT3,ELK1,"both genes observed, pair held out",OpPert,top_DE_Pearson,0.6253980906643498,2
STAT3+ELK1,STAT3,ELK1,"both genes observed, pair held out",additive,top_DE_Pearson,0.5130309942138178,2
STAT3+ELK1,STAT3,ELK1,"both genes observed, pair held out",linear,top_DE_Pearson,0.6587754224190561,2
STAT3+ELK1,STAT3,ELK1,"both genes observed, pair held out",GEARS,top_DE_Pearson,0.5934878020388906,2
STAT3+ELK1,STAT3,ELK1,"both genes observed, pair held out",CPA,top_DE_Pearson,0.5328522238370336,2
STAT3+ELK1,STAT3,ELK1,"both genes observed, pair held out",AttentionPert,top_DE_Pearson,0.5590221441883094,2
STAT3+ELK1,STAT3,ELK1,"both genes observed, pair held out",mean,top_DE_Pearson,0.5260222408418334,2
STAT3+ELK1,STAT3,ELK1,"both genes observed, pair held out",OpPert,top_DE_Pearson,0.7005363979898687,3
STAT3+ELK1,STAT3,ELK1,"both genes observed, pair held out",additive,top_DE_Pearson,0.5736197506939354,3
STAT3+ELK1,STAT3,ELK1,"both genes observed, pair held out",linear,top_DE_Pearson,0.5545487280654124,3
STAT3+ELK1,STAT3,ELK1,"both genes observed, pair held out",GEARS,top_DE_Pearson,0.6344017482103766,3
STAT3+ELK1,STAT3,ELK1,"both genes observed, pair held out",CPA,top_DE_Pearson,0.5413863325029611,3
STAT3+ELK1,STAT3,ELK1,"both genes observed, pair held out",AttentionPert,top_DE_Pearson,0.5744231581192535,3
STAT3+ELK1,STAT3,ELK1,"both genes observed, pair held out",mean,top_DE_Pearson,0.5181882692435047,3
STAT3+ELK1,STAT3,ELK1,"both genes observed, pair held out",OpPert,top_DE_Pearson,0.7124566607351438,4
STAT3+ELK1,STAT3,ELK1,"both genes observed, pair held out",additive,top_DE_Pearson,0.48108540924295184,4
STAT3+ELK1,STAT3,ELK1,"both genes observed, pair held out",linear,top_DE_Pearson,0.5186684128254854,4
STAT3+ELK1,STAT3,ELK1,"both genes observed, pair held out",GEARS,top_DE_Pearson,0.6065221291688045,4
STAT3+ELK1,STAT3,ELK1,"both genes observed, pair held out",CPA,top_DE_Pearson,0.6835679424801706,4
STAT3+ELK1,STAT3,ELK1,"both genes observed, pair held out",AttentionPert,top_DE_Pearson,0.4750660901318603,4
STAT3+ELK1,STAT3,ELK1,"both genes observed, pair held out",mean,top_DE_Pearson,0.4766999763742302,4
JUN+KLF1,JUN,KLF1,neither gene observed,OpPert,top_DE_Pearson,0.4219401403884673,0
JUN+KLF1,JUN,KLF1,neither gene observed,additive,top_DE_Pearson,0.31813429491614553,0
JUN+KLF1,JUN,KLF1,neither gene observed,linear,top_DE_Pearson,0.34476949939378654,0
JUN+KLF1,JUN,KLF1,neither gene observed,GEARS,top_DE_Pearson,0.3679722436204475,0
JUN+KLF1,JUN,KLF1,neither gene observed,CPA,top_DE_Pearson,0.3804324236225822,0
JUN+KLF1,JUN,KLF1,neither gene observed,AttentionPert,top_DE_Pearson,0.3578846660021653,0
JUN+KLF1,JUN,KLF1,neither gene observed,mean,top_DE_Pearson,0.17225255690875085,0
JUN+KLF1,JUN,KLF1,neither gene observed,OpPert,top_DE_Pearson,0.5067921767513666,1
JUN+KLF1,JUN,KLF1,neither gene observed,additive,top_DE_Pearson,0.38517233002893286,1
JUN+KLF1,JUN,KLF1,neither gene observed,linear,top_DE_Pearson,0.42059045860136013,1
JUN+KLF1,JUN,KLF1,neither gene observed,GEARS,top_DE_Pearson,0.3075559302241551,1
JUN+KLF1,JUN,KLF1,neither gene observed,CPA,top_DE_Pearson,0.39793508915504905,1
JUN+KLF1,JUN,KLF1,neither gene observed,AttentionPert,top_DE_Pearson,0.43055873134841544,1
JUN+KLF1,JUN,KLF1,neither gene observed,mean,top_DE_Pearson,0.1981278758936249,1
JUN+KLF1,JUN,KLF1,neither gene observed,OpPert,top_DE_Pearson,0.46055039489092775,2
JUN+KLF1,JUN,KLF1,neither gene observed,additive,top_DE_Pearson,0.3330240012813781,2
JUN+KLF1,JUN,KLF1,neither gene observed,linear,top_DE_Pearson,0.4805290395140958,2
JUN+KLF1,JUN,KLF1,neither gene observed,GEARS,top_DE_Pearson,0.5154697622207544,2
JUN+KLF1,JUN,KLF1,neither gene observed,CPA,top_DE_Pearson,0.28013861640018795,2
JUN+KLF1,JUN,KLF1,neither gene observed,AttentionPert,top_DE_Pearson,0.5396356203436794,2
JUN+KLF1,JUN,KLF1,neither gene observed,mean,top_DE_Pearson,0.2050864567308006,2
JUN+KLF1,JUN,KLF1,neither gene observed,OpPert,top_DE_Pearson,0.5188403976596455,3
JUN+KLF1,JUN,KLF1,neither gene observed,additive,top_DE_Pearson,0.39822987885182387,3
JUN+KLF1,JUN,KLF1,neither gene observed,linear,top_DE_Pearson,0.3102585863894916,3
JUN+KLF1,JUN,KLF1,neither gene observed,GEARS,top_DE_Pearson,0.42959606763034597,3
JUN+KLF1,JUN,KLF1,neither gene observed,CPA,top_DE_Pearson,0.37354797534403616,3
JUN+KLF1,JUN,KLF1,neither gene observed,AttentionPert,top_DE_Pearson,0.42325980027794347,3
JUN+KLF1,JUN,KLF1,neither gene observed,mean,top_DE_Pearson,0.27384033814283754,3
JUN+KLF1,JUN,KLF1,neither gene observed,OpPert,top_DE_Pearson,0.5317803691222148,4
JUN+KLF1,JUN,KLF1,neither gene observed,additive,top_DE_Pearson,0.34452397258876377,4
JUN+KLF1,JUN,KLF1,neither gene observed,linear,top_DE_Pearson,0.3599275558344213,4
JUN+KLF1,JUN,KLF1,neither gene observed,GEARS,top_DE_Pearson,0.46576385398343084,4
JUN+KLF1,JUN,KLF1,neither gene observed,CPA,top_DE_Pearson,0.4148237578915162,4
JUN+KLF1,JUN,KLF1,neither gene observed,AttentionPert,top_DE_Pearson,0.4339088036592533,4
JUN+KLF1,JUN,KLF1,neither gene observed,mean,top_DE_Pearson,0.2201247996644842,4
FOS+ELK1,FOS,ELK1,exactly one gene observed,OpPert,top_DE_Pearson,0.607171956119175,0
FOS+ELK1,FOS,ELK1,exactly one gene observed,additive,top_DE_Pearson,0.4985590430176431,0
FOS+ELK1,FOS,ELK1,exactly one gene observed,linear,top_DE_Pearson,0.46069218262805595,0
FOS+ELK1,FOS,ELK1,exactly one gene observed,GEARS,top_DE_Pearson,0.5858551411294611,0
FOS+ELK1,FOS,ELK1,exactly one gene observed,CPA,top_DE_Pearson,0.5621081636259078,0
FOS+ELK1,FOS,ELK1,exactly one gene observed,AttentionPert,top_DE_Pearson,0.5046039349840323,0
FOS+ELK1,FOS,ELK1,exactly one gene observed,mean,top_DE_Pearson,0.3106864937074176,0
FOS+ELK1,FOS,ELK1,exactly one gene observed,OpPert,top_DE_Pearson,0.6545225989661325,1
FOS+ELK1,FOS,ELK1,exactly one gene observed,additive,top_DE_Pearson,0.4363389589382955,1
FOS+ELK1,FOS,ELK1,exactly one gene observed,linear,top_DE_Pearson,0.47756991178585845,1
FOS+ELK1,FOS,ELK1,exactly one gene observed,GEARS,top_DE_Pearson,0.47962369846360586,1
FOS+ELK1,FOS,ELK1,exactly one gene observed,CPA,top_DE_Pearson,0.42661258042216815,1
FOS+ELK1,FOS,ELK1,exactly one gene observed,AttentionPert,top_DE_Pearson,0.40188163418108247,1
FOS+ELK1,FOS,ELK1,exactly one gene observed,mean,top_DE_Pearson,0.39797209941343725,1
FOS+ELK1,FOS,ELK1,exactly one gene observed,OpPert,top_DE_Pearson,0.5129959367662028,2
FOS+ELK1,FOS,ELK1,exactly one gene observed,additive,top_DE_Pearson,0.6235718737398094,2
FOS+ELK1,FOS,ELK1,exactly one gene observed,linear,top_DE_Pearson,0.40483558504325123,2
FOS+ELK1,FOS,ELK1,exactly one gene observed,GEARS,top_DE_Pearson,0.4245570515011178,2
FOS+ELK1,FOS,ELK1,exactly one gene observed,CPA,top_DE_Pearson,0.5106083229368065,2
FOS+ELK1,FOS,ELK1,exactly one gene observed,AttentionPert,top_DE_Pearson,0.5817588087380376,2
FOS+ELK1,FOS,ELK1,exactly one gene observed,mean,top_DE_Pearson,0.36387537941659326,2
FOS+ELK1,FOS,ELK1,exactly one gene observed,OpPert,top_DE_Pearson,0.5943345452112365,3
FOS+ELK1,FOS,ELK1,exactly one gene observed,additive,top_DE_Pearson,0.32938715495247745,3
FOS+ELK1,FOS,ELK1,exactly one gene observed,linear,top_DE_Pearson,0.42934930725849396,3
FOS+ELK1,FOS,ELK1,exactly one gene observed,GEARS,top_DE_Pearson,0.435583056251746,3
FOS+ELK1,FOS,ELK1,exactly one gene observed,CPA,top_DE_Pearson,0.3662972490031271,3
FOS+ELK1,FOS,ELK1,exactly one gene observed,AttentionPert,top_DE_Pearson,0.4970188140414332,3
FOS+ELK1,FOS,ELK1,exactly one gene observed,mean,top_DE_Pearson,0.22543034270337398,3
FOS+ELK1,FOS,ELK1,exactly one gene observed,OpPert,top_DE_Pearson,0.4806682420347531,4
FOS+ELK1,FOS,ELK1,exactly one gene observed,additive,top_DE_Pearson,0.40776837235919494,4
FOS+ELK1,FOS,ELK1,exactly one gene observed,linear,top_DE_Pearson,0.4201228498429354,4
FOS+ELK1,FOS,ELK1,exactly one gene observed,GEARS,top_DE_Pearson,0.5237845101324241,4
FOS+ELK1,FOS,ELK1,exactly one gene observed,CPA,top_DE_Pearson,0.49833481151414877,4
FOS+ELK1,FOS,ELK1,exactly one gene observed,AttentionPert,top_DE_Pearson,0.5436279247561274,4
FOS+ELK1,FOS,ELK1,exactly one gene observed,mean,top_DE_Pearson,0.4051430239627607,4
CEBPE+CEBPA,CEBPE,CEBPA,"both genes observed, pair held out",OpPert,top_DE_Pearson,0.6782080140490001,0
CEBPE+CEBPA,CEBPE,CEBPA,"both genes observed, pair held out",additive,top_DE_Pearson,0.5706908221151515,0
CEBPE+CEBPA,CEBPE,CEBPA,"both genes observed, pair held out",linear,top_DE_Pearson,0.5784994018434615,0
CEBPE+CEBPA,CEBPE,CEBPA,"both genes observed, pair held out",GEARS,top_DE_Pearson,0.5761683414049755,0
CEBPE+CEBPA,CEBPE,CEBPA,"both genes observed, pair held out",CPA,top_DE_Pearson,0.5600534479396138,0
CEBPE+CEBPA,CEBPE,CEBPA,"both genes observed, pair held out",AttentionPert,top_DE_Pearson,0.5409464961002021,0
CEBPE+CEBPA,CEBPE,CEBPA,"both genes observed, pair held out",mean,top_DE_Pearson,0.48529700979458973,0
CEBPE+CEBPA,CEBPE,CEBPA,"both genes observed, pair held out",OpPert,top_DE_Pearson,0.6543590895548906,1
CEBPE+CEBPA,CEBPE,CEBPA,"both genes observed, pair held out",additive,top_DE_Pearson,0.5002095749617942,1
CEBPE+CEBPA,CEBPE,CEBPA,"both genes observed, pair held out",linear,top_DE_Pearson,0.5302653108405244,1
CEBPE+CEBPA,CEBPE,CEBPA,"both genes observed, pair held out",GEARS,top_DE_Pearson,0.5273760763330326,1
CEBPE+CEBPA,CEBPE,CEBPA,"both genes observed, pair held out",CPA,top_DE_Pearson,0.638730480474232,1
CEBPE+CEBPA,CEBPE,CEBPA,"both genes observed, pair held out",AttentionPert,top_DE_Pearson,0.5947170601719072,1
CEBPE+CEBPA,CEBPE,CEBPA,"both genes observed, pair held out",mean,top_DE_Pearson,0.40823199882560374,1
CEBPE+CEBPA,CEBPE,CEBPA,"both genes observed, pair held out",OpPert,top_DE_Pearson,0.708512864976121,2
CEBPE+CEBPA,CEBPE,CEBPA,"both genes observed, pair held out",additive,top_DE_Pearson,0.5063730714123377,2
CEBPE+CEBPA,CEBPE,CEBPA,"both genes observed, pair held out",linear,top_DE_Pearson,0.485609962379266,2
CEBPE+CEBPA,CEBPE,CEBPA,"both genes observed, pair held out",GEARS,top_DE_Pearson,0.661273337353148,2
CEBPE+CEBPA,CEBPE,CEBPA,"both genes observed, pair held out",CPA,top_DE_Pearson,0.5477741806260332,2
CEBPE+CEBPA,CEBPE,CEBPA,"both genes observed, pair held out",AttentionPert,top_DE_Pearson,0.5654660545874726,2
CEBPE+CEBPA,CEBPE,CEBPA,"both genes observed, pair held out",mean,top_DE_Pearson,0.46247080122095063,2
CEBPE+CEBPA,CEBPE,CEBPA,"both genes observed, pair held out",OpPert,top_DE_Pearson,0.7285553533674068,3
CEBPE+CEBPA,CEBPE,CEBPA,"both genes observed, pair held out",additive,top_DE_Pearson,0.5412022374519787,3
CEBPE+CEBPA,CEBPE,CEBPA,"both genes observed, pair held out",linear,top_DE_Pearson,0.49805297243128616,3
CEBPE+CEBPA,CEBPE,CEBPA,"both genes observed, pair held out",GEARS,top_DE_Pearson,0.6326326202467308,3
CEBPE+CEBPA,CEBPE,CEBPA,"both genes observed, pair held out",CPA,top_DE_Pearson,0.5509006165442966,3
CEBPE+CEBPA,CEBPE,CEBPA,"both genes observed, pair held out",AttentionPert,top_DE_Pearson,0.703275438291768,3
CEBPE+CEBPA,CEBPE,CEBPA,"both genes observed, pair held out",mean,top_DE_Pearson,0.45993281668012653,3
CEBPE+CEBPA,CEBPE,CEBPA,"both genes observed, pair held out",OpPert,top_DE_Pearson,0.5258978701260799,4
CEBPE+CEBPA,CEBPE,CEBPA,"both genes observed, pair held out",additive,top_DE_Pearson,0.5614418983293404,4
CEBPE+CEBPA,CEBPE,CEBPA,"both genes observed, pair held out",linear,top_DE_Pearson,0.6866758675356137,4
CEBPE+CEBPA,CEBPE,CEBPA,"both genes observed, pair held out",GEARS,top_DE_Pearson,0.6945552173127234,4
CEBPE+CEBPA,CEBPE,CEBPA,"both genes observed, pair held out",CPA,top_DE_Pearson,0.6898572573253938,4
CEBPE+CEBPA,CEBPE,CEBPA,"both genes observed, pair held out",AttentionPert,top_DE_Pearson,0.5288143888771122,4
CEBPE+CEBPA,CEBPE,CEBPA,"both genes observed, pair held out",mean,top_DE_Pearson,0.5147291437586067,4
MAPK1+FOS,MAPK1,FOS,"both genes observed, pair held out",OpPert,top_DE_Pearson,0.621332654107037,0
MAPK1+FOS,MAPK1,FOS,"both genes observed, pair held out",additive,top_DE_Pearson,0.4994251981581831,0
MAPK1+FOS,MAPK1,FOS,"both genes observed, pair held out",linear,top_DE_Pearson,0.6239133168085569,0
MAPK1+FOS,MAPK1,FOS,"both genes observed, pair held out",GEARS,top_DE_Pearson,0.6480431473001793,0
MAPK1+FOS,MAPK1,FOS,"both genes observed, pair held out",CPA,top_DE_Pearson,0.5966091837598492,0
MAPK1+FOS,MAPK1,FOS,"both genes observed, pair held out",AttentionPert,top_DE_Pearson,0.5089747149166768,0
MAPK1+FOS,MAPK1,FOS,"both genes observed, pair held out",mean,top_DE_Pearson,0.44130163396301675,0
MAPK1+FOS,MAPK1,FOS,"both genes observed, pair held out",OpPert,top_DE_Pearson,0.6152330110234363,1
MAPK1+FOS,MAPK1,FOS,"both genes observed, pair held out",additive,top_DE_Pearson,0.5921805454016695,1
MAPK1+FOS,MAPK1,FOS,"both genes observed, pair held out",linear,top_DE_Pearson,0.640691091169031,1
MAPK1+FOS,MAPK1,FOS,"both genes observed, pair held out",GEARS,top_DE_Pearson,0.663383135161853,1
MAPK1+FOS,MAPK1,FOS,"both genes observed, pair held out",CPA,top_DE_Pearson,0.5346868348349787,1
MAPK1+FOS,MAPK1,FOS,"both genes observed, pair held out",AttentionPert,top_DE_Pearson,0.4256280126626312,1
MAPK1+FOS,MAPK1,FOS,"both genes observed, pair held out",mean,top_DE_Pearson,0.35398228611219673,1
MAPK1+FOS,MAPK1,FOS,"both genes observed, pair held out",OpPert,top_DE_Pearson,0.7452976186849324,2
MAPK1+FOS,MAPK1,FOS,"both genes observed, pair held out",additive,top_DE_Pearson,0.5159247036408106,2
MAPK1+FOS,MAPK1,FOS,"both genes observed, pair held out",linear,top_DE_Pearson,0.5249565229040932,2
MAPK1+FOS,MAPK1,FOS,"both genes observed, pair held out",GEARS,top_DE_Pearson,0.698559617606174,2
MAPK1+FOS,MAPK1,FOS,"both genes observed, pair held out",CPA,top_DE_Pearson,0.6559095967292996,2
MAPK1+FOS,MAPK1,FOS,"both genes observed, pair held out",AttentionPert,top_DE_Pearson,0.5914669233151871,2
MAPK1+FOS,MAPK1,FOS,"both genes observed, pair held out",mean,top_DE_Pearson,0.44239581453616156,2
MAPK1+FOS,MAPK1,FOS,"both genes observed, pair held out",OpPert,top_DE_Pearson,0.6520739272312124,3
MAPK1+FOS,MAPK1,FOS,"both genes observed, pair held out",additive,top_DE_Pearson,0.553629767903248,3
MAPK1+FOS,MAPK1,FOS,"both genes observed, pair held out",linear,top_DE_Pearson,0.6660028368791764,3
MAPK1+FOS,MAPK1,FOS,"both genes observed, pair held out",GEARS,top_DE_Pearson,0.6253480454542336,3
MAPK1+FOS,MAPK1,FOS,"both genes observed, pair held out",CPA,top_DE_Pearson,0.6235617419823485,3
MAPK1+FOS,MAPK1,FOS,"both genes observed, pair held out",AttentionPert,top_DE_Pearson,0.6601562065442103,3
MAPK1+FOS,MAPK1,FOS,"both genes observed, pair held out",mean,top_DE_Pearson,0.38981943993853485,3
MAPK1+FOS,MAPK1,FOS,"both genes observed, pair held out",OpPert,top_DE_Pearson,0.7052917135484424,4
MAPK1+FOS,MAPK1,FOS,"both genes observed, pair held out",additive,top_DE_Pearson,0.5223258747203033,4
MAPK1+FOS,MAPK1,FOS,"both genes observed, pair held out",linear,top_DE_Pearson,0.419034288253634,4
MAPK1+FOS,MAPK1,FOS,"both genes observed, pair held out",GEARS,top_DE_Pearson,0.47230982748085126,4
MAPK1+FOS,MAPK1,FOS,"both genes observed, pair held out",CPA,top_DE_Pearson,0.5189129433088788,4
MAPK1+FOS,MAPK1,FOS,"both genes observed, pair held out",AttentionPert,top_DE_Pearson,0.6218733937155548,4
MAPK1+FOS,MAPK1,FOS,"both genes observed, pair held out",mean,top_DE_Pearson,0.46682797392041775,4
SPI1+CEBPE,SPI1,CEBPE,"both genes observed, pair held out",OpPert,top_DE_Pearson,0.5838546231084112,0
SPI1+CEBPE,SPI1,CEBPE,"both genes observed, pair held out",additive,top_DE_Pearson,0.5383539987489766,0
SPI1+CEBPE,SPI1,CEBPE,"both genes observed, pair held out",linear,top_DE_Pearson,0.5882661313688289,0
SPI1+CEBPE,SPI1,CEBPE,"both genes observed, pair held out",GEARS,top_DE_Pearson,0.5558236130076999,0
SPI1+CEBPE,SPI1,CEBPE,"both genes observed, pair held out",CPA,top_DE_Pearson,0.5816996047049764,0
SPI1+CEBPE,SPI1,CEBPE,"both genes observed, pair held out",AttentionPert,top_DE_Pearson,0.49400303995493927,0
SPI1+CEBPE,SPI1,CEBPE,"both genes observed, pair held out",mean,top_DE_Pearson,0.5445943730365016,0
SPI1+CEBPE,SPI1,CEBPE,"both genes observed, pair held out",OpPert,top_DE_Pearson,0.6191031268481739,1
SPI1+CEBPE,SPI1,CEBPE,"both genes observed, pair held out",additive,top_DE_Pearson,0.6618840098867103,1
SPI1+CEBPE,SPI1,CEBPE,"both genes observed, pair held out",linear,top_DE_Pearson,0.5680515405649527,1
SPI1+CEBPE,SPI1,CEBPE,"both genes observed, pair held out",GEARS,top_DE_Pearson,0.661683213923951,1
SPI1+CEBPE,SPI1,CEBPE,"both genes observed, pair held out",CPA,top_DE_Pearson,0.5768018278605307,1
SPI1+CEBPE,SPI1,CEBPE,"both genes observed, pair held out",AttentionPert,top_DE_Pearson,0.5881553700643681,1
SPI1+CEBPE,SPI1,CEBPE,"both genes observed, pair held out",mean,top_DE_Pearson,0.4249582400066795,1
SPI1+CEBPE,SPI1,CEBPE,"both genes observed, pair held out",OpPert,top_DE_Pearson,0.6671474357619765,2
SPI1+CEBPE,SPI1,CEBPE,"both genes observed, pair held out",additive,top_DE_Pearson,0.5590799216648429,2
SPI1+CEBPE,SPI1,CEBPE,"both genes observed, pair held out",linear,top_DE_Pearson,0.5229444894650892,2
SPI1+CEBPE,SPI1,CEBPE,"both genes observed, pair held out",GEARS,top_DE_Pearson,0.592497335048407,2
SPI1+CEBPE,SPI1,CEBPE,"both genes observed, pair held out",CPA,top_DE_Pearson,0.5433940680365732,2
SPI1+CEBPE,SPI1,CEBPE,"both genes observed, pair held out",AttentionPert,top_DE_Pearson,0.7279798441768903,2
SPI1+CEBPE,SPI1,CEBPE,"both genes observed, pair held out",mean,top_DE_Pearson,0.45461615380530285,2
SPI1+CEBPE,SPI1,CEBPE,"both genes observed, pair held out",OpPert,top_DE_Pearson,0.7527139291017935,3
SPI1+CEBPE,SPI1,CEBPE,"both genes observed, pair held out",additive,top_DE_Pearson,0.5282626601515388,3
SPI1+CEBPE,SPI1,CEBPE,"both genes observed, pair held out",linear,top_DE_Pearson,0.5855572584920944,3
SPI1+CEBPE,SPI1,CEBPE,"both genes observed, pair held out",GEARS,top_DE_Pearson,0.5207181557012839,3
SPI1+CEBPE,SPI1,CEBPE,"both genes observed, pair held out",CPA,top_DE_Pearson,0.5531756444879281,3
SPI1+CEBPE,SPI1,CEBPE,"both genes observed, pair held out",AttentionPert,top_DE_Pearson,0.6026320802473548,3
SPI1+CEBPE,SPI1,CEBPE,"both genes observed, pair held out",mean,top_DE_Pearson,0.555160229857592,3
SPI1+CEBPE,SPI1,CEBPE,"both genes observed, pair held out",OpPert,top_DE_Pearson,0.6733189666605762,4
SPI1+CEBPE,SPI1,CEBPE,"both genes observed, pair held out",additive,top_DE_Pearson,0.62302322167158,4
SPI1+CEBPE,SPI1,CEBPE,"both genes observed, pair held out",linear,top_DE_Pearson,0.6084437466121752,4
SPI1+CEBPE,SPI1,CEBPE,"both genes observed, pair held out",GEARS,top_DE_Pearson,0.6976440803678812,4
SPI1+CEBPE,SPI1,CEBPE,"both genes observed, pair held out",CPA,top_DE_Pearson,0.5764574669616966,4
SPI1+CEBPE,SPI1,CEBPE,"both genes observed, pair held out",AttentionPert,top_DE_Pearson,0.7334133626391082,4
SPI1+CEBPE,SPI1,CEBPE,"both genes observed, pair held out",mean,top_DE_Pearson,0.43087622782515256,4
MAPK1+SPI1,MAPK1,SPI1,"both genes observed, pair held out",OpPert,top_DE_Pearson,0.7091668543570737,0
MAPK1+SPI1,MAPK1,SPI1,"both genes observed, pair held out",additive,top_DE_Pearson,0.5199527559971815,0
MAPK1+SPI1,MAPK1,SPI1,"both genes observed, pair held out",linear,top_DE_Pearson,0.6449413618124097,0
MAPK1+SPI1,MAPK1,SPI1,"both genes observed, pair held out",GEARS,top_DE_Pearson,0.6412615311070669,0
MAPK1+SPI1,MAPK1,SPI1,"both genes observed, pair held out",CPA,top_DE_Pearson,0.6979676482825354,0
MAPK1+SPI1,MAPK1,SPI1,"both genes observed, pair held out",AttentionPert,top_DE_Pearson,0.4971300300356053,0
MAPK1+SPI1,MAPK1,SPI1,"both genes observed, pair held out",mean,top_DE_Pearson,0.4440783935011447,0
MAPK1+SPI1,MAPK1,SPI1,"both genes observed, pair held out",OpPert,top_DE_Pearson,0.6322487169634304,1
MAPK1+SPI1,MAPK1,SPI1,"both genes observed, pair held out",additive,top_DE_Pearson,0.42157903941548397,1
MAPK1+SPI1,MAPK1,SPI1,"both genes observed, pair held out",linear,top_DE_Pearson,0.6336196322867816,1
MAPK1+SPI1,MAPK1,SPI1,"both genes observed, pair held out",GEARS,top_DE_Pearson,0.5837762066517985,1
MAPK1+SPI1,MAPK1,SPI1,"both genes observed, pair held out",CPA,top_DE_Pearson,0.6243778722991937,1
MAPK1+SPI1,MAPK1,SPI1,"both genes observed, pair held out",AttentionPert,top_DE_Pearson,0.7315863160597766,1
MAPK1+SPI1,MAPK1,SPI1,"both genes observed, pair held out",mean,top_DE_Pearson,0.43880537849034346,1
MAPK1+SPI1,MAPK1,SPI1,"both genes observed, pair held out",OpPert,top_DE_Pearson,0.6347308210405707,2
MAPK1+SPI1,MAPK1,SPI1,"both genes observed, pair held out",additive,top_DE_Pearson,0.5471198501834398,2
MAPK1+SPI1,MAPK1,SPI1,"both genes observed, pair held out",linear,top_DE_Pearson,0.6292348411790045,2
MAPK1+SPI1,MAPK1,SPI1,"both genes observed, pair held out",GEARS,top_DE_Pearson,0.565997218481391,2
MAPK1+SPI1,MAPK1,SPI1,"both genes observed, pair held out",CPA,top_DE_Pearson,0.5421423041720721,2
MAPK1+SPI1,MAPK1,SPI1,"both genes observed, pair held out",AttentionPert,top_DE_Pearson,0.6534313562144819,2
MAPK1+SPI1,MAPK1,SPI1,"both genes observed, pair held out",mean,top_DE_Pearson,0.4827183594302821,2
MAPK1+SPI1,MAPK1,SPI1,"both genes observed, pair held out",OpPert,top_DE_Pearson,0.5373163042197107,3
MAPK1+SPI1,MAPK1,SPI1,"both genes observed, pair held out",additive,top_DE_Pearson,0.46647649203185354,3
MAPK1+SPI1,MAPK1,SPI1,"both genes observed, pair held out",linear,top_DE_Pearson,0.6600741518296326,3
MAPK1+SPI1,MAPK1,SPI1,"both genes observed, pair held out",GEARS,top_DE_Pearson,0.6241156969847287,3
MAPK1+SPI1,MAPK1,SPI1,"both genes observed, pair held out",CPA,top_DE_Pearson,0.534268244137765,3
MAPK1+SPI1,MAPK1,SPI1,"both genes observed, pair held out",AttentionPert,top_DE_Pearson,0.579775420565901,3
MAPK1+SPI1,MAPK1,SPI1,"both genes observed, pair held out",mean,top_DE_Pearson,0.4607942003681002,3
MAPK1+SPI1,MAPK1,SPI1,"both genes observed, pair held out",OpPert,top_DE_Pearson,0.7041440016168098,4
MAPK1+SPI1,MAPK1,SPI1,"both genes observed, pair held out",additive,top_DE_Pearson,0.45850419630847267,4
MAPK1+SPI1,MAPK1,SPI1,"both genes observed, pair held out",linear,top_DE_Pearson,0.5195430516797724,4
MAPK1+SPI1,MAPK1,SPI1,"both genes observed, pair held out",GEARS,top_DE_Pearson,0.6163773452918033,4
MAPK1+SPI1,MAPK1,SPI1,"both genes observed, pair held out",CPA,top_DE_Pearson,0.5740099251702729,4
MAPK1+SPI1,MAPK1,SPI1,"both genes observed, pair held out",AttentionPert,top_DE_Pearson,0.6243115509582026,4
MAPK1+SPI1,MAPK1,SPI1,"both genes observed, pair held out",mean,top_DE_Pearson,0.3862295561584241,4
CDKN1A+ELK1,CDKN1A,ELK1,neither gene observed,OpPert,top_DE_Pearson,0.489209112828957,0
CDKN1A+ELK1,CDKN1A,ELK1,neither gene observed,additive,top_DE_Pearson,0.34834670438569554,0
CDKN1A+ELK1,CDKN1A,ELK1,neither gene observed,linear,top_DE_Pearson,0.36424698384604176,0
CDKN1A+ELK1,CDKN1A,ELK1,neither gene observed,GEARS,top_DE_Pearson,0.3499089308337099,0
CDKN1A+ELK1,CDKN1A,ELK1,neither gene observed,CPA,top_DE_Pearson,0.3756800844536127,0
CDKN1A+ELK1,CDKN1A,ELK1,neither gene observed,AttentionPert,top_DE_Pearson,0.46558235117282437,0
CDKN1A+ELK1,CDKN1A,ELK1,neither gene observed,mean,top_DE_Pearson,0.2528582896039925,0
CDKN1A+ELK1,CDKN1A,ELK1,neither gene observed,OpPert,top_DE_Pearson,0.40661176063909543,1
CDKN1A+ELK1,CDKN1A,ELK1,neither gene observed,additive,top_DE_Pearson,0.31046517467407686,1
CDKN1A+ELK1,CDKN1A,ELK1,neither gene observed,linear,top_DE_Pearson,0.3820510178365558,1
CDKN1A+ELK1,CDKN1A,ELK1,neither gene observed,GEARS,top_DE_Pearson,0.37758916016914923,1
CDKN1A+ELK1,CDKN1A,ELK1,neither gene observed,CPA,top_DE_Pearson,0.40911819698378843,1
CDKN1A+ELK1,CDKN1A,ELK1,neither gene observed,AttentionPert,top_DE_Pearson,0.4213706256449418,1
CDKN1A+ELK1,CDKN1A,ELK1,neither gene observed,mean,top_DE_Pearson,0.3133389908242789,1
CDKN1A+ELK1,CDKN1A,ELK1,neither gene observed,OpPert,top_DE_Pearson,0.545413568335902,2
CDKN1A+ELK1,CDKN1A,ELK1,neither gene observed,additive,top_DE_Pearson,0.39975152346234166,2
CDKN1A+ELK1,CDKN1A,ELK1,neither gene observed,linear,top_DE_Pearson,0.3139456561511224,2
CDKN1A+ELK1,CDKN1A,ELK1,neither gene observed,GEARS,top_DE_Pearson,0.34578793320542367,2
CDKN1A+ELK1,CDKN1A,ELK1,neither gene observed,CPA,top_DE_Pearson,0.3754537114124105,2
CDKN1A+ELK1,CDKN1A,ELK1,neither gene observed,AttentionPert,top_DE_Pearson,0.3629294785656351,2
CDKN1A+ELK1,CDKN1A,ELK1,neither gene observed,mean,top_DE_Pearson,0.19170039638234343,2
CDKN1A+ELK1,CDKN1A,ELK1,neither gene observed,OpPert,top_DE_Pearson,0.43349849234962035,3
CDKN1A+ELK1,CDKN1A,ELK1,neither gene observed,additive,top_DE_Pearson,0.3115292239828577,3
CDKN1A+ELK1,CDKN1A,ELK1,neither gene observed,linear,top_DE_Pearson,0.32968913561432767,3
CDKN1A+ELK1,CDKN1A,ELK1,neither gene observed,GEARS,top_DE_Pearson,0.3810526308306997,3
CDKN1A+ELK1,CDKN1A,ELK1,neither gene observed,CPA,top_DE_Pearson,0.45070705101909986,3
CDKN1A+ELK1,CDKN1A,ELK1,neither gene observed,AttentionPert,top_DE_Pearson,0.40195428247495435,3
CDKN1A+ELK1,CDKN1A,ELK1,neither gene observed,mean,top_DE_Pearson,0.40830854456332816,3
CDKN1A+ELK1,CDKN1A,ELK1,neither gene observed,OpPert,top_DE_Pearson,0.470230491161179,4
CDKN1A+ELK1,CDKN1A,ELK1,neither gene observed,additive,top_DE_Pearson,0.3225960535637649,4
CDKN1A+ELK1,CDKN1A,ELK1,neither gene observed,linear,top_DE_Pearson,0.37024797295929196,4
CDKN1A+ELK1,CDKN1A,ELK1,neither gene observed,GEARS,top_DE_Pearson,0.41538951870661245,4
CDKN1A+ELK1,CDKN1A,ELK1,neither gene observed,CPA,top_DE_Pearson,0.40611523743026384,4
CDKN1A+ELK1,CDKN1A,ELK1,neither gene observed,AttentionPert,top_DE_Pearson,0.5146026795515415,4
CDKN1A+ELK1,CDKN1A,ELK1,neither gene observed,mean,top_DE_Pearson,0.20928077210134588,4
FOXA1+CDKN1A,FOXA1,CDKN1A,"both genes observed, pair held out",OpPert,top_DE_Pearson,0.7062419269256857,0
FOXA1+CDKN1A,FOXA1,CDKN1A,"both genes observed, pair held out",additive,top_DE_Pearson,0.6160574136482343,0
FOXA1+CDKN1A,FOXA1,CDKN1A,"both genes observed, pair held out",linear,top_DE_Pearson,0.5185694157733541,0
FOXA1+CDKN1A,FOXA1,CDKN1A,"both genes observed, pair held out",GEARS,top_DE_Pearson,0.5994639679264817,0
FOXA1+CDKN1A,FOXA1,CDKN1A,"both genes observed, pair held out",CPA,top_DE_Pearson,0.47647874427953774,0
FOXA1+CDKN1A,FOXA1,CDKN1A,"both genes observed, pair held out",AttentionPert,top_DE_Pearson,0.5144716124189398,0
FOXA1+CDKN1A,FOXA1,CDKN1A,"both genes observed, pair held out",mean,top_DE_Pearson,0.5228817746570351,0
FOXA1+CDKN1A,FOXA1,CDKN1A,"both genes observed, pair held out",OpPert,top_DE_Pearson,0.6320150096395538,1
FOXA1+CDKN1A,FOXA1,CDKN1A,"both genes observed, pair held out",additive,top_DE_Pearson,0.4734718215037177,1
FOXA1+CDKN1A,FOXA1,CDKN1A,"both genes observed, pair held out",linear,top_DE_Pearson,0.5837676218675057,1
FOXA1+CDKN1A,FOXA1,CDKN1A,"both genes observed, pair held out",GEARS,top_DE_Pearson,0.5686552541141385,1
FOXA1+CDKN1A,FOXA1,CDKN1A,"both genes observed, pair held out",CPA,top_DE_Pearson,0.5517507005334678,1
FOXA1+CDKN1A,FOXA1,CDKN1A,"both genes observed, pair held out",AttentionPert,top_DE_Pearson,0.6343595615404941,1
FOXA1+CDKN1A,FOXA1,CDKN1A,"both genes observed, pair held out",mean,top_DE_Pearson,0.39029599846393914,1
FOXA1+CDKN1A,FOXA1,CDKN1A,"both genes observed, pair held out",OpPert,top_DE_Pearson,0.60567808723909,2
FOXA1+CDKN1A,FOXA1,CDKN1A,"both genes observed, pair held out",additive,top_DE_Pearson,0.5492447995289321,2
FOXA1+CDKN1A,FOXA1,CDKN1A,"both genes observed, pair held out",linear,top_DE_Pearson,0.6281645874448922,2
FOXA1+CDKN1A,FOXA1,CDKN1A,"both genes observed, pair held out",GEARS,top_DE_Pearson,0.6742896180893909,2
FOXA1+CDKN1A,FOXA1,CDKN1A,"both genes observed, pair held out",CPA,top_DE_Pearson,0.5400962967783026,2
FOXA1+CDKN1A,FOXA1,CDKN1A,"both genes observed, pair held out",AttentionPert,top_DE_Pearson,0.6462426180151788,2
FOXA1+CDKN1A,FOXA1,CDKN1A,"both genes observed, pair held out",mean,top_DE_Pearson,0.41295146239177544,2
FOXA1+CDKN1A,FOXA1,CDKN1A,"both genes observed, pair held out",OpPert,top_DE_Pearson,0.769572560814408,3
FOXA1+CDKN1A,FOXA1,CDKN1A,"both genes observed, pair held out",additive,top_DE_Pearson,0.47197373847481633,3
FOXA1+CDKN1A,FOXA1,CDKN1A,"both genes observed, pair held out",linear,top_DE_Pearson,0.6497087286475038,3
FOXA1+CDKN1A,FOXA1,CDKN1A,"both genes observed, pair held out",GEARS,top_DE_Pearson,0.5606108335908766,3
FOXA1+CDKN1A,FOXA1,CDKN1A,"both genes observed, pair held out",CPA,top_DE_Pearson,0.700794787287676,3
FOXA1+CDKN1A,FOXA1,CDKN1A,"both genes observed, pair held out",AttentionPert,top_DE_Pearson,0.625479243731149,3
FOXA1+CDKN1A,FOXA1,CDKN1A,"both genes observed, pair held out",mean,top_DE_Pearson,0.39903900823550664,3
FOXA1+CDKN1A,FOXA1,CDKN1A,"both genes observed, pair held out",OpPert,top_DE_Pearson,0.6286656912274495,4
FOXA1+CDKN1A,FOXA1,CDKN1A,"both genes observed, pair held out",additive,top_DE_Pearson,0.5868708723134245,4
FOXA1+CDKN1A,FOXA1,CDKN1A,"both genes observed, pair held out",linear,top_DE_Pearson,0.6331586650569336,4
FOXA1+CDKN1A,FOXA1,CDKN1A,"both genes observed, pair held out",GEARS,top_DE_Pearson,0.5957570644965322,4
FOXA1+CDKN1A,FOXA1,CDKN1A,"both genes observed, pair held out",CPA,top_DE_Pearson,0.582679496857808,4
FOXA1+CDKN1A,FOXA1,CDKN1A,"both genes observed, pair held out",AttentionPert,top_DE_Pearson,0.6355011819586439,4
FOXA1+CDKN1A,FOXA1,CDKN1A,"both genes observed, pair held out",mean,top_DE_Pearson,0.46790790562064916,4
FOXA1+KLF1,FOXA1,KLF1,neither gene observed,OpPert,top_DE_Pearson,0.47410719658909994,0
FOXA1+KLF1,FOXA1,KLF1,neither gene observed,additive,top_DE_Pearson,0.41292894498986166,0
FOXA1+KLF1,FOXA1,KLF1,neither gene observed,linear,top_DE_Pearson,0.46695894544972283,0
FOXA1+KLF1,FOXA1,KLF1,neither gene observed,GEARS,top_DE_Pearson,0.44677176524628703,0
FOXA1+KLF1,FOXA1,KLF1,neither gene observed,CPA,top_DE_Pearson,0.39723744566218183,0
FOXA1+KLF1,FOXA1,KLF1,neither gene observed,AttentionPert,top_DE_Pearson,0.43492883315894865,0
FOXA1+KLF1,FOXA1,KLF1,neither gene observed,mean,top_DE_Pearson,0.21999494898758867,0
FOXA1+KLF1,FOXA1,KLF1,neither gene observed,OpPert,top_DE_Pearson,0.45080614238450717,1
FOXA1+KLF1,FOXA1,KLF1,neither gene observed,additive,top_DE_Pearson,0.2905521567196314,1
FOXA1+KLF1,FOXA1,KLF1,neither gene observed,linear,top_DE_Pearson,0.2950754433575373,1
FOXA1+KLF1,FOXA1,KLF1,neither gene observed,GEARS,top_DE_Pearson,0.4200129406981723,1
FOXA1+KLF1,FOXA1,KLF1,neither gene observed,CPA,top_DE_Pearson,0.39113079839508463,1
FOXA1+KLF1,FOXA1,KLF1,neither gene observed,AttentionPert,top_DE_Pearson,0.4312591490705408,1
FOXA1+KLF1,FOXA1,KLF1,neither gene observed,mean,top_DE_Pearson,0.29276670985354686,1
FOXA1+KLF1,FOXA1,KLF1,neither gene observed,OpPert,top_DE_Pearson,0.4745586562794317,2
FOXA1+KLF1,FOXA1,KLF1,neither gene observed,additive,top_DE_Pearson,0.3733969999406533,2
FOXA1+KLF1,FOXA1,KLF1,neither gene observed,linear,top_DE_Pearson,0.3674390142263514,2
FOXA1+KLF1,FOXA1,KLF1,neither gene observed,GEARS,top_DE_Pearson,0.42477348371334406,2
FOXA1+KLF1,FOXA1,KLF1,neither gene observed,CPA,top_DE_Pearson,0.33643133583881846,2
FOXA1+KLF1,FOXA1,KLF1,neither gene observed,AttentionPert,top_DE_Pearson,0.4121823555383478,2
FOXA1+KLF1,FOXA1,KLF1,neither gene observed,mean,top_DE_Pearson,0.30010506111716057,2
FOXA1+KLF1,FOXA1,KLF1,neither gene observed,OpPert,top_DE_Pearson,0.4198191143156678,3
FOXA1+KLF1,FOXA1,KLF1,neither gene observed,additive,top_DE_Pearson,0.34310992593957085,3
FOXA1+KLF1,FOXA1,KLF1,neither gene observed,linear,top_DE_Pearson,0.3325838494222384,3
FOXA1+KLF1,FOXA1,KLF1,neither gene observed,GEARS,top_DE_Pearson,0.36840959820903313,3
FOXA1+KLF1,FOXA1,KLF1,neither gene observed,CPA,top_DE_Pearson,0.31250423869387073,3
FOXA1+KLF1,FOXA1,KLF1,neither gene observed,AttentionPert,top_DE_Pearson,0.46594649550999334,3
FOXA1+KLF1,FOXA1,KLF1,neither gene observed,mean,top_DE_Pearson,0.32394111048320284,3
FOXA1+KLF1,FOXA1,KLF1,neither gene observed,OpPert,top_DE_Pearson,0.49224603125364025,4
FOXA1+KLF1,FOXA1,KLF1,neither gene observed,additive,top_DE_Pearson,0.4583317571166289,4
FOXA1+KLF1,FOXA1,KLF1,neither gene observed,linear,top_DE_Pearson,0.3586452582058965,4
FOXA1+KLF1,FOXA1,KLF1,neither gene observed,GEARS,top_DE_Pearson,0.581905744906638,4
FOXA1+KLF1,FOXA1,KLF1,neither gene observed,CPA,top_DE_Pearson,0.3663482350782068,4
FOXA1+KLF1,FOXA1,KLF1,neither gene observed,AttentionPert,top_DE_Pearson,0.405311601105361,4
FOXA1+KLF1,FOXA1,KLF1,neither gene observed,mean,top_DE_Pearson,0.2361333251635875,4
FOXA1+CDKN1B,FOXA1,CDKN1B,"both genes observed, pair held out",OpPert,top_DE_Pearson,0.7666031908270572,0
FOXA1+CDKN1B,FOXA1,CDKN1B,"both genes observed, pair held out",additive,top_DE_Pearson,0.5543489570780077,0
FOXA1+CDKN1B,FOXA1,CDKN1B,"both genes observed, pair held out",linear,top_DE_Pearson,0.5862291231666119,0
FOXA1+CDKN1B,FOXA1,CDKN1B,"both genes observed, pair held out",GEARS,top_DE_Pearson,0.545460138329177,0
FOXA1+CDKN1B,FOXA1,CDKN1B,"both genes observed, pair held out",CPA,top_DE_Pearson,0.605109944473023,0
FOXA1+CDKN1B,FOXA1,CDKN1B,"both genes observed, pair held out",AttentionPert,top_DE_Pearson,0.5819583667514381,0
FOXA1+CDKN1B,FOXA1,CDKN1B,"both genes observed, pair held out",mean,top_DE_Pearson,0.42350561623976274,0
FOXA1+CDKN1B,FOXA1,CDKN1B,"both genes observed, pair held out",OpPert,top_DE_Pearson,0.6134115355110981,1
FOXA1+CDKN1B,FOXA1,CDKN1B,"both genes observed, pair held out",additive,top_DE_Pearson,0.7003058027854011,1
FOXA1+CDKN1B,FOXA1,CDKN1B,"both genes observed, pair held out",linear,top_DE_Pearson,0.5541913649892578,1
FOXA1+CDKN1B,FOXA1,CDKN1B,"both genes observed, pair held out",GEARS,top_DE_Pearson,0.512580874753124,1
FOXA1+CDKN1B,FOXA1,CDKN1B,"both genes observed, pair held out",CPA,top_DE_Pearson,0.5381067124160456,1
FOXA1+CDKN1B,FOXA1,CDKN1B,"both genes observed, pair held out",AttentionPert,top_DE_Pearson,0.5869059296314272,1
FOXA1+CDKN1B,FOXA1,CDKN1B,"both genes observed, pair held out",mean,top_DE_Pearson,0.4928000219569891,1
FOXA1+CDKN1B,FOXA1,CDKN1B,"both genes observed, pair held out",OpPert,top_DE_Pearson,0.6932877913035187,2
FOXA1+CDKN1B,FOXA1,CDKN1B,"both genes observed, pair held out",additive,top_DE_Pearson,0.5805968731065916,2
FOXA1+CDKN1B,FOXA1,CDKN1B,"both genes observed, pair held out",linear,top_DE_Pearson,0.5313083816017602,2
FOXA1+CDKN1B,FOXA1,CDKN1B,"both genes observed, pair held out",GEARS,top_DE_Pearson,0.6204264266100927,2
FOXA1+CDKN1B,FOXA1,CDKN1B,"both genes observed, pair held out",CPA,top_DE_Pearson,0.5274364321533652,2
FOXA1+CDKN1B,FOXA1,CDKN1B,"both genes observed, pair held out",AttentionPert,top_DE_Pearson,0.5528214210191593,2
FOXA1+CDKN1B,FOXA1,CDKN1B,"both genes observed, pair held out",mean,top_DE_Pearson,0.4049374615299844,2
FOXA1+CDKN1B,FOXA1,CDKN1B,"both genes observed, pair held out",OpPert,top_DE_Pearson,0.5886966687241038,3
FOXA1+CDKN1B,FOXA1,CDKN1B,"both genes observed, pair held out",additive,top_DE_Pearson,0.6038525693314806,3
FOXA1+CDKN1B,FOXA1,CDKN1B,"both genes observed, pair held out",linear,top_DE_Pearson,0.6113167020587332,3
FOXA1+CDKN1B,FOXA1,CDKN1B,"both genes observed, pair held out",GEARS,top_DE_Pearson,0.6585999221986878,3
FOXA1+CDKN1B,FOXA1,CDKN1B,"both genes observed, pair held out",CPA,top_DE_Pearson,0.5823587839614578,3
FOXA1+CDKN1B,FOXA1,CDKN1B,"both genes observed, pair held out",AttentionPert,top_DE_Pearson,0.6366084619319088,3
FOXA1+CDKN1B,FOXA1,CDKN1B,"both genes observed, pair held out",mean,top_DE_Pearson,0.3543226357214473,3
FOXA1+CDKN1B,FOXA1,CDKN1B,"both genes observed, pair held out",OpPert,top_DE_Pearson,0.7117852510827212,4
FOXA1+CDKN1B,FOXA1,CDKN1B,"both genes observed, pair held out",additive,top_DE_Pearson,0.5506271898003019,4
FOXA1+CDKN1B,FOXA1,CDKN1B,"both genes observed, pair held out",linear,top_DE_Pearson,0.6076265760089499,4
FOXA1+CDKN1B,FOXA1,CDKN1B,"both genes observed, pair held out",GEARS,top_DE_Pearson,0.6228013979429168,4
FOXA1+CDKN1B,FOXA1,CDKN1B,"both genes observed, pair held out",CPA,top_DE_Pearson,0.5207766907277868,4
FOXA1+CDKN1B,FOXA1,CDKN1B,"both genes observed, pair held out",AttentionPert,top_DE_Pearson,0.5001176134765372,4
FOXA1+CDKN1B,FOXA1,CDKN1B,"both genes observed, pair held out",mean,top_DE_Pearson,0.41727675002902215,4
ELK1+CDKN1B,ELK1,CDKN1B,neither gene observed,OpPert,top_DE_Pearson,0.37792346335708826,0
ELK1+CDKN1B,ELK1,CDKN1B,neither gene observed,additive,top_DE_Pearson,0.28113403795190717,0
ELK1+CDKN1B,ELK1,CDKN1B,neither gene observed,linear,top_DE_Pearson,0.32660585884354965,0
ELK1+CDKN1B,ELK1,CDKN1B,neither gene observed,GEARS,top_DE_Pearson,0.37856169638399106,0
ELK1+CDKN1B,ELK1,CDKN1B,neither gene observed,CPA,top_DE_Pearson,0.29827695014884087,0
ELK1+CDKN1B,ELK1,CDKN1B,neither gene observed,AttentionPert,top_DE_Pearson,0.30467689403159204,0
ELK1+CDKN1B,ELK1,CDKN1B,neither gene observed,mean,top_DE_Pearson,0.21068988221554677,0
ELK1+CDKN1B,ELK1,CDKN1B,neither gene observed,OpPert,top_DE_Pearson,0.4651752301735004,1
ELK1+CDKN1B,ELK1,CDKN1B,neither gene observed,additive,top_DE_Pearson,0.2691643396147906,1
ELK1+CDKN1B,ELK1,CDKN1B,neither gene observed,linear,top_DE_Pearson,0.363051789401694,1
ELK1+CDKN1B,ELK1,CDKN1B,neither gene observed,GEARS,top_DE_Pearson,0.4635131689685089,1
ELK1+CDKN1B,ELK1,CDKN1B,neither gene observed,CPA,top_DE_Pearson,0.3018932157551894,1
ELK1+CDKN1B,ELK1,CDKN1B,neither gene observed,AttentionPert,top_DE_Pearson,0.37761325449536765,1
ELK1+CDKN1B,ELK1,CDKN1B,neither gene observed,mean,top_DE_Pearson,0.3214854040250464,1
ELK1+CDKN1B,ELK1,CDKN1B,neither gene observed,OpPert,top_DE_Pearson,0.43490389657817147,2
ELK1+CDKN1B,ELK1,CDKN1B,neither gene observed,additive,top_DE_Pearson,0.3055798185484949,2
ELK1+CDKN1B,ELK1,CDKN1B,neither gene observed,linear,top_DE_Pearson,0.4398097488583884,2
ELK1+CDKN1B,ELK1,CDKN1B,neither gene observed,GEARS,top_DE_Pearson,0.38162787526170716,2
ELK1+CDKN1B,ELK1,CDKN1B,neither gene observed,CPA,top_DE_Pearson,0.4462697015123341,2
ELK1+CDKN1B,ELK1,CDKN1B,neither gene observed,AttentionPert,top_DE_Pearson,0.41573792346763194,2
ELK1+CDKN1B,ELK1,CDKN1B,neither gene observed,mean,top_DE_Pearson,0.2394293208254098,2
ELK1+CDKN1B,ELK1,CDKN1B,neither gene observed,OpPert,top_DE_Pearson,0.4887814318358518,3
ELK1+CDKN1B,ELK1,CDKN1B,neither gene observed,additive,top_DE_Pearson,0.35922697083076227,3
ELK1+CDKN1B,ELK1,CDKN1B,neither gene observed,linear,top_DE_Pearson,0.43125296926014844,3
ELK1+CDKN1B,ELK1,CDKN1B,neither gene observed,GEARS,top_DE_Pearson,0.3670992677280989,3
ELK1+CDKN1B,ELK1,CDKN1B,neither gene observed,CPA,top_DE_Pearson,0.38247236400689716,3
ELK1+CDKN1B,ELK1,CDKN1B,neither gene observed,AttentionPert,top_DE_Pearson,0.3863090592237218,3
ELK1+CDKN1B,ELK1,CDKN1B,neither gene observed,mean,top_DE_Pearson,0.3022488884983871,3
ELK1+CDKN1B,ELK1,CDKN1B,neither gene observed,OpPert,top_DE_Pearson,0.3984892483333495,4
ELK1+CDKN1B,ELK1,CDKN1B,neither gene observed,additive,top_DE_Pearson,0.40101862289427137,4
ELK1+CDKN1B,ELK1,CDKN1B,neither gene observed,linear,top_DE_Pearson,0.397979726330225,4
ELK1+CDKN1B,ELK1,CDKN1B,neither gene observed,GEARS,top_DE_Pearson,0.32098449558202324,4
ELK1+CDKN1B,ELK1,CDKN1B,neither gene observed,CPA,top_DE_Pearson,0.45249576952883,4
ELK1+CDKN1B,ELK1,CDKN1B,neither gene observed,AttentionPert,top_DE_Pearson,0.5240455848478639,4
ELK1+CDKN1B,ELK1,CDKN1B,neither gene observed,mean,top_DE_Pearson,0.32011003817296446,4
STAT3+CEBPA,STAT3,CEBPA,exactly one gene observed,OpPert,top_DE_Pearson,0.4493527729299486,0
STAT3+CEBPA,STAT3,CEBPA,exactly one gene observed,additive,top_DE_Pearson,0.4553049226320655,0
STAT3+CEBPA,STAT3,CEBPA,exactly one gene observed,linear,top_DE_Pearson,0.4344812715362012,0
STAT3+CEBPA,STAT3,CEBPA,exactly one gene observed,GEARS,top_DE_Pearson,0.4451254233003589,0
STAT3+CEBPA,STAT3,CEBPA,exactly one gene observed,CPA,top_DE_Pearson,0.47623519896187944,0
STAT3+CEBPA,STAT3,CEBPA,exactly one gene observed,AttentionPert,top_DE_Pearson,0.5269351172716773,0
STAT3+CEBPA,STAT3,CEBPA,exactly one gene observed,mean,top_DE_Pearson,0.27283454719427114,0
STAT3+CEBPA,STAT3,CEBPA,exactly one gene observed,OpPert,top_DE_Pearson,0.5330673427831769,1
STAT3+CEBPA,STAT3,CEBPA,exactly one gene observed,additive,top_DE_Pearson,0.5305922409872189,1
STAT3+CEBPA,STAT3,CEBPA,exactly one gene observed,linear,top_DE_Pearson,0.4054826971867175,1
STAT3+CEBPA,STAT3,CEBPA,exactly one gene observed,GEARS,top_DE_Pearson,0.5521856712298974,1
STAT3+CEBPA,STAT3,CEBPA,exactly one gene observed,CPA,top_DE_Pearson,0.45091615430706034,1
STAT3+CEBPA,STAT3,CEBPA,exactly one gene observed,AttentionPert,top_DE_Pearson,0.5227476255909972,1
STAT3+CEBPA,STAT3,CEBPA,exactly one gene observed,mean,top_DE_Pearson,0.42583965043217203,1
STAT3+CEBPA,STAT3,CEBPA,exactly one gene observed,OpPert,top_DE_Pearson,0.6044769060191013,2
STAT3+CEBPA,STAT3,CEBPA,exactly one gene observed,additive,top_DE_Pearson,0.49454957613283257,2
STAT3+CEBPA,STAT3,CEBPA,exactly one gene observed,linear,top_DE_Pearson,0.40090438799552264,2
STAT3+CEBPA,STAT3,CEBPA,exactly one gene observed,GEARS,top_DE_Pearson,0.5668195824044779,2
STAT3+CEBPA,STAT3,CEBPA,exactly one gene observed,CPA,top_DE_Pearson,0.4288384131219108,2
STAT3+CEBPA,STAT3,CEBPA,exactly one gene observed,AttentionPert,top_DE_Pearson,0.5055725059342923,2
STAT3+CEBPA,STAT3,CEBPA,exactly one gene observed,mean,top_DE_Pearson,0.3754947712198336,2
STAT3+CEBPA,STAT3,CEBPA,exactly one gene observed,OpPert,top_DE_Pearson,0.5891073535321749,3
STAT3+CEBPA,STAT3,CEBPA,exactly one gene observed,additive,top_DE_Pearson,0.46021740056361143,3
STAT3+CEBPA,STAT3,CEBPA,exactly one gene observed,linear,top_DE_Pearson,0.4193714012885166,3
STAT3+CEBPA,STAT3,CEBPA,exactly one gene observed,GEARS,top_DE_Pearson,0.41900795526225704,3
STAT3+CEBPA,STAT3,CEBPA,exactly one gene observed,CPA,top_DE_Pearson,0.5323409207977061,3
STAT3+CEBPA,STAT3,CEBPA,exactly one gene observed,AttentionPert,top_DE_Pearson,0.5011500746511349,3
STAT3+CEBPA,STAT3,CEBPA,exactly one gene observed,mean,top_DE_Pearson,0.4289626104574691,3
STAT3+CEBPA,STAT3,CEBPA,exactly one gene observed,OpPert,top_DE_Pearson,0.5573160239487279,4
STAT3+CEBPA,STAT3,CEBPA,exactly one gene observed,additive,top_DE_Pearson,0.3556901383593824,4
STAT3+CEBPA,STAT3,CEBPA,exactly one gene observed,linear,top_DE_Pearson,0.5279677808602463,4
STAT3+CEBPA,STAT3,CEBPA,exactly one gene observed,GEARS,top_DE_Pearson,0.47777776342033357,4
STAT3+CEBPA,STAT3,CEBPA,exactly one gene observed,CPA,top_DE_Pearson,0.5005202074452613,4
STAT3+CEBPA,STAT3,CEBPA,exactly one gene observed,AttentionPert,top_DE_Pearson,0.45115243429122887,4
STAT3+CEBPA,STAT3,CEBPA,exactly one gene observed,mean,top_DE_Pearson,0.4586581026140214,4
CDKN1A+ELK1,CDKN1A,ELK1,exactly one gene observed,OpPert,top_DE_Pearson,0.566446922161839,0
CDKN1A+ELK1,CDKN1A,ELK1,exactly one gene observed,additive,top_DE_Pearson,0.3744690603747825,0
CDKN1A+ELK1,CDKN1A,ELK1,exactly one gene observed,linear,top_DE_Pearson,0.4898311717152557,0
CDKN1A+ELK1,CDKN1A,ELK1,exactly one gene observed,GEARS,top_DE_Pearson,0.5967146286480494,0
CDKN1A+ELK1,CDKN1A,ELK1,exactly one gene observed,CPA,top_DE_Pearson,0.4505722703583774,0
CDKN1A+ELK1,CDKN1A,ELK1,exactly one gene observed,AttentionPert,top_DE_Pearson,0.5137085691419035,0
CDKN1A+ELK1,CDKN1A,ELK1,exactly one gene observed,mean,top_DE_Pearson,0.19503387683768666,0
CDKN1A+ELK1,CDKN1A,ELK1,exactly one gene observed,OpPert,top_DE_Pearson,0.5576642479709096,1
CDKN1A+ELK1,CDKN1A,ELK1,exactly one gene observed,additive,top_DE_Pearson,0.4212174628444277,1
CDKN1A+ELK1,CDKN1A,ELK1,exactly one gene observed,linear,top_DE_Pearson,0.4208901438553769,1
CDKN1A+ELK1,CDKN1A,ELK1,exactly one gene observed,GEARS,top_DE_Pearson,0.564887028177712,1
CDKN1A+ELK1,CDKN1A,ELK1,exactly one gene observed,CPA,top_DE_Pearson,0.4604253791025703,1
CDKN1A+ELK1,CDKN1A,ELK1,exactly one gene observed,AttentionPert,top_DE_Pearson,0.47935135077438473,1
CDKN1A+ELK1,CDKN1A,ELK1,exactly one gene observed,mean,top_DE_Pearson,0.3373684275126557,1
CDKN1A+ELK1,CDKN1A,ELK1,exactly one gene observed,OpPert,top_DE_Pearson,0.4449910476940955,2
CDKN1A+ELK1,CDKN1A,ELK1,exactly one gene observed,additive,top_DE_Pearson,0.37208081359538236,2
CDKN1A+ELK1,CDKN1A,ELK1,exactly one gene observed,linear,top_DE_Pearson,0.527665609167213,2
CDKN1A+ELK1,CDKN1A,ELK1,exactly one gene observed,GEARS,top_DE_Pearson,0.37340296118720173,2
CDKN1A+ELK1,CDKN1A,ELK1,exactly one gene observed,CPA,top_DE_Pearson,0.43402107902305764,2
CDKN1A+ELK1,CDKN1A,ELK1,exactly one gene observed,AttentionPert,top_DE_Pearson,0.46601679662261414,2
CDKN1A+ELK1,CDKN1A,ELK1,exactly one gene observed,mean,top_DE_Pearson,0.4646173120374939,2
CDKN1A+ELK1,CDKN1A,ELK1,exactly one gene observed,OpPert,top_DE_Pearson,0.6061162259297822,3
CDKN1A+ELK1,CDKN1A,ELK1,exactly one gene observed,additive,top_DE_Pearson,0.406569768376814,3
CDKN1A+ELK1,CDKN1A,ELK1,exactly one gene observed,linear,top_DE_Pearson,0.548270821826933,3
CDKN1A+ELK1,CDKN1A,ELK1,exactly one gene observed,GEARS,top_DE_Pearson,0.4555690507699328,3
CDKN1A+ELK1,CDKN1A,ELK1,exactly one gene observed,CPA,top_DE_Pearson,0.5405459882240403,3
CDKN1A+ELK1,CDKN1A,ELK1,exactly one gene observed,AttentionPert,top_DE_Pearson,0.4084673652446191,3
CDKN1A+ELK1,CDKN1A,ELK1,exactly one gene observed,mean,top_DE_Pearson,0.42439546990734944,3
CDKN1A+ELK1,CDKN1A,ELK1,exactly one gene observed,OpPert,top_DE_Pearson,0.5356319812717409,4
CDKN1A+ELK1,CDKN1A,ELK1,exactly one gene observed,additive,top_DE_Pearson,0.3782897455435238,4
CDKN1A+ELK1,CDKN1A,ELK1,exactly one gene observed,linear,top_DE_Pearson,0.45697138321542113,4
CDKN1A+ELK1,CDKN1A,ELK1,exactly one gene observed,GEARS,top_DE_Pearson,0.5166406507832129,4
CDKN1A+ELK1,CDKN1A,ELK1,exactly one gene observed,CPA,top_DE_Pearson,0.4503150941684573,4
CDKN1A+ELK1,CDKN1A,ELK1,exactly one gene observed,AttentionPert,top_DE_Pearson,0.5232372103597194,4
CDKN1A+ELK1,CDKN1A,ELK1,exactly one gene observed,mean,top_DE_Pearson,0.32502036698015596,4
MAPK1+FOXA1,MAPK1,FOXA1,exactly one gene observed,OpPert,top_DE_Pearson,0.5335170612580431,0
MAPK1+FOXA1,MAPK1,FOXA1,exactly one gene observed,additive,top_DE_Pearson,0.44909244774591595,0
MAPK1+FOXA1,MAPK1,FOXA1,exactly one gene observed,linear,top_DE_Pearson,0.503015224582022,0
MAPK1+FOXA1,MAPK1,FOXA1,exactly one gene observed,GEARS,top_DE_Pearson,0.6237079491638965,0
MAPK1+FOXA1,MAPK1,FOXA1,exactly one gene observed,CPA,top_DE_Pearson,0.5363652253078909,0
MAPK1+FOXA1,MAPK1,FOXA1,exactly one gene observed,AttentionPert,top_DE_Pearson,0.5485593969889505,0
MAPK1+FOXA1,MAPK1,FOXA1,exactly one gene observed,mean,top_DE_Pearson,0.545310731691617,0
MAPK1+FOXA1,MAPK1,FOXA1,exactly one gene observed,OpPert,top_DE_Pearson,0.5909575086060707,1
MAPK1+FOXA1,MAPK1,FOXA1,exactly one gene observed,additive,top_DE_Pearson,0.46907861067870216,1
MAPK1+FOXA1,MAPK1,FOXA1,exactly one gene observed,linear,top_DE_Pearson,0.5122409044592993,1
MAPK1+FOXA1,MAPK1,FOXA1,exactly one gene observed,GEARS,top_DE_Pearson,0.4394620413447048,1
MAPK1+FOXA1,MAPK1,FOXA1,exactly one gene observed,CPA,top_DE_Pearson,0.45336590181487463,1
MAPK1+FOXA1,MAPK1,FOXA1,exactly one gene observed,AttentionPert,top_DE_Pearson,0.45962984399845996,1
MAPK1+FOXA1,MAPK1,FOXA1,exactly one gene observed,mean,top_DE_Pearson,0.39885683863317367,1
MAPK1+FOXA1,MAPK1,FOXA1,exactly one gene observed,OpPert,top_DE_Pearson,0.5495495262667281,2
MAPK1+FOXA1,MAPK1,FOXA1,exactly one gene observed,additive,top_DE_Pearson,0.44829340552845814,2
MAPK1+FOXA1,MAPK1,FOXA1,exactly one gene observed,linear,top_DE_Pearson,0.5352472772089079,2
MAPK1+FOXA1,MAPK1,FOXA1,exactly one gene observed,GEARS,top_DE_Pearson,0.5517890443222483,2
MAPK1+FOXA1,MAPK1,FOXA1,exactly one gene observed,CPA,top_DE_Pearson,0.4702967398175252,2
MAPK1+FOXA1,MAPK1,FOXA1,exactly one gene observed,AttentionPert,top_DE_Pearson,0.44980029418730666,2
MAPK1+FOXA1,MAPK1,FOXA1,exactly one gene observed,mean,top_DE_Pearson,0.4281164838991913,2
MAPK1+FOXA1,MAPK1,FOXA1,exactly one gene observed,OpPert,top_DE_Pearson,0.606433470854592,3
MAPK1+FOXA1,MAPK1,FOXA1,exactly one gene observed,additive,top_DE_Pearson,0.34362459090227704,3
MAPK1+FOXA1,MAPK1,FOXA1,exactly one gene observed,linear,top_DE_Pearson,0.4512107636655031,3
MAPK1+FOXA1,MAPK1,FOXA1,exactly one gene observed,GEARS,top_DE_Pearson,0.5099309277210058,3
MAPK1+FOXA1,MAPK1,FOXA1,exactly one gene observed,CPA,top_DE_Pearson,0.5267297830272618,3
MAPK1+FOXA1,MAPK1,FOXA1,exactly one gene observed,AttentionPert,top_DE_Pearson,0.5446060896963862,3
MAPK1+FOXA1,MAPK1,FOXA1,exactly one gene observed,mean,top_DE_Pearson,0.3770343600705284,3
MAPK1+FOXA1,MAPK1,FOXA1,exactly one gene observed,OpPert,top_DE_Pearson,0.5951148518815315,4
MAPK1+FOXA1,MAPK1,FOXA1,exactly one gene observed,additive,top_DE_Pearson,0.4438482081426892,4
MAPK1+FOXA1,MAPK1,FOXA1,exactly one gene observed,linear,top_DE_Pearson,0.4295688987091663,4
MAPK1+FOXA1,MAPK1,FOXA1,exactly one gene observed,GEARS,top_DE_Pearson,0.48432413653752476,4
MAPK1+FOXA1,MAPK1,FOXA1,exactly one gene observed,CPA,top_DE_Pearson,0.4811394711984065,4
MAPK1+FOXA1,MAPK1,FOXA1,exactly one gene observed,AttentionPert,top_DE_Pearson,0.4879192449988846,4
MAPK1+FOXA1,MAPK1,FOXA1,exactly one gene observed,mean,top_DE_Pearson,0.24686562573339177,4
CEBPE+FOXA1,CEBPE,FOXA1,neither gene observed,OpPert,top_DE_Pearson,0.44311780048565796,0
CEBPE+FOXA1,CEBPE,FOXA1,neither gene observed,additive,top_DE_Pearson,0.32519057226930487,0
CEBPE+FOXA1,CEBPE,FOXA1,neither gene observed,linear,top_DE_Pearson,0.39927948224827525,0
CEBPE+FOXA1,CEBPE,FOXA1,neither gene observed,GEARS,top_DE_Pearson,0.335262568777082,0
CEBPE+FOXA1,CEBPE,FOXA1,neither gene observed,CPA,top_DE_Pearson,0.2823174671629273,0
CEBPE+FOXA1,CEBPE,FOXA1,neither gene observed,AttentionPert,top_DE_Pearson,0.3691098125497995,0
CEBPE+FOXA1,CEBPE,FOXA1,neither gene observed,mean,top_DE_Pearson,0.3058468643301074,0
CEBPE+FOXA1,CEBPE,FOXA1,neither gene observed,OpPert,top_DE_Pearson,0.5612531823691983,1
CEBPE+FOXA1,CEBPE,FOXA1,neither gene observed,additive,top_DE_Pearson,0.3869276943456844,1
CEBPE+FOXA1,CEBPE,FOXA1,neither gene observed,linear,top_DE_Pearson,0.2819041744078692,1
CEBPE+FOXA1,CEBPE,FOXA1,neither gene observed,GEARS,top_DE_Pearson,0.38605796563739375,1
CEBPE+FOXA1,CEBPE,FOXA1,neither gene observed,CPA,top_DE_Pearson,0.39539806286489176,1
CEBPE+FOXA1,CEBPE,FOXA1,neither gene observed,AttentionPert,top_DE_Pearson,0.40065546701541555,1
CEBPE+FOXA1,CEBPE,FOXA1,neither gene observed,mean,top_DE_Pearson,0.2923582731765725,1
CEBPE+FOXA1,CEBPE,FOXA1,neither gene observed,OpPert,top_DE_Pearson,0.4049770632123544,2
CEBPE+FOXA1,CEBPE,FOXA1,neither gene observed,additive,top_DE_Pearson,0.34389658525304456,2
CEBPE+FOXA1,CEBPE,FOXA1,neither gene observed,linear,top_DE_Pearson,0.39521936978656774,2
CEBPE+FOXA1,CEBPE,FOXA1,neither gene observed,GEARS,top_DE_Pearson,0.4495402571982196,2
CEBPE+FOXA1,CEBPE,FOXA1,neither gene observed,CPA,top_DE_Pearson,0.3316569100032325,2
CEBPE+FOXA1,CEBPE,FOXA1,neither gene observed,AttentionPert,top_DE_Pearson,0.36929058796542613,2
CEBPE+FOXA1,CEBPE,FOXA1,neither gene observed,mean,top_DE_Pearson,0.0977709391955996,2
CEBPE+FOXA1,CEBPE,FOXA1,neither gene observed,OpPert,top_DE_Pearson,0.42271228194533356,3
CEBPE+FOXA1,CEBPE,FOXA1,neither gene observed,additive,top_DE_Pearson,0.3085351064217374,3
CEBPE+FOXA1,CEBPE,FOXA1,neither gene observed,linear,top_DE_Pearson,0.30882492950995344,3
CEBPE+FOXA1,CEBPE,FOXA1,neither gene observed,GEARS,top_DE_Pearson,0.4099367290139591,3
CEBPE+FOXA1,CEBPE,FOXA1,neither gene observed,CPA,top_DE_Pearson,0.37664327407728393,3
CEBPE+FOXA1,CEBPE,FOXA1,neither gene observed,AttentionPert,top_DE_Pearson,0.25444716734534334,3
CEBPE+FOXA1,CEBPE,FOXA1,neither gene observed,mean,top_DE_Pearson,0.2729304781581054,3
CEBPE+FOXA1,CEBPE,FOXA1,neither gene observed,OpPert,top_DE_Pearson,0.40430055215265837,4
CEBPE+FOXA1,CEBPE,FOXA1,neither gene observed,additive,top_DE_Pearson,0.3691413375514309,4
CEBPE+FOXA1,CEBPE,FOXA1,neither gene observed,linear,top_DE_Pearson,0.29308892513628004,4
CEBPE+FOXA1,CEBPE,FOXA1,neither gene observed,GEARS,top_DE_Pearson,0.40180039231185644,4
CEBPE+FOXA1,CEBPE,FOXA1,neither gene observed,CPA,top_DE_Pearson,0.36301020026680964,4
CEBPE+FOXA1,CEBPE,FOXA1,neither gene observed,AttentionPert,top_DE_Pearson,0.40818611309701985,4
CEBPE+FOXA1,CEBPE,FOXA1,neither gene observed,mean,top_DE_Pearson,0.2674818366590808,4
CDKN1A+CDKN1B,CDKN1A,CDKN1B,"both genes observed, pair held out",OpPert,top_DE_Pearson,0.6249667836544668,0
CDKN1A+CDKN1B,CDKN1A,CDKN1B,"both genes observed, pair held out",additive,top_DE_Pearson,0.5395032069642248,0
CDKN1A+CDKN1B,CDKN1A,CDKN1B,"both genes observed, pair held out",linear,top_DE_Pearson,0.533505123168053,0
CDKN1A+CDKN1B,CDKN1A,CDKN1B,"both genes observed, pair held out",GEARS,top_DE_Pearson,0.6375127158347679,0
CDKN1A+CDKN1B,CDKN1A,CDKN1B,"both genes observed, pair held out",CPA,top_DE_Pearson,0.563246744847299,0
CDKN1A+CDKN1B,CDKN1A,CDKN1B,"both genes observed, pair held out",AttentionPert,top_DE_Pearson,0.5320992365132293,0
CDKN1A+CDKN1B,CDKN1A,CDKN1B,"both genes observed, pair held out",mean,top_DE_Pearson,0.4433142224207254,0
CDKN1A+CDKN1B,CDKN1A,CDKN1B,"both genes observed, pair held out",OpPert,top_DE_Pearson,0.673551590178993,1
CDKN1A+CDKN1B,CDKN1A,CDKN1B,"both genes observed, pair held out",additive,top_DE_Pearson,0.5594930831294751,1
CDKN1A+CDKN1B,CDKN1A,CDKN1B,"both genes observed, pair held out",linear,top_DE_Pearson,0.6827027479195877,1
CDKN1A+CDKN1B,CDKN1A,CDKN1B,"both genes observed, pair held out",GEARS,top_DE_Pearson,0.5598654395997948,1
CDKN1A+CDKN1B,CDKN1A,CDKN1B,"both genes observed, pair held out",CPA,top_DE_Pearson,0.575591280304576,1
CDKN1A+CDKN1B,CDKN1A,CDKN1B,"both genes observed, pair held out",AttentionPert,top_DE_Pearson,0.6155674368091656,1
CDKN1A+CDKN1B,CDKN1A,CDKN1B,"both genes observed, pair held out",mean,top_DE_Pearson,0.4585946224479511,1
CDKN1A+CDKN1B,CDKN1A,CDKN1B,"both genes observed, pair held out",OpPert,top_DE_Pearson,0.6299629112406807,2
CDKN1A+CDKN1B,CDKN1A,CDKN1B,"both genes observed, pair held out",additive,top_DE_Pearson,0.44704456941934545,2
CDKN1A+CDKN1B,CDKN1A,CDKN1B,"both genes observed, pair held out",linear,top_DE_Pearson,0.539349926456819,2
CDKN1A+CDKN1B,CDKN1A,CDKN1B,"both genes observed, pair held out",GEARS,top_DE_Pearson,0.5355778552369319,2
CDKN1A+CDKN1B,CDKN1A,CDKN1B,"both genes observed, pair held out",CPA,top_DE_Pearson,0.47640359913257324,2
CDKN1A+CDKN1B,CDKN1A,CDKN1B,"both genes observed, pair held out",AttentionPert,top_DE_Pearson,0.5422592694997648,2
CDKN1A+CDKN1B,CDKN1A,CDKN1B,"both genes observed, pair held out",mean,top_DE_Pearson,0.39717449675401273,2
CDKN1A+CDKN1B,CDKN1A,CDKN1B,"both genes observed, pair held out",OpPert,top_DE_Pearson,0.6950271927175768,3
CDKN1A+CDKN1B,CDKN1A,CDKN1B,"both genes observed, pair held out",additive,top_DE_Pearson,0.5760655102448576,3
CDKN1A+CDKN1B,CDKN1A,CDKN1B,"both genes observed, pair held out",linear,top_DE_Pearson,0.5157672426251475,3
CDKN1A+CDKN1B,CDKN1A,CDKN1B,"both genes observed, pair held out",GEARS,top_DE_Pearson,0.5843862821662127,3
CDKN1A+CDKN1B,CDKN1A,CDKN1B,"both genes observed, pair held out",CPA,top_DE_Pearson,0.4685054402732478,3
CDKN1A+CDKN1B,CDKN1A,CDKN1B,"both genes observed, pair held out",AttentionPert,top_DE_Pearson,0.5603396029890383,3
CDKN1A+CDKN1B,CDKN1A,CDKN1B,"both genes observed, pair held out",mean,top_DE_Pearson,0.4839389140421407,3
CDKN1A+CDKN1B,CDKN1A,CDKN1B,"both genes observed, pair held out",OpPert,top_DE_Pearson,0.7094962733768461,4
CDKN1A+CDKN1B,CDKN1A,CDKN1B,"both genes observed, pair held out",additive,top_DE_Pearson,0.4972171750985212,4
CDKN1A+CDKN1B,CDKN1A,CDKN1B,"both genes observed, pair held out",linear,top_DE_Pearson,0.6331112916316511,4
CDKN1A+CDKN1B,CDKN1A,CDKN1B,"both genes observed, pair held out",GEARS,top_DE_Pearson,0.5090584847091917,4
CDKN1A+CDKN1B,CDKN1A,CDKN1B,"both genes observed, pair held out",CPA,top_DE_Pearson,0.5051423320513724,4
CDKN1A+CDKN1B,CDKN1A,CDKN1B,"both genes observed, pair held out",AttentionPert,top_DE_Pearson,0.6325797119382726,4
CDKN1A+CDKN1B,CDKN1A,CDKN1B,"both genes observed, pair held out",mean,top_DE_Pearson,0.5602672737137948,4
STAT3+FOXA1,STAT3,FOXA1,exactly one gene observed,OpPert,top_DE_Pearson,0.4672585837651865,0
STAT3+FOXA1,STAT3,FOXA1,exactly one gene observed,additive,top_DE_Pearson,0.43757945680795923,0
STAT3+FOXA1,STAT3,FOXA1,exactly one gene observed,linear,top_DE_Pearson,0.33828897520866746,0
STAT3+FOXA1,STAT3,FOXA1,exactly one gene observed,GEARS,top_DE_Pearson,0.37865317663739123,0
STAT3+FOXA1,STAT3,FOXA1,exactly one gene observed,CPA,top_DE_Pearson,0.48776457221375213,0
STAT3+FOXA1,STAT3,FOXA1,exactly one gene observed,AttentionPert,top_DE_Pearson,0.46851623982572954,0
STAT3+FOXA1,STAT3,FOXA1,exactly one gene observed,mean,top_DE_Pearson,0.2936498890708729,0
STAT3+FOXA1,STAT3,FOXA1,exactly one gene observed,OpPert,top_DE_Pearson,0.5639319548498031,1
STAT3+FOXA1,STAT3,FOXA1,exactly one gene observed,additive,top_DE_Pearson,0.44690788205046855,1
STAT3+FOXA1,STAT3,FOXA1,exactly one gene observed,linear,top_DE_Pearson,0.5266649521124164,1
STAT3+FOXA1,STAT3,FOXA1,exactly one gene observed,GEARS,top_DE_Pearson,0.508196136980762,1
STAT3+FOXA1,STAT3,FOXA1,exactly one gene observed,CPA,top_DE_Pearson,0.553703662100063,1
STAT3+FOXA1,STAT3,FOXA1,exactly one gene observed,AttentionPert,top_DE_Pearson,0.4904796417729288,1
STAT3+FOXA1,STAT3,FOXA1,exactly one gene observed,mean,top_DE_Pearson,0.35307990031155984,1
STAT3+FOXA1,STAT3,FOXA1,exactly one gene observed,OpPert,top_DE_Pearson,0.6238587311748309,2
STAT3+FOXA1,STAT3,FOXA1,exactly one gene observed,additive,top_DE_Pearson,0.38129354719751396,2
STAT3+FOXA1,STAT3,FOXA1,exactly one gene observed,linear,top_DE_Pearson,0.6388668471959696,2
STAT3+FOXA1,STAT3,FOXA1,exactly one gene observed,GEARS,top_DE_Pearson,0.5225154486900041,2
STAT3+FOXA1,STAT3,FOXA1,exactly one gene observed,CPA,top_DE_Pearson,0.5028497551702603,2
STAT3+FOXA1,STAT3,FOXA1,exactly one gene observed,AttentionPert,top_DE_Pearson,0.5215057584383559,2
STAT3+FOXA1,STAT3,FOXA1,exactly one gene observed,mean,top_DE_Pearson,0.4726281885198985,2
STAT3+FOXA1,STAT3,FOXA1,exactly one gene observed,OpPert,top_DE_Pearson,0.6075504447003565,3
STAT3+FOXA1,STAT3,FOXA1,exactly one gene observed,additive,top_DE_Pearson,0.3436966412597646,3
STAT3+FOXA1,STAT3,FOXA1,exactly one gene observed,linear,top_DE_Pearson,0.5542082230860502,3
STAT3+FOXA1,STAT3,FOXA1,exactly one gene observed,GEARS,top_DE_Pearson,0.47954620523329894,3
STAT3+FOXA1,STAT3,FOXA1,exactly one gene observed,CPA,top_DE_Pearson,0.4864293043703594,3
STAT3+FOXA1,STAT3,FOXA1,exactly one gene observed,AttentionPert,top_DE_Pearson,0.413244761669484,3
STAT3+FOXA1,STAT3,FOXA1,exactly one gene observed,mean,top_DE_Pearson,0.3915721210874337,3
STAT3+FOXA1,STAT3,FOXA1,exactly one gene observed,OpPert,top_DE_Pearson,0.5209175425959469,4
STAT3+FOXA1,STAT3,FOXA1,exactly one gene observed,additive,top_DE_Pearson,0.4460101782796084,4
STAT3+FOXA1,STAT3,FOXA1,exactly one gene observed,linear,top_DE_Pearson,0.452954059678353,4
STAT3+FOXA1,STAT3,FOXA1,exactly one gene observed,GEARS,top_DE_Pearson,0.6155007681041511,4
STAT3+FOXA1,STAT3,FOXA1,exactly one gene observed,CPA,top_DE_Pearson,0.5989356180087353,4
STAT3+FOXA1,STAT3,FOXA1,exactly one gene observed,AttentionPert,top_DE_Pearson,0.49279079021288447,4
STAT3+FOXA1,STAT3,FOXA1,exactly one gene observed,mean,top_DE_Pearson,0.3638386626821313,4
MAPK1+JUN,MAPK1,JUN,neither gene observed,OpPert,top_DE_Pearson,0.4347197635212581,0
MAPK1+JUN,MAPK1,JUN,neither gene observed,additive,top_DE_Pearson,0.3987155718198979,0
MAPK1+JUN,MAPK1,JUN,neither gene observed,linear,top_DE_Pearson,0.33770205428100103,0
MAPK1+JUN,MAPK1,JUN,neither gene observed,GEARS,top_DE_Pearson,0.3977346979330882,0
MAPK1+JUN,MAPK1,JUN,neither gene observed,CPA,top_DE_Pearson,0.28512135310934045,0
MAPK1+JUN,MAPK1,JUN,neither gene observed,AttentionPert,top_DE_Pearson,0.43225142070739003,0
MAPK1+JUN,MAPK1,JUN,neither gene observed,mean,top_DE_Pearson,0.37645201635091213,0
MAPK1+JUN,MAPK1,JUN,neither gene observed,OpPert,top_DE_Pearson,0.5032735223679875,1
MAPK1+JUN,MAPK1,JUN,neither gene observed,additive,top_DE_Pearson,0.42770795005283835,1
MAPK1+JUN,MAPK1,JUN,neither gene observed,linear,top_DE_Pearson,0.31923387182936014,1
MAPK1+JUN,MAPK1,JUN,neither gene observed,GEARS,top_DE_Pearson,0.41417945692169206,1
MAPK1+JUN,MAPK1,JUN,neither gene observed,CPA,top_DE_Pearson,0.32341040453783665,1
MAPK1+JUN,MAPK1,JUN,neither gene observed,AttentionPert,top_DE_Pearson,0.3763340672651194,1
MAPK1+JUN,MAPK1,JUN,neither gene observed,mean,top_DE_Pearson,0.3063326886411503,1
MAPK1+JUN,MAPK1,JUN,neither gene observed,OpPert,top_DE_Pearson,0.4661092367861979,2
MAPK1+JUN,MAPK1,JUN,neither gene observed,additive,top_DE_Pearson,0.25524153864392674,2
MAPK1+JUN,MAPK1,JUN,neither gene observed,linear,top_DE_Pearson,0.2910982536677348,2
MAPK1+JUN,MAPK1,JUN,neither gene observed,GEARS,top_DE_Pearson,0.3171301641105536,2
MAPK1+JUN,MAPK1,JUN,neither gene observed,CPA,top_DE_Pearson,0.4094871553963754,2
MAPK1+JUN,MAPK1,JUN,neither gene observed,AttentionPert,top_DE_Pearson,0.5138336721394001,2
MAPK1+JUN,MAPK1,JUN,neither gene observed,mean,top_DE_Pearson,0.34174749464001275,2
MAPK1+JUN,MAPK1,JUN,neither gene observed,OpPert,top_DE_Pearson,0.34624088805123615,3
MAPK1+JUN,MAPK1,JUN,neither gene observed,additive,top_DE_Pearson,0.425264556284187,3
MAPK1+JUN,MAPK1,JUN,neither gene observed,linear,top_DE_Pearson,0.4261840250208788,3
MAPK1+JUN,MAPK1,JUN,neither gene observed,GEARS,top_DE_Pearson,0.3072820032682746,3
MAPK1+JUN,MAPK1,JUN,neither gene observed,CPA,top_DE_Pearson,0.36180790299737015,3
MAPK1+JUN,MAPK1,JUN,neither gene observed,AttentionPert,top_DE_Pearson,0.4557313446897486,3
MAPK1+JUN,MAPK1,JUN,neither gene observed,mean,top_DE_Pearson,0.29302601065608713,3
MAPK1+JUN,MAPK1,JUN,neither gene observed,OpPert,top_DE_Pearson,0.3814542968567209,4
MAPK1+JUN,MAPK1,JUN,neither gene observed,additive,top_DE_Pearson,0.37664452934777165,4
MAPK1+JUN,MAPK1,JUN,neither gene observed,linear,top_DE_Pearson,0.24174996423516473,4
MAPK1+JUN,MAPK1,JUN,neither gene observed,GEARS,top_DE_Pearson,0.38663066945456737,4
MAPK1+JUN,MAPK1,JUN,neither gene observed,CPA,top_DE_Pearson,0.4482774061640029,4
MAPK1+JUN,MAPK1,JUN,neither gene observed,AttentionPert,top_DE_Pearson,0.3911036529342792,4
MAPK1+JUN,MAPK1,JUN,neither gene observed,mean,top_DE_Pearson,0.23006374700228327,4
MAPK1+CEBPE,MAPK1,CEBPE,"both genes observed, pair held out",OpPert,top_DE_Pearson,0.738602381572017,0
MAPK1+CEBPE,MAPK1,CEBPE,"both genes observed, pair held out",additive,top_DE_Pearson,0.5924605457067833,0
MAPK1+CEBPE,MAPK1,CEBPE,"both genes observed, pair held out",linear,top_DE_Pearson,0.6348824876362288,0
MAPK1+CEBPE,MAPK1,CEBPE,"both genes observed, pair held out",GEARS,top_DE_Pearson,0.643974513446252,0
MAPK1+CEBPE,MAPK1,CEBPE,"both genes observed, pair held out",CPA,top_DE_Pearson,0.5959317189469883,0
MAPK1+CEBPE,MAPK1,CEBPE,"both genes observed, pair held out",AttentionPert,top_DE_Pearson,0.5953705399858288,0
MAPK1+CEBPE,MAPK1,CEBPE,"both genes observed, pair held out",mean,top_DE_Pearson,0.44576441685415585,0
MAPK1+CEBPE,MAPK1,CEBPE,"both genes observed, pair held out",OpPert,top_DE_Pearson,0.5872579024164164,1
MAPK1+CEBPE,MAPK1,CEBPE,"both genes observed, pair held out",additive,top_DE_Pearson,0.4826813094708115,1
MAPK1+CEBPE,MAPK1,CEBPE,"both genes observed, pair held out",linear,top_DE_Pearson,0.5530791310838874,1
MAPK1+CEBPE,MAPK1,CEBPE,"both genes observed, pair held out",GEARS,top_DE_Pearson,0.6144871295761457,1
MAPK1+CEBPE,MAPK1,CEBPE,"both genes observed, pair held out",CPA,top_DE_Pearson,0.6664487558802558,1
MAPK1+CEBPE,MAPK1,CEBPE,"both genes observed, pair held out",AttentionPert,top_DE_Pearson,0.5874921663274693,1
MAPK1+CEBPE,MAPK1,CEBPE,"both genes observed, pair held out",mean,top_DE_Pearson,0.5202085774526598,1
MAPK1+CEBPE,MAPK1,CEBPE,"both genes observed, pair held out",OpPert,top_DE_Pearson,0.7247589393859272,2
MAPK1+CEBPE,MAPK1,CEBPE,"both genes observed, pair held out",additive,top_DE_Pearson,0.5261131921386726,2
MAPK1+CEBPE,MAPK1,CEBPE,"both genes observed, pair held out",linear,top_DE_Pearson,0.605681412682211,2
MAPK1+CEBPE,MAPK1,CEBPE,"both genes observed, pair held out",GEARS,top_DE_Pearson,0.5853883174965083,2
MAPK1+CEBPE,MAPK1,CEBPE,"both genes observed, pair held out",CPA,top_DE_Pearson,0.6593281536447085,2
MAPK1+CEBPE,MAPK1,CEBPE,"both genes observed, pair held out",AttentionPert,top_DE_Pearson,0.6281506002959559,2
MAPK1+CEBPE,MAPK1,CEBPE,"both genes observed, pair held out",mean,top_DE_Pearson,0.3885709747186986,2
MAPK1+CEBPE,MAPK1,CEBPE,"both genes observed, pair held out",OpPert,top_DE_Pearson,0.6696914791292308,3
MAPK1+CEBPE,MAPK1,CEBPE,"both genes observed, pair held out",additive,top_DE_Pearson,0.6388867297094328,3
MAPK1+CEBPE,MAPK1,CEBPE,"both genes observed, pair held out",linear,top_DE_Pearson,0.5591261379271979,3
MAPK1+CEBPE,MAPK1,CEBPE,"both genes observed, pair held out",GEARS,top_DE_Pearson,0.626862901805704,3
MAPK1+CEBPE,MAPK1,CEBPE,"both genes observed, pair held out",CPA,top_DE_Pearson,0.6127527302643487,3
MAPK1+CEBPE,MAPK1,CEBPE,"both genes observed, pair held out",AttentionPert,top_DE_Pearson,0.527802626050124,3
MAPK1+CEBPE,MAPK1,CEBPE,"both genes observed, pair held out",mean,top_DE_Pearson,0.4906424769528108,3
MAPK1+CEBPE,MAPK1,CEBPE,"both genes observed, pair held out",OpPert,top_DE_Pearson,0.5763698908779223,4
MAPK1+CEBPE,MAPK1,CEBPE,"both genes observed, pair held out",additive,top_DE_Pearson,0.5024625536159163,4
MAPK1+CEBPE,MAPK1,CEBPE,"both genes observed, pair held out",linear,top_DE_Pearson,0.6345433780496514,4
MAPK1+CEBPE,MAPK1,CEBPE,"both genes observed, pair held out",GEARS,top_DE_Pearson,0.6214053774185014,4
MAPK1+CEBPE,MAPK1,CEBPE,"both genes observed, pair held out",CPA,top_DE_Pearson,0.5617313315352084,4
MAPK1+CEBPE,MAPK1,CEBPE,"both genes observed, pair held out",AttentionPert,top_DE_Pearson,0.6167876612747112,4
MAPK1+CEBPE,MAPK1,CEBPE,"both genes observed, pair held out",mean,top_DE_Pearson,0.45639446513469206,4
CEBPA+FOS,CEBPA,FOS,"both genes observed, pair held out",OpPert,top_DE_Pearson,0.6624201843332813,0
CEBPA+FOS,CEBPA,FOS,"both genes observed, pair held out",additive,top_DE_Pearson,0.5212639083236008,0
CEBPA+FOS,CEBPA,FOS,"both genes observed, pair held out",linear,top_DE_Pearson,0.4748637975239846,0
CEBPA+FOS,CEBPA,FOS,"both genes observed, pair held out",GEARS,top_DE_Pearson,0.544772654625042,0
CEBPA+FOS,CEBPA,FOS,"both genes observed, pair held out",CPA,top_DE_Pearson,0.6740923868238299,0
CEBPA+FOS,CEBPA,FOS,"both genes observed, pair held out",AttentionPert,top_DE_Pearson,0.613083398875114,0
CEBPA+FOS,CEBPA,FOS,"both genes observed, pair held out",mean,top_DE_Pearson,0.38058470191591665,0
CEBPA+FOS,CEBPA,FOS,"both genes observed, pair held out",OpPert,top_DE_Pearson,0.5675787374490953,1
CEBPA+FOS,CEBPA,FOS,"both genes observed, pair held out",additive,top_DE_Pearson,0.533270165993365,1
CEBPA+FOS,CEBPA,FOS,"both genes observed, pair held out",linear,top_DE_Pearson,0.6636711919905889,1
CEBPA+FOS,CEBPA,FOS,"both genes observed, pair held out",GEARS,top_DE_Pearson,0.5887945119117388,1
CEBPA+FOS,CEBPA,FOS,"both genes observed, pair held out",CPA,top_DE_Pearson,0.658419973204241,1
CEBPA+FOS,CEBPA,FOS,"both genes observed, pair held out",AttentionPert,top_DE_Pearson,0.6111158462491194,1
CEBPA+FOS,CEBPA,FOS,"both genes observed, pair held out",mean,top_DE_Pearson,0.4882750274707536,1
CEBPA+FOS,CEBPA,FOS,"both genes observed, pair held out",OpPert,top_DE_Pearson,0.5798567694417258,2
CEBPA+FOS,CEBPA,FOS,"both genes observed, pair held out",additive,top_DE_Pearson,0.5962513753049855,2
CEBPA+FOS,CEBPA,FOS,"both genes observed, pair held out",linear,top_DE_Pearson,0.5499040777635835,2
CEBPA+FOS,CEBPA,FOS,"both genes observed, pair held out",GEARS,top_DE_Pearson,0.6517855472166545,2
CEBPA+FOS,CEBPA,FOS,"both genes observed, pair held out",CPA,top_DE_Pearson,0.5311498010808332,2
CEBPA+FOS,CEBPA,FOS,"both genes observed, pair held out",AttentionPert,top_DE_Pearson,0.6006229608505947,2
CEBPA+FOS,CEBPA,FOS,"both genes observed, pair held out",mean,top_DE_Pearson,0.48112017723625783,2
CEBPA+FOS,CEBPA,FOS,"both genes observed, pair held out",OpPert,top_DE_Pearson,0.6507580010054479,3
CEBPA+FOS,CEBPA,FOS,"both genes observed, pair held out",additive,top_DE_Pearson,0.5642727115851695,3
CEBPA+FOS,CEBPA,FOS,"both genes observed, pair held out",linear,top_DE_Pearson,0.5540161754884494,3
CEBPA+FOS,CEBPA,FOS,"both genes observed, pair held out",GEARS,top_DE_Pearson,0.5610564148175232,3
CEBPA+FOS,CEBPA,FOS,"both genes observed, pair held out",CPA,top_DE_Pearson,0.6763290029676379,3
CEBPA+FOS,CEBPA,FOS,"both genes observed, pair held out",AttentionPert,top_DE_Pearson,0.6529371719816865,3
CEBPA+FOS,CEBPA,FOS,"both genes observed, pair held out",mean,top_DE_Pearson,0.41434811529710935,3
CEBPA+FOS,CEBPA,FOS,"both genes observed, pair held out",OpPert,top_DE_Pearson,0.6941066583356766,4
CEBPA+FOS,CEBPA,FOS,"both genes observed, pair held out",additive,top_DE_Pearson,0.49543926871793087,4
CEBPA+FOS,CEBPA,FOS,"both genes observed, pair held out",linear,top_DE_Pearson,0.4989189213802605,4
CEBPA+FOS,CEBPA,FOS,"both genes observed, pair held out",GEARS,top_DE_Pearson,0.6620285664839386,4
CEBPA+FOS,CEBPA,FOS,"both genes observed, pair held out",CPA,top_DE_Pearson,0.4777540224611556,4
CEBPA+FOS,CEBPA,FOS,"both genes observed, pair held out",AttentionPert,top_DE_Pearson,0.6456113548145924,4
CEBPA+FOS,CEBPA,FOS,"both genes observed, pair held out",mean,top_DE_Pearson,0.44483666124561644,4
KLF1+CDKN1A,KLF1,CDKN1A,neither gene observed,OpPert,top_DE_Pearson,0.4948719287196552,0
KLF1+CDKN1A,KLF1,CDKN1A,neither gene observed,additive,top_DE_Pearson,0.29041940939026556,0
KLF1+CDKN1A,KLF1,CDKN1A,neither gene observed,linear,top_DE_Pearson,0.4130635365250038,0
KLF1+CDKN1A,KLF1,CDKN1A,neither gene observed,GEARS,top_DE_Pearson,0.4068022322815134,0
KLF1+CDKN1A,KLF1,CDKN1A,neither gene observed,CPA,top_DE_Pearson,0.30463671242791773,0
KLF1+CDKN1A,KLF1,CDKN1A,neither gene observed,AttentionPert,top_DE_Pearson,0.37980753098521564,0
KLF1+CDKN1A,KLF1,CDKN1A,neither gene observed,mean,top_DE_Pearson,0.34287674093353554,0
KLF1+CDKN1A,KLF1,CDKN1A,neither gene observed,OpPert,top_DE_Pearson,0.5605956878947418,1
KLF1+CDKN1A,KLF1,CDKN1A,neither gene observed,additive,top_DE_Pearson,0.38304090745652064,1
KLF1+CDKN1A,KLF1,CDKN1A,neither gene observed,linear,top_DE_Pearson,0.2985793907098978,1
KLF1+CDKN1A,KLF1,CDKN1A,neither gene observed,GEARS,top_DE_Pearson,0.42943641414735334,1
KLF1+CDKN1A,KLF1,CDKN1A,neither gene observed,CPA,top_DE_Pearson,0.43105165423155156,1
KLF1+CDKN1A,KLF1,CDKN1A,neither gene observed,AttentionPert,top_DE_Pearson,0.43354247899912335,1
KLF1+CDKN1A,KLF1,CDKN1A,neither gene observed,mean,top_DE_Pearson,0.3070972573212751,1
KLF1+CDKN1A,KLF1,CDKN1A,neither gene observed,OpPert,top_DE_Pearson,0.48179578475485185,2
KLF1+CDKN1A,KLF1,CDKN1A,neither gene observed,additive,top_DE_Pearson,0.3356552596701674,2
KLF1+CDKN1A,KLF1,CDKN1A,neither gene observed,linear,top_DE_Pearson,0.3334979502457589,2
KLF1+CDKN1A,KLF1,CDKN1A,neither gene observed,GEARS,top_DE_Pearson,0.28612386888991026,2
KLF1+CDKN1A,KLF1,CDKN1A,neither gene observed,CPA,top_DE_Pearson,0.40037850600280106,2
KLF1+CDKN1A,KLF1,CDKN1A,neither gene observed,AttentionPert,top_DE_Pearson,0.4011631706191313,2
KLF1+CDKN1A,KLF1,CDKN1A,neither gene observed,mean,top_DE_Pearson,0.293454550569489,2
KLF1+CDKN1A,KLF1,CDKN1A,neither gene observed,OpPert,top_DE_Pearson,0.3797473784024264,3
KLF1+CDKN1A,KLF1,CDKN1A,neither gene observed,additive,top_DE_Pearson,0.3787010013589036,3
KLF1+CDKN1A,KLF1,CDKN1A,neither gene observed,linear,top_DE_Pearson,0.4932727056772466,3
KLF1+CDKN1A,KLF1,CDKN1A,neither gene observed,GEARS,top_DE_Pearson,0.4047070078466747,3
KLF1+CDKN1A,KLF1,CDKN1A,neither gene observed,CPA,top_DE_Pearson,0.3763000808476076,3
KLF1+CDKN1A,KLF1,CDKN1A,neither gene observed,AttentionPert,top_DE_Pearson,0.40854014136514205,3
KLF1+CDKN1A,KLF1,CDKN1A,neither gene observed,mean,top_DE_Pearson,0.3819402214826203,3
KLF1+CDKN1A,KLF1,CDKN1A,neither gene observed,OpPert,top_DE_Pearson,0.39858113429800657,4
KLF1+CDKN1A,KLF1,CDKN1A,neither gene observed,additive,top_DE_Pearson,0.3521924160036343,4
KLF1+CDKN1A,KLF1,CDKN1A,neither gene observed,linear,top_DE_Pearson,0.32202055466214136,4
KLF1+CDKN1A,KLF1,CDKN1A,neither gene observed,GEARS,top_DE_Pearson,0.36717971674930033,4
KLF1+CDKN1A,KLF1,CDKN1A,neither gene observed,CPA,top_DE_Pearson,0.3770245815270836,4
KLF1+CDKN1A,KLF1,CDKN1A,neither gene observed,AttentionPert,top_DE_Pearson,0.47083939449681356,4
KLF1+CDKN1A,KLF1,CDKN1A,neither gene observed,mean,top_DE_Pearson,0.3680594360413242,4
CDKN1B+STAT3,CDKN1B,STAT3,"both genes observed, pair held out",OpPert,top_DE_Pearson,0.6343467311202287,0
CDKN1B+STAT3,CDKN1B,STAT3,"both genes observed, pair held out",additive,top_DE_Pearson,0.5057318451384158,0
CDKN1B+STAT3,CDKN1B,STAT3,"both genes observed, pair held out",linear,top_DE_Pearson,0.46350341732527633,0
CDKN1B+STAT3,CDKN1B,STAT3,"both genes observed, pair held out",GEARS,top_DE_Pearson,0.6837654941546846,0
CDKN1B+STAT3,CDKN1B,STAT3,"both genes observed, pair held out",CPA,top_DE_Pearson,0.6380947355422776,0
CDKN1B+STAT3,CDKN1B,STAT3,"both genes observed, pair held out",AttentionPert,top_DE_Pearson,0.7350683321669867,0
CDKN1B+STAT3,CDKN1B,STAT3,"both genes observed, pair held out",mean,top_DE_Pearson,0.3766285988669124,0
CDKN1B+STAT3,CDKN1B,STAT3,"both genes observed, pair held out",OpPert,top_DE_Pearson,0.7474902484487465,1
CDKN1B+STAT3,CDKN1B,STAT3,"both genes observed, pair held out",additive,top_DE_Pearson,0.5442081311019676,1
CDKN1B+STAT3,CDKN1B,STAT3,"both genes observed, pair held out",linear,top_DE_Pearson,0.6183660130080081,1
CDKN1B+STAT3,CDKN1B,STAT3,"both genes observed, pair held out",GEARS,top_DE_Pearson,0.5011333715337317,1
CDKN1B+STAT3,CDKN1B,STAT3,"both genes observed, pair held out",CPA,top_DE_Pearson,0.6680849093599178,1
CDKN1B+STAT3,CDKN1B,STAT3,"both genes observed, pair held out",AttentionPert,top_DE_Pearson,0.6371910050799098,1
CDKN1B+STAT3,CDKN1B,STAT3,"both genes observed, pair held out",mean,top_DE_Pearson,0.4576653979128269,1
CDKN1B+STAT3,CDKN1B,STAT3,"both genes observed, pair held out",OpPert,top_DE_Pearson,0.6987067612596672,2
CDKN1B+STAT3,CDKN1B,STAT3,"both genes observed, pair held out",additive,top_DE_Pearson,0.4940702819374651,2
CDKN1B+STAT3,CDKN1B,STAT3,"both genes observed, pair held out",linear,top_DE_Pearson,0.535233594865098,2
CDKN1B+STAT3,CDKN1B,STAT3,"both genes observed, pair held out",GEARS,top_DE_Pearson,0.5721933231824762,2
CDKN1B+STAT3,CDKN1B,STAT3,"both genes observed, pair held out",CPA,top_DE_Pearson,0.4688363282985833,2
CDKN1B+STAT3,CDKN1B,STAT3,"both genes observed, pair held out",AttentionPert,top_DE_Pearson,0.641705509652202,2
CDKN1B+STAT3,CDKN1B,STAT3,"both genes observed, pair held out",mean,top_DE_Pearson,0.5314956168509539,2
CDKN1B+STAT3,CDKN1B,STAT3,"both genes observed, pair held out",OpPert,top_DE_Pearson,0.6179193510141694,3
CDKN1B+STAT3,CDKN1B,STAT3,"both genes observed, pair held out",additive,top_DE_Pearson,0.5608921809566891,3
CDKN1B+STAT3,CDKN1B,STAT3,"both genes observed, pair held out",linear,top_DE_Pearson,0.5540675715222457,3
CDKN1B+STAT3,CDKN1B,STAT3,"both genes observed, pair held out",GEARS,top_DE_Pearson,0.6196964377248618,3
CDKN1B+STAT3,CDKN1B,STAT3,"both genes observed, pair held out",CPA,top_DE_Pearson,0.5423453655273383,3
CDKN1B+STAT3,CDKN1B,STAT3,"both genes observed, pair held out",AttentionPert,top_DE_Pearson,0.5369944906347418,3
CDKN1B+STAT3,CDKN1B,STAT3,"both genes observed, pair held out",mean,top_DE_Pearson,0.5231244931614245,3
CDKN1B+STAT3,CDKN1B,STAT3,"both genes observed, pair held out",OpPert,top_DE_Pearson,0.6561677648925304,4
CDKN1B+STAT3,CDKN1B,STAT3,"both genes observed, pair held out",additive,top_DE_Pearson,0.6613265370512086,4
CDKN1B+STAT3,CDKN1B,STAT3,"both genes observed, pair held out",linear,top_DE_Pearson,0.5727785978876484,4
CDKN1B+STAT3,CDKN1B,STAT3,"both genes observed, pair held out",GEARS,top_DE_Pearson,0.5444353175789705,4
CDKN1B+STAT3,CDKN1B,STAT3,"both genes observed, pair held out",CPA,top_DE_Pearson,0.6536164525861563,4
CDKN1B+STAT3,CDKN1B,STAT3,"both genes observed, pair held out",AttentionPert,top_DE_Pearson,0.6278480098487611,4
CDKN1B+STAT3,CDKN1B,STAT3,"both genes observed, pair held out",mean,top_DE_Pearson,0.5036123718217854,4
CEBPA+FOXA1,CEBPA,FOXA1,exactly one gene observed,OpPert,top_DE_Pearson,0.5523648014608828,0
CEBPA+FOXA1,CEBPA,FOXA1,exactly one gene observed,additive,top_DE_Pearson,0.42971301011073243,0
CEBPA+FOXA1,CEBPA,FOXA1,exactly one gene observed,linear,top_DE_Pearson,0.39255520778506287,0
CEBPA+FOXA1,CEBPA,FOXA1,exactly one gene observed,GEARS,top_DE_Pearson,0.48418459099050537,0
CEBPA+FOXA1,CEBPA,FOXA1,exactly one gene observed,CPA,top_DE_Pearson,0.5601827674726094,0
CEBPA+FOXA1,CEBPA,FOXA1,exactly one gene observed,AttentionPert,top_DE_Pearson,0.5042402862276308,0
CEBPA+FOXA1,CEBPA,FOXA1,exactly one gene observed,mean,top_DE_Pearson,0.27923632032930074,0
CEBPA+FOXA1,CEBPA,FOXA1,exactly one gene observed,OpPert,top_DE_Pearson,0.46664963530010395,1
CEBPA+FOXA1,CEBPA,FOXA1,exactly one gene observed,additive,top_DE_Pearson,0.5398865635248963,1
CEBPA+FOXA1,CEBPA,FOXA1,exactly one gene observed,linear,top_DE_Pearson,0.4645808593846922,1
CEBPA+FOXA1,CEBPA,FOXA1,exactly one gene observed,GEARS,top_DE_Pearson,0.461155387657903,1
CEBPA+FOXA1,CEBPA,FOXA1,exactly one gene observed,CPA,top_DE_Pearson,0.4635604941061798,1
CEBPA+FOXA1,CEBPA,FOXA1,exactly one gene observed,AttentionPert,top_DE_Pearson,0.40136153474096004,1
CEBPA+FOXA1,CEBPA,FOXA1,exactly one gene observed,mean,top_DE_Pearson,0.4453857089706972,1
CEBPA+FOXA1,CEBPA,FOXA1,exactly one gene observed,OpPert,top_DE_Pearson,0.5364168237448382,2
CEBPA+FOXA1,CEBPA,FOXA1,exactly one gene observed,additive,top_DE_Pearson,0.5220440916643053,2
CEBPA+FOXA1,CEBPA,FOXA1,exactly one gene observed,linear,top_DE_Pearson,0.47309910286683887,2
CEBPA+FOXA1,CEBPA,FOXA1,exactly one gene observed,GEARS,top_DE_Pearson,0.5857719184741064,2
CEBPA+FOXA1,CEBPA,FOXA1,exactly one gene observed,CPA,top_DE_Pearson,0.4954016699425851,2
CEBPA+FOXA1,CEBPA,FOXA1,exactly one gene observed,AttentionPert,top_DE_Pearson,0.5411939597721446,2
CEBPA+FOXA1,CEBPA,FOXA1,exactly one gene observed,mean,top_DE_Pearson,0.4031455827653002,2
CEBPA+FOXA1,CEBPA,FOXA1,exactly one gene observed,OpPert,top_DE_Pearson,0.5973974639751183,3
CEBPA+FOXA1,CEBPA,FOXA1,exactly one gene observed,additive,top_DE_Pearson,0.46087606863096264,3
CEBPA+FOXA1,CEBPA,FOXA1,exactly one gene observed,linear,top_DE_Pearson,0.4560289570330649,3
CEBPA+FOXA1,CEBPA,FOXA1,exactly one gene observed,GEARS,top_DE_Pearson,0.6149260814943716,3
CEBPA+FOXA1,CEBPA,FOXA1,exactly one gene observed,CPA,top_DE_Pearson,0.4255837808942459,3
CEBPA+FOXA1,CEBPA,FOXA1,exactly one gene observed,AttentionPert,top_DE_Pearson,0.4902584585405896,3
CEBPA+FOXA1,CEBPA,FOXA1,exactly one gene observed,mean,top_DE_Pearson,0.36089315251245574,3
CEBPA+FOXA1,CEBPA,FOXA1,exactly one gene observed,OpPert,top_DE_Pearson,0.5841464452006113,4
CEBPA+FOXA1,CEBPA,FOXA1,exactly one gene observed,additive,top_DE_Pearson,0.41423164124632994,4
CEBPA+FOXA1,CEBPA,FOXA1,exactly one gene observed,linear,top_DE_Pearson,0.48888477833537525,4
CEBPA+FOXA1,CEBPA,FOXA1,exactly one gene observed,GEARS,top_DE_Pearson,0.489869444887822,4
CEBPA+FOXA1,CEBPA,FOXA1,exactly one gene observed,CPA,top_DE_Pearson,0.385082848953726,4
CEBPA+FOXA1,CEBPA,FOXA1,exactly one gene observed,AttentionPert,top_DE_Pearson,0.4905731371754108,4
CEBPA+FOXA1,CEBPA,FOXA1,exactly one gene observed,mean,top_DE_Pearson,0.2939660800181909,4
STAT3+SPI1,STAT3,SPI1,exactly one gene observed,OpPert,top_DE_Pearson,0.5916018825262747,0
STAT3+SPI1,STAT3,SPI1,exactly one gene observed,additive,top_DE_Pearson,0.47403024242118164,0
STAT3+SPI1,STAT3,SPI1,exactly one gene observed,linear,top_DE_Pearson,0.35404465874356333,0
STAT3+SPI1,STAT3,SPI1,exactly one gene observed,GEARS,top_DE_Pearson,0.41833898432555183,0
STAT3+SPI1,STAT3,SPI1,exactly one gene observed,CPA,top_DE_Pearson,0.5984112862088202,0
STAT3+SPI1,STAT3,SPI1,exactly one gene observed,AttentionPert,top_DE_Pearson,0.42716747439537783,0
STAT3+SPI1,STAT3,SPI1,exactly one gene observed,mean,top_DE_Pearson,0.39665046186820135,0
STAT3+SPI1,STAT3,SPI1,exactly one gene observed,OpPert,top_DE_Pearson,0.5187837427000493,1
STAT3+SPI1,STAT3,SPI1,exactly one gene observed,additive,top_DE_Pearson,0.4447803643560539,1
STAT3+SPI1,STAT3,SPI1,exactly one gene observed,linear,top_DE_Pearson,0.43200474786358434,1
STAT3+SPI1,STAT3,SPI1,exactly one gene observed,GEARS,top_DE_Pearson,0.5336924692771787,1
STAT3+SPI1,STAT3,SPI1,exactly one gene observed,CPA,top_DE_Pearson,0.4882064470390019,1
STAT3+SPI1,STAT3,SPI1,exactly one gene observed,AttentionPert,top_DE_Pearson,0.46310261358134597,1
STAT3+SPI1,STAT3,SPI1,exactly one gene observed,mean,top_DE_Pearson,0.29698967281915734,1
STAT3+SPI1,STAT3,SPI1,exactly one gene observed,OpPert,top_DE_Pearson,0.5760664518495507,2
STAT3+SPI1,STAT3,SPI1,exactly one gene observed,additive,top_DE_Pearson,0.3672368720574446,2
STAT3+SPI1,STAT3,SPI1,exactly one gene observed,linear,top_DE_Pearson,0.49564886252725027,2
STAT3+SPI1,STAT3,SPI1,exactly one gene observed,GEARS,top_DE_Pearson,0.657589094542214,2
STAT3+SPI1,STAT3,SPI1,exactly one gene observed,CPA,top_DE_Pearson,0.5610102030757207,2
STAT3+SPI1,STAT3,SPI1,exactly one gene observed,AttentionPert,top_DE_Pearson,0.5331008732136497,2
STAT3+SPI1,STAT3,SPI1,exactly one gene observed,mean,top_DE_Pearson,0.3548635621355311,2
STAT3+SPI1,STAT3,SPI1,exactly one gene observed,OpPert,top_DE_Pearson,0.44367484237978855,3
STAT3+SPI1,STAT3,SPI1,exactly one gene observed,additive,top_DE_Pearson,0.36066281624598895,3
STAT3+SPI1,STAT3,SPI1,exactly one gene observed,linear,top_DE_Pearson,0.5469675713661628,3
STAT3+SPI1,STAT3,SPI1,exactly one gene observed,GEARS,top_DE_Pearson,0.4526146351925132,3
STAT3+SPI1,STAT3,SPI1,exactly one gene observed,CPA,top_DE_Pearson,0.4380448741101572,3
STAT3+SPI1,STAT3,SPI1,exactly one gene observed,AttentionPert,top_DE_Pearson,0.4800609714589587,3
STAT3+SPI1,STAT3,SPI1,exactly one gene observed,mean,top_DE_Pearson,0.2962772244692067,3
STAT3+SPI1,STAT3,SPI1,exactly one gene observed,OpPert,top_DE_Pearson,0.48639387592690186,4
STAT3+SPI1,STAT3,SPI1,exactly one gene observed,additive,top_DE_Pearson,0.4369715556331147,4
STAT3+SPI1,STAT3,SPI1,exactly one gene observed,linear,top_DE_Pearson,0.4165082327196778,4
STAT3+SPI1,STAT3,SPI1,exactly one gene observed,GEARS,top_DE_Pearson,0.4555388852132663,4
STAT3+SPI1,STAT3,SPI1,exactly one gene observed,CPA,top_DE_Pearson,0.4331285384311796,4
STAT3+SPI1,STAT3,SPI1,exactly one gene observed,AttentionPert,top_DE_Pearson,0.5213416128300681,4
STAT3+SPI1,STAT3,SPI1,exactly one gene observed,mean,top_DE_Pearson,0.3460724585702786,4
FOXA1+CDKN1A,FOXA1,CDKN1A,exactly one gene observed,OpPert,top_DE_Pearson,0.5514776235060237,0
FOXA1+CDKN1A,FOXA1,CDKN1A,exactly one gene observed,additive,top_DE_Pearson,0.42330477389256965,0
FOXA1+CDKN1A,FOXA1,CDKN1A,exactly one gene observed,linear,top_DE_Pearson,0.4982270213342102,0
FOXA1+CDKN1A,FOXA1,CDKN1A,exactly one gene observed,GEARS,top_DE_Pearson,0.5400918706134579,0
FOXA1+CDKN1A,FOXA1,CDKN1A,exactly one gene observed,CPA,top_DE_Pearson,0.4711755900294837,0
FOXA1+CDKN1A,FOXA1,CDKN1A,exactly one gene observed,AttentionPert,top_DE_Pearson,0.4948364665372313,0
FOXA1+CDKN1A,FOXA1,CDKN1A,exactly one gene observed,mean,top_DE_Pearson,0.31309258621600033,0
FOXA1+CDKN1A,FOXA1,CDKN1A,exactly one gene observed,OpPert,top_DE_Pearson,0.5083590174101286,1
FOXA1+CDKN1A,FOXA1,CDKN1A,exactly one gene observed,additive,top_DE_Pearson,0.48614885011800846,1
FOXA1+CDKN1A,FOXA1,CDKN1A,exactly one gene observed,linear,top_DE_Pearson,0.49669652375267725,1
FOXA1+CDKN1A,FOXA1,CDKN1A,exactly one gene observed,GEARS,top_DE_Pearson,0.5273179063049945,1
FOXA1+CDKN1A,FOXA1,CDKN1A,exactly one gene observed,CPA,top_DE_Pearson,0.4968512609235313,1
FOXA1+CDKN1A,FOXA1,CDKN1A,exactly one gene observed,AttentionPert,top_DE_Pearson,0.4927721965488972,1
FOXA1+CDKN1A,FOXA1,CDKN1A,exactly one gene observed,mean,top_DE_Pearson,0.4017847134493661,1
FOXA1+CDKN1A,FOXA1,CDKN1A,exactly one gene observed,OpPert,top_DE_Pearson,0.616106525661367,2
FOXA1+CDKN1A,FOXA1,CDKN1A,exactly one gene observed,additive,top_DE_Pearson,0.4946736803114389,2
FOXA1+CDKN1A,FOXA1,CDKN1A,exactly one gene observed,linear,top_DE_Pearson,0.46395332504324077,2
FOXA1+CDKN1A,FOXA1,CDKN1A,exactly one gene observed,GEARS,top_DE_Pearson,0.5832195637945303,2
FOXA1+CDKN1A,FOXA1,CDKN1A,exactly one gene observed,CPA,top_DE_Pearson,0.49370764090393926,2
FOXA1+CDKN1A,FOXA1,CDKN1A,exactly one gene observed,AttentionPert,top_DE_Pearson,0.5279425715539479,2
FOXA1+CDKN1A,FOXA1,CDKN1A,exactly one gene observed,mean,top_DE_Pearson,0.37692527345009275,2
FOXA1+CDKN1A,FOXA1,CDKN1A,exactly one gene observed,OpPert,top_DE_Pearson,0.5748204024490505,3
FOXA1+CDKN1A,FOXA1,CDKN1A,exactly one gene observed,additive,top_DE_Pearson,0.3958548805849808,3
FOXA1+CDKN1A,FOXA1,CDKN1A,exactly one gene observed,linear,top_DE_Pearson,0.5120810503006895,3
FOXA1+CDKN1A,FOXA1,CDKN1A,exactly one gene observed,GEARS,top_DE_Pearson,0.6707176636944583,3
FOXA1+CDKN1A,FOXA1,CDKN1A,exactly one gene observed,CPA,top_DE_Pearson,0.457512295512595,3
FOXA1+CDKN1A,FOXA1,CDKN1A,exactly one gene observed,AttentionPert,top_DE_Pearson,0.4942596829254969,3
FOXA1+CDKN1A,FOXA1,CDKN1A,exactly one gene observed,mean,top_DE_Pearson,0.33322768413916426,3
FOXA1+CDKN1A,FOXA1,CDKN1A,exactly one gene observed,OpPert,top_DE_Pearson,0.530718805906284,4
FOXA1+CDKN1A,FOXA1,CDKN1A,exactly one gene observed,additive,top_DE_Pearson,0.5326669686871204,4
FOXA1+CDKN1A,FOXA1,CDKN1A,exactly one gene observed,linear,top_DE_Pearson,0.4296217389363521,4
FOXA1+CDKN1A,FOXA1,CDKN1A,exactly one gene observed,GEARS,top_DE_Pearson,0.4715551715980183,4
FOXA1+CDKN1A,FOXA1,CDKN1A,exactly one gene observed,CPA,top_DE_Pearson,0.3847504305761219,4
FOXA1+CDKN1A,FOXA1,CDKN1A,exactly one gene observed,AttentionPert,top_DE_Pearson,0.44454329652746516,4
FOXA1+CDKN1A,FOXA1,CDKN1A,exactly one gene observed,mean,top_DE_Pearson,0.25749600642279913,4
JUN+FOS,JUN,FOS,exactly one gene observed,OpPert,top_DE_Pearson,0.4599945240205858,0
JUN+FOS,JUN,FOS,exactly one gene observed,additive,top_DE_Pearson,0.493999979865784,0
JUN+FOS,JUN,FOS,exactly one gene observed,linear,top_DE_Pearson,0.4263845024641906,0
JUN+FOS,JUN,FOS,exactly one gene observed,GEARS,top_DE_Pearson,0.5779608158332125,0
JUN+FOS,JUN,FOS,exactly one gene observed,CPA,top_DE_Pearson,0.4630782571326033,0
JUN+FOS,JUN,FOS,exactly one gene observed,AttentionPert,top_DE_Pearson,0.45209105865503313,0
JUN+FOS,JUN,FOS,exactly one gene observed,mean,top_DE_Pearson,0.3493225466552588,0
JUN+FOS,JUN,FOS,exactly one gene observed,OpPert,top_DE_Pearson,0.6054666056561713,1
JUN+FOS,JUN,FOS,exactly one gene observed,additive,top_DE_Pearson,0.4263547621546606,1
JUN+FOS,JUN,FOS,exactly one gene observed,linear,top_DE_Pearson,0.4401965178323777,1
JUN+FOS,JUN,FOS,exactly one gene observed,GEARS,top_DE_Pearson,0.4880701038212677,1
JUN+FOS,JUN,FOS,exactly one gene observed,CPA,top_DE_Pearson,0.4036886889299469,1
JUN+FOS,JUN,FOS,exactly one gene observed,AttentionPert,top_DE_Pearson,0.5138218961376388,1
JUN+FOS,JUN,FOS,exactly one gene observed,mean,top_DE_Pearson,0.2527964043693054,1
JUN+FOS,JUN,FOS,exactly one gene observed,OpPert,top_DE_Pearson,0.5333527127380692,2
JUN+FOS,JUN,FOS,exactly one gene observed,additive,top_DE_Pearson,0.4855631125298446,2
JUN+FOS,JUN,FOS,exactly one gene observed,linear,top_DE_Pearson,0.48818289697596295,2
JUN+FOS,JUN,FOS,exactly one gene observed,GEARS,top_DE_Pearson,0.5354192343791834,2
JUN+FOS,JUN,FOS,exactly one gene observed,CPA,top_DE_Pearson,0.47609725963687144,2
JUN+FOS,JUN,FOS,exactly one gene observed,AttentionPert,top_DE_Pearson,0.560184770859131,2
JUN+FOS,JUN,FOS,exactly one gene observed,mean,top_DE_Pearson,0.4154819518061875,2
JUN+FOS,JUN,FOS,exactly one gene observed,OpPert,top_DE_Pearson,0.5867684602548605,3
JUN+FOS,JUN,FOS,exactly one gene observed,additive,top_DE_Pearson,0.4956527466388126,3
JUN+FOS,JUN,FOS,exactly one gene observed,linear,top_DE_Pearson,0.5150254132642146,3
JUN+FOS,JUN,FOS,exactly one gene observed,GEARS,top_DE_Pearson,0.4736321891991866,3
JUN+FOS,JUN,FOS,exactly one gene observed,CPA,top_DE_Pearson,0.39936606529852,3
JUN+FOS,JUN,FOS,exactly one gene observed,AttentionPert,top_DE_Pearson,0.5152217275505574,3
JUN+FOS,JUN,FOS,exactly one gene observed,mean,top_DE_Pearson,0.3927653538498857,3
JUN+FOS,JUN,FOS,exactly one gene observed,OpPert,top_DE_Pearson,0.625428319468314,4
JUN+FOS,JUN,FOS,exactly one gene observed,additive,top_DE_Pearson,0.3838207234972824,4
JUN+FOS,JUN,FOS,exactly one gene observed,linear,top_DE_Pearson,0.4156141364433702,4
JUN+FOS,JUN,FOS,exactly one gene observed,GEARS,top_DE_Pearson,0.5275940159784662,4
JUN+FOS,JUN,FOS,exactly one gene observed,CPA,top_DE_Pearson,0.4757299806688148,4
JUN+FOS,JUN,FOS,exactly one gene observed,AttentionPert,top_DE_Pearson,0.37685430336573233,4
JUN+FOS,JUN,FOS,exactly one gene observed,mean,top_DE_Pearson,0.38250648982525143,4
CEBPE+FOS,CEBPE,FOS,neither gene observed,OpPert,top_DE_Pearson,0.5411008823716065,0
CEBPE+FOS,CEBPE,FOS,neither gene observed,additive,top_DE_Pearson,0.44949274106842696,0
CEBPE+FOS,CEBPE,FOS,neither gene observed,linear,top_DE_Pearson,0.2970606178916823,0
CEBPE+FOS,CEBPE,FOS,neither gene observed,GEARS,top_DE_Pearson,0.3802365077552384,0
CEBPE+FOS,CEBPE,FOS,neither gene observed,CPA,top_DE_Pearson,0.38255735138472236,0
CEBPE+FOS,CEBPE,FOS,neither gene observed,AttentionPert,top_DE_Pearson,0.4968736156548941,0
CEBPE+FOS,CEBPE,FOS,neither gene observed,mean,top_DE_Pearson,0.23042786313053593,0
CEBPE+FOS,CEBPE,FOS,neither gene observed,OpPert,top_DE_Pearson,0.43138695861800336,1
CEBPE+FOS,CEBPE,FOS,neither gene observed,additive,top_DE_Pearson,0.43292353350777174,1
CEBPE+FOS,CEBPE,FOS,neither gene observed,linear,top_DE_Pearson,0.3475126508369045,1
CEBPE+FOS,CEBPE,FOS,neither gene observed,GEARS,top_DE_Pearson,0.4433321025379875,1
CEBPE+FOS,CEBPE,FOS,neither gene observed,CPA,top_DE_Pearson,0.29137142209325434,1
CEBPE+FOS,CEBPE,FOS,neither gene observed,AttentionPert,top_DE_Pearson,0.3797260353544604,1
CEBPE+FOS,CEBPE,FOS,neither gene observed,mean,top_DE_Pearson,0.16042418970041572,1
CEBPE+FOS,CEBPE,FOS,neither gene observed,OpPert,top_DE_Pearson,0.39667397314265773,2
CEBPE+FOS,CEBPE,FOS,neither gene observed,additive,top_DE_Pearson,0.39035208130913585,2
CEBPE+FOS,CEBPE,FOS,neither gene observed,linear,top_DE_Pearson,0.36700567653479726,2
CEBPE+FOS,CEBPE,FOS,neither gene observed,GEARS,top_DE_Pearson,0.38085365556682155,2
CEBPE+FOS,CEBPE,FOS,neither gene observed,CPA,top_DE_Pearson,0.33507502256114496,2
CEBPE+FOS,CEBPE,FOS,neither gene observed,AttentionPert,top_DE_Pearson,0.37676063560552303,2
CEBPE+FOS,CEBPE,FOS,neither gene observed,mean,top_DE_Pearson,0.2780667900260416,2
CEBPE+FOS,CEBPE,FOS,neither gene observed,OpPert,top_DE_Pearson,0.5189749723877057,3
CEBPE+FOS,CEBPE,FOS,neither gene observed,additive,top_DE_Pearson,0.18249119895419189,3
CEBPE+FOS,CEBPE,FOS,neither gene observed,linear,top_DE_Pearson,0.3200943295442314,3
CEBPE+FOS,CEBPE,FOS,neither gene observed,GEARS,top_DE_Pearson,0.4095457745313404,3
CEBPE+FOS,CEBPE,FOS,neither gene observed,CPA,top_DE_Pearson,0.37406821304226284,3
CEBPE+FOS,CEBPE,FOS,neither gene observed,AttentionPert,top_DE_Pearson,0.41420257455160353,3
CEBPE+FOS,CEBPE,FOS,neither gene observed,mean,top_DE_Pearson,0.2760524171675932,3
CEBPE+FOS,CEBPE,FOS,neither gene observed,OpPert,top_DE_Pearson,0.44170792822039556,4
CEBPE+FOS,CEBPE,FOS,neither gene observed,additive,top_DE_Pearson,0.3083888082407694,4
CEBPE+FOS,CEBPE,FOS,neither gene observed,linear,top_DE_Pearson,0.35526991061586993,4
CEBPE+FOS,CEBPE,FOS,neither gene observed,GEARS,top_DE_Pearson,0.4689245409893646,4
CEBPE+FOS,CEBPE,FOS,neither gene observed,CPA,top_DE_Pearson,0.33607952402565716,4
CEBPE+FOS,CEBPE,FOS,neither gene observed,AttentionPert,top_DE_Pearson,0.3862315966113627,4
CEBPE+FOS,CEBPE,FOS,neither gene observed,mean,top_DE_Pearson,0.2710005328399053,4
FOXA1+KLF1,FOXA1,KLF1,exactly one gene observed,OpPert,top_DE_Pearson,0.6339187641959014,0
FOXA1+KLF1,FOXA1,KLF1,exactly one gene observed,additive,top_DE_Pearson,0.4361747441005611,0
FOXA1+KLF1,FOXA1,KLF1,exactly one gene observed,linear,top_DE_Pearson,0.4573568612553942,0
FOXA1+KLF1,FOXA1,KLF1,exactly one gene observed,GEARS,top_DE_Pearson,0.48025677967710706,0
FOXA1+KLF1,FOXA1,KLF1,exactly one gene observed,CPA,top_DE_Pearson,0.46465061194544505,0
FOXA1+KLF1,FOXA1,KLF1,exactly one gene observed,AttentionPert,top_DE_Pearson,0.54125439163461,0
FOXA1+KLF1,FOXA1,KLF1,exactly one gene observed,mean,top_DE_Pearson,0.37386059863533083,0
FOXA1+KLF1,FOXA1,KLF1,exactly one gene observed,OpPert,top_DE_Pearson,0.5741173825501922,1
FOXA1+KLF1,FOXA1,KLF1,exactly one gene observed,additive,top_DE_Pearson,0.3724865893772099,1
FOXA1+KLF1,FOXA1,KLF1,exactly one gene observed,linear,top_DE_Pearson,0.4119505953574859,1
FOXA1+KLF1,FOXA1,KLF1,exactly one gene observed,GEARS,top_DE_Pearson,0.6286068094866188,1
FOXA1+KLF1,FOXA1,KLF1,exactly one gene observed,CPA,top_DE_Pearson,0.4693304564826786,1
FOXA1+KLF1,FOXA1,KLF1,exactly one gene observed,AttentionPert,top_DE_Pearson,0.44351368026529836,1
FOXA1+KLF1,FOXA1,KLF1,exactly one gene observed,mean,top_DE_Pearson,0.44586594993535783,1
FOXA1+KLF1,FOXA1,KLF1,exactly one gene observed,OpPert,top_DE_Pearson,0.5769085129210132,2
FOXA1+KLF1,FOXA1,KLF1,exactly one gene observed,additive,top_DE_Pearson,0.4746892950118713,2
FOXA1+KLF1,FOXA1,KLF1,exactly one gene observed,linear,top_DE_Pearson,0.461717175483108,2
FOXA1+KLF1,FOXA1,KLF1,exactly one gene observed,GEARS,top_DE_Pearson,0.48087961456539174,2
FOXA1+KLF1,FOXA1,KLF1,exactly one gene observed,CPA,top_DE_Pearson,0.46982481765016254,2
FOXA1+KLF1,FOXA1,KLF1,exactly one gene observed,AttentionPert,top_DE_Pearson,0.40703570978208237,2
FOXA1+KLF1,FOXA1,KLF1,exactly one gene observed,mean,top_DE_Pearson,0.3547243554348061,2
FOXA1+KLF1,FOXA1,KLF1,exactly one gene observed,OpPert,top_DE_Pearson,0.5777619846225571,3
FOXA1+KLF1,FOXA1,KLF1,exactly one gene observed,additive,top_DE_Pearson,0.5510277940306252,3
FOXA1+KLF1,FOXA1,KLF1,exactly one gene observed,linear,top_DE_Pearson,0.4751599439003129,3
FOXA1+KLF1,FOXA1,KLF1,exactly one gene observed,GEARS,top_DE_Pearson,0.3599493774673817,3
FOXA1+KLF1,FOXA1,KLF1,exactly one gene observed,CPA,top_DE_Pearson,0.4743608740329227,3
FOXA1+KLF1,FOXA1,KLF1,exactly one gene observed,AttentionPert,top_DE_Pearson,0.6543702479864983,3
FOXA1+KLF1,FOXA1,KLF1,exactly one gene observed,mean,top_DE_Pearson,0.41198197409910237,3
FOXA1+KLF1,FOXA1,KLF1,exactly one gene observed,OpPert,top_DE_Pearson,0.5113466633714847,4
FOXA1+KLF1,FOXA1,KLF1,exactly one gene observed,additive,top_DE_Pearson,0.4754663908658334,4
FOXA1+KLF1,FOXA1,KLF1,exactly one gene observed,linear,top_DE_Pearson,0.42547919450661553,4
FOXA1+KLF1,FOXA1,KLF1,exactly one gene observed,GEARS,top_DE_Pearson,0.41877154882718853,4
FOXA1+KLF1,FOXA1,KLF1,exactly one gene observed,CPA,top_DE_Pearson,0.4590978382059557,4
FOXA1+KLF1,FOXA1,KLF1,exactly one gene observed,AttentionPert,top_DE_Pearson,0.49549158635433166,4
FOXA1+KLF1,FOXA1,KLF1,exactly one gene observed,mean,top_DE_Pearson,0.24767066985399624,4
ELK1+JUN,ELK1,JUN,"both genes observed, pair held out",OpPert,top_DE_Pearson,0.6355096094406627,0
ELK1+JUN,ELK1,JUN,"both genes observed, pair held out",additive,top_DE_Pearson,0.5636886762687655,0
ELK1+JUN,ELK1,JUN,"both genes observed, pair held out",linear,top_DE_Pearson,0.49711990036148623,0
ELK1+JUN,ELK1,JUN,"both genes observed, pair held out",GEARS,top_DE_Pearson,0.642846824913198,0
ELK1+JUN,ELK1,JUN,"both genes observed, pair held out",CPA,top_DE_Pearson,0.5089744541763883,0
ELK1+JUN,ELK1,JUN,"both genes observed, pair held out",AttentionPert,top_DE_Pearson,0.6885640581162578,0
ELK1+JUN,ELK1,JUN,"both genes observed, pair held out",mean,top_DE_Pearson,0.35705450293730095,0
ELK1+JUN,ELK1,JUN,"both genes observed, pair held out",OpPert,top_DE_Pearson,0.5944467437769951,1
ELK1+JUN,ELK1,JUN,"both genes observed, pair held out",additive,top_DE_Pearson,0.5650422481819097,1
ELK1+JUN,ELK1,JUN,"both genes observed, pair held out",linear,top_DE_Pearson,0.6698539950898582,1
ELK1+JUN,ELK1,JUN,"both genes observed, pair held out",GEARS,top_DE_Pearson,0.6189025821669702,1
ELK1+JUN,ELK1,JUN,"both genes observed, pair held out",CPA,top_DE_Pearson,0.6137714752109434,1
ELK1+JUN,ELK1,JUN,"both genes observed, pair held out",AttentionPert,top_DE_Pearson,0.5910522141003834,1
ELK1+JUN,ELK1,JUN,"both genes observed, pair held out",mean,top_DE_Pearson,0.39841609275308837,1
ELK1+JUN,ELK1,JUN,"both genes observed, pair held out",OpPert,top_DE_Pearson,0.6305916991056372,2
ELK1+JUN,ELK1,JUN,"both genes observed, pair held out",additive,top_DE_Pearson,0.46728541680112345,2
ELK1+JUN,ELK1,JUN,"both genes observed, pair held out",linear,top_DE_Pearson,0.49327740193338765,2
ELK1+JUN,ELK1,JUN,"both genes observed, pair held out",GEARS,top_DE_Pearson,0.6241049351591847,2
ELK1+JUN,ELK1,JUN,"both genes observed, pair held out",CPA,top_DE_Pearson,0.5126093210747222,2
ELK1+JUN,ELK1,JUN,"both genes observed, pair held out",AttentionPert,top_DE_Pearson,0.6091732404034016,2
ELK1+JUN,ELK1,JUN,"both genes observed, pair held out",mean,top_DE_Pearson,0.38189063486673414,2
ELK1+JUN,ELK1,JUN,"both genes observed, pair held out",OpPert,top_DE_Pearson,0.6777829812070052,3
ELK1+JUN,ELK1,JUN,"both genes observed, pair held out",additive,top_DE_Pearson,0.5106790458622222,3
ELK1+JUN,ELK1,JUN,"both genes observed, pair held out",linear,top_DE_Pearson,0.6543969320190386,3
ELK1+JUN,ELK1,JUN,"both genes observed, pair held out",GEARS,top_DE_Pearson,0.6194231337347439,3
ELK1+JUN,ELK1,JUN,"both genes observed, pair held out",CPA,top_DE_Pearson,0.6541469735796485,3
ELK1+JUN,ELK1,JUN,"both genes observed, pair held out",AttentionPert,top_DE_Pearson,0.5446611970144885,3
ELK1+JUN,ELK1,JUN,"both genes observed, pair held out",mean,top_DE_Pearson,0.46336860041465,3
ELK1+JUN,ELK1,JUN,"both genes observed, pair held out",OpPert,top_DE_Pearson,0.6011347705130232,4
ELK1+JUN,ELK1,JUN,"both genes observed, pair held out",additive,top_DE_Pearson,0.515183685435335,4
ELK1+JUN,ELK1,JUN,"both genes observed, pair held out",linear,top_DE_Pearson,0.5542737466353223,4
ELK1+JUN,ELK1,JUN,"both genes observed, pair held out",GEARS,top_DE_Pearson,0.5564485067587717,4
ELK1+JUN,ELK1,JUN,"both genes observed, pair held out",CPA,top_DE_Pearson,0.5070698284692583,4
ELK1+JUN,ELK1,JUN,"both genes observed, pair held out",AttentionPert,top_DE_Pearson,0.5051889605808408,4
ELK1+JUN,ELK1,JUN,"both genes observed, pair held out",mean,top_DE_Pearson,0.31961511305755613,4
CEBPA+CDKN1A,CEBPA,CDKN1A,exactly one gene observed,OpPert,top_DE_Pearson,0.47791262922480177,0
CEBPA+CDKN1A,CEBPA,CDKN1A,exactly one gene observed,additive,top_DE_Pearson,0.5474539142739749,0
CEBPA+CDKN1A,CEBPA,CDKN1A,exactly one gene observed,linear,top_DE_Pearson,0.4318102370091047,0
CEBPA+CDKN1A,CEBPA,CDKN1A,exactly one gene observed,GEARS,top_DE_Pearson,0.5192627605498902,0
CEBPA+CDKN1A,CEBPA,CDKN1A,exactly one gene observed,CPA,top_DE_Pearson,0.5185390287900297,0
CEBPA+CDKN1A,CEBPA,CDKN1A,exactly one gene observed,AttentionPert,top_DE_Pearson,0.5297515677868768,0
CEBPA+CDKN1A,CEBPA,CDKN1A,exactly one gene observed,mean,top_DE_Pearson,0.26866114616351644,0
CEBPA+CDKN1A,CEBPA,CDKN1A,exactly one gene observed,OpPert,top_DE_Pearson,0.5461364192060306,1
CEBPA+CDKN1A,CEBPA,CDKN1A,exactly one gene observed,additive,top_DE_Pearson,0.3429063638288965,1
CEBPA+CDKN1A,CEBPA,CDKN1A,exactly one gene observed,linear,top_DE_Pearson,0.6167790715346193,1
CEBPA+CDKN1A,CEBPA,CDKN1A,exactly one gene observed,GEARS,top_DE_Pearson,0.404307484159064,1
CEBPA+CDKN1A,CEBPA,CDKN1A,exactly one gene observed,CPA,top_DE_Pearson,0.41712958686781076,1
CEBPA+CDKN1A,CEBPA,CDKN1A,exactly one gene observed,AttentionPert,top_DE_Pearson,0.4275639487095097,1
CEBPA+CDKN1A,CEBPA,CDKN1A,exactly one gene observed,mean,top_DE_Pearson,0.27020037139662717,1
CEBPA+CDKN1A,CEBPA,CDKN1A,exactly one gene observed,OpPert,top_DE_Pearson,0.6411556345853928,2
CEBPA+CDKN1A,CEBPA,CDKN1A,exactly one gene observed,additive,top_DE_Pearson,0.5853468740650097,2
CEBPA+CDKN1A,CEBPA,CDKN1A,exactly one gene observed,linear,top_DE_Pearson,0.4414550528412429,2
CEBPA+CDKN1A,CEBPA,CDKN1A,exactly one gene observed,GEARS,top_DE_Pearson,0.4207746111893354,2
CEBPA+CDKN1A,CEBPA,CDKN1A,exactly one gene observed,CPA,top_DE_Pearson,0.34578447007643875,2
CEBPA+CDKN1A,CEBPA,CDKN1A,exactly one gene observed,AttentionPert,top_DE_Pearson,0.4753534768886739,2
CEBPA+CDKN1A,CEBPA,CDKN1A,exactly one gene observed,mean,top_DE_Pearson,0.34101807461031336,2
CEBPA+CDKN1A,CEBPA,CDKN1A,exactly one gene observed,OpPert,top_DE_Pearson,0.5209222324183914,3
CEBPA+CDKN1A,CEBPA,CDKN1A,exactly one gene observed,additive,top_DE_Pearson,0.4532825152385737,3
CEBPA+CDKN1A,CEBPA,CDKN1A,exactly one gene observed,linear,top_DE_Pearson,0.4937103885689291,3
CEBPA+CDKN1A,CEBPA,CDKN1A,exactly one gene observed,GEARS,top_DE_Pearson,0.519384995476274,3
CEBPA+CDKN1A,CEBPA,CDKN1A,exactly one gene observed,CPA,top_DE_Pearson,0.46103250768189075,3
CEBPA+CDKN1A,CEBPA,CDKN1A,exactly one gene observed,AttentionPert,top_DE_Pearson,0.4239026902255443,3
CEBPA+CDKN1A,CEBPA,CDKN1A,exactly one gene observed,mean,top_DE_Pearson,0.3999499858684029,3
CEBPA+CDKN1A,CEBPA,CDKN1A,exactly one gene observed,OpPert,top_DE_Pearson,0.5607508255652919,4
CEBPA+CDKN1A,CEBPA,CDKN1A,exactly one gene observed,additive,top_DE_Pearson,0.49330145149007903,4
CEBPA+CDKN1A,CEBPA,CDKN1A,exactly one gene observed,linear,top_DE_Pearson,0.5174045329683339,4
CEBPA+CDKN1A,CEBPA,CDKN1A,exactly one gene observed,GEARS,top_DE_Pearson,0.41469427585717306,4
CEBPA+CDKN1A,CEBPA,CDKN1A,exactly one gene observed,CPA,top_DE_Pearson,0.3939466675525438,4
CEBPA+CDKN1A,CEBPA,CDKN1A,exactly one gene observed,AttentionPert,top_DE_Pearson,0.4446675568755683,4
CEBPA+CDKN1A,CEBPA,CDKN1A,exactly one gene observed,mean,top_DE_Pearson,0.2966240755025599,4
CDKN1A+JUN,CDKN1A,JUN,"both genes observed, pair held out",OpPert,top_DE_Pearson,0.7259510396271186,0
CDKN1A+JUN,CDKN1A,JUN,"both genes observed, pair held out",additive,top_DE_Pearson,0.5637892090446551,0
CDKN1A+JUN,CDKN1A,JUN,"both genes observed, pair held out",linear,top_DE_Pearson,0.5825189749124021,0
CDKN1A+JUN,CDKN1A,JUN,"both genes observed, pair held out",GEARS,top_DE_Pearson,0.6719837868206502,0
CDKN1A+JUN,CDKN1A,JUN,"both genes observed, pair held out",CPA,top_DE_Pearson,0.6081836403841029,0
CDKN1A+JUN,CDKN1A,JUN,"both genes observed, pair held out",AttentionPert,top_DE_Pearson,0.5940860578062631,0
CDKN1A+JUN,CDKN1A,JUN,"both genes observed, pair held out",mean,top_DE_Pearson,0.5488271820358411,0
CDKN1A+JUN,CDKN1A,JUN,"both genes observed, pair held out",OpPert,top_DE_Pearson,0.6669108529891673,1
CDKN1A+JUN,CDKN1A,JUN,"both genes observed, pair held out",additive,top_DE_Pearson,0.5217395637049247,1
CDKN1A+JUN,CDKN1A,JUN,"both genes observed, pair held out",linear,top_DE_Pearson,0.519730604473341,1
CDKN1A+JUN,CDKN1A,JUN,"both genes observed, pair held out",GEARS,top_DE_Pearson,0.6421815275427246,1
CDKN1A+JUN,CDKN1A,JUN,"both genes observed, pair held out",CPA,top_DE_Pearson,0.654223032510548,1
CDKN1A+JUN,CDKN1A,JUN,"both genes observed, pair held out",AttentionPert,top_DE_Pearson,0.5869647559139942,1
CDKN1A+JUN,CDKN1A,JUN,"both genes observed, pair held out",mean,top_DE_Pearson,0.5384749374267903,1
CDKN1A+JUN,CDKN1A,JUN,"both genes observed, pair held out",OpPert,top_DE_Pearson,0.5417990980817053,2
CDKN1A+JUN,CDKN1A,JUN,"both genes observed, pair held out",additive,top_DE_Pearson,0.5366727975115252,2
CDKN1A+JUN,CDKN1A,JUN,"both genes observed, pair held out",linear,top_DE_Pearson,0.5675943052737338,2
CDKN1A+JUN,CDKN1A,JUN,"both genes observed, pair held out",GEARS,top_DE_Pearson,0.5563803376555592,2
CDKN1A+JUN,CDKN1A,JUN,"both genes observed, pair held out",CPA,top_DE_Pearson,0.7230316622789124,2
CDKN1A+JUN,CDKN1A,JUN,"both genes observed, pair held out",AttentionPert,top_DE_Pearson,0.5860284420386743,2
CDKN1A+JUN,CDKN1A,JUN,"both genes observed, pair held out",mean,top_DE_Pearson,0.435536153703734,2
CDKN1A+JUN,CDKN1A,JUN,"both genes observed, pair held out",OpPert,top_DE_Pearson,0.6615577268060102,3
CDKN1A+JUN,CDKN1A,JUN,"both genes observed, pair held out",additive,top_DE_Pearson,0.4198311756884503,3
CDKN1A+JUN,CDKN1A,JUN,"both genes observed, pair held out",linear,top_DE_Pearson,0.5244079244793051,3
CDKN1A+JUN,CDKN1A,JUN,"both genes observed, pair held out",GEARS,top_DE_Pearson,0.6589943981667242,3
CDKN1A+JUN,CDKN1A,JUN,"both genes observed, pair held out",CPA,top_DE_Pearson,0.5422632787040335,3
CDKN1A+JUN,CDKN1A,JUN,"both genes observed, pair held out",AttentionPert,top_DE_Pearson,0.5402674902319837,3
CDKN1A+JUN,CDKN1A,JUN,"both genes observed, pair held out",mean,top_DE_Pearson,0.538571538190864,3
CDKN1A+JUN,CDKN1A,JUN,"both genes observed, pair held out",OpPert,top_DE_Pearson,0.7404152640571097,4
CDKN1A+JUN,CDKN1A,JUN,"both genes observed, pair held out",additive,top_DE_Pearson,0.5710194283296686,4
CDKN1A+JUN,CDKN1A,JUN,"both genes observed, pair held out",linear,top_DE_Pearson,0.54269295995768,4
CDKN1A+JUN,CDKN1A,JUN,"both genes observed, pair held out",GEARS,top_DE_Pearson,0.5856317360930205,4
CDKN1A+JUN,CDKN1A,JUN,"both genes observed, pair held out",CPA,top_DE_Pearson,0.5317510023055024,4
CDKN1A+JUN,CDKN1A,JUN,"both genes observed, pair held out",AttentionPert,top_DE_Pearson,0.5303136128582813,4
CDKN1A+JUN,CDKN1A,JUN,"both genes observed, pair held out",mean,top_DE_Pearson,0.397335010701494,4
CEBPE+ELK1,CEBPE,ELK1,neither gene observed,OpPert,top_DE_Pearson,0.4731641601852344,0
CEBPE+ELK1,CEBPE,ELK1,neither gene observed,additive,top_DE_Pearson,0.35407573485360627,0
CEBPE+ELK1,CEBPE,ELK1,neither gene observed,linear,top_DE_Pearson,0.472047565505699,0
CEBPE+ELK1,CEBPE,ELK1,neither gene observed,GEARS,top_DE_Pearson,0.3598996978987179,0
CEBPE+ELK1,CEBPE,ELK1,neither gene observed,CPA,top_DE_Pearson,0.39776603537739624,0
CEBPE+ELK1,CEBPE,ELK1,neither gene observed,AttentionPert,top_DE_Pearson,0.4087627547564881,0
CEBPE+ELK1,CEBPE,ELK1,neither gene observed,mean,top_DE_Pearson,0.24476974633246804,0
CEBPE+ELK1,CEBPE,ELK1,neither gene observed,OpPert,top_DE_Pearson,0.5046600153249806,1
CEBPE+ELK1,CEBPE,ELK1,neither gene observed,additive,top_DE_Pearson,0.38651375121104287,1
CEBPE+ELK1,CEBPE,ELK1,neither gene observed,linear,top_DE_Pearson,0.3896446657118524,1
CEBPE+ELK1,CEBPE,ELK1,neither gene observed,GEARS,top_DE_Pearson,0.3846616176971323,1
CEBPE+ELK1,CEBPE,ELK1,neither gene observed,CPA,top_DE_Pearson,0.3585481934867279,1
CEBPE+ELK1,CEBPE,ELK1,neither gene observed,AttentionPert,top_DE_Pearson,0.30793476607217646,1
CEBPE+ELK1,CEBPE,ELK1,neither gene observed,mean,top_DE_Pearson,0.2116449332829385,1
CEBPE+ELK1,CEBPE,ELK1,neither gene observed,OpPert,top_DE_Pearson,0.42267954856589873,2
CEBPE+ELK1,CEBPE,ELK1,neither gene observed,additive,top_DE_Pearson,0.272561694254234,2
CEBPE+ELK1,CEBPE,ELK1,neither gene observed,linear,top_DE_Pearson,0.39639543800125987,2
CEBPE+ELK1,CEBPE,ELK1,neither gene observed,GEARS,top_DE_Pearson,0.47179767213922064,2
CEBPE+ELK1,CEBPE,ELK1,neither gene observed,CPA,top_DE_Pearson,0.325516254060251,2
CEBPE+ELK1,CEBPE,ELK1,neither gene observed,AttentionPert,top_DE_Pearson,0.40700648614467827,2
CEBPE+ELK1,CEBPE,ELK1,neither gene observed,mean,top_DE_Pearson,0.1979533316282174,2
CEBPE+ELK1,CEBPE,ELK1,neither gene observed,OpPert,top_DE_Pearson,0.4417046697436503,3
CEBPE+ELK1,CEBPE,ELK1,neither gene observed,additive,top_DE_Pearson,0.2985802252493335,3
CEBPE+ELK1,CEBPE,ELK1,neither gene observed,linear,top_DE_Pearson,0.40611373891638647,3
CEBPE+ELK1,CEBPE,ELK1,neither gene observed,GEARS,top_DE_Pearson,0.35927270956946933,3
CEBPE+ELK1,CEBPE,ELK1,neither gene observed,CPA,top_DE_Pearson,0.4406996248223988,3
CEBPE+ELK1,CEBPE,ELK1,neither gene observed,AttentionPert,top_DE_Pearson,0.37525675358026805,3
CEBPE+ELK1,CEBPE,ELK1,neither gene observed,mean,top_DE_Pearson,0.22102377742431017,3
CEBPE+ELK1,CEBPE,ELK1,neither gene observed,OpPert,top_DE_Pearson,0.38480168425929023,4
CEBPE+ELK1,CEBPE,ELK1,neither gene observed,additive,top_DE_Pearson,0.355192270617721,4
CEBPE+ELK1,CEBPE,ELK1,neither gene observed,linear,top_DE_Pearson,0.42371310413357083,4
CEBPE+ELK1,CEBPE,ELK1,neither gene observed,GEARS,top_DE_Pearson,0.4163992753922125,4
CEBPE+ELK1,CEBPE,ELK1,neither gene observed,CPA,top_DE_Pearson,0.5143298999848654,4
CEBPE+ELK1,CEBPE,ELK1,neither gene observed,AttentionPert,top_DE_Pearson,0.47578724714822507,4
CEBPE+ELK1,CEBPE,ELK1,neither gene observed,mean,top_DE_Pearson,0.24154833411697907,4
JUN+FOS,JUN,FOS,"both genes observed, pair held out",OpPert,top_DE_Pearson,0.6097188491744588,0
JUN+FOS,JUN,FOS,"both genes observed, pair held out",additive,top_DE_Pearson,0.6099772983919493,0
JUN+FOS,JUN,FOS,"both genes observed, pair held out",linear,top_DE_Pearson,0.591696031310615,0
JUN+FOS,JUN,FOS,"both genes observed, pair held out",GEARS,top_DE_Pearson,0.615387534651512,0
JUN+FOS,JUN,FOS,"both genes observed, pair held out",CPA,top_DE_Pearson,0.6212172200662489,0
JUN+FOS,JUN,FOS,"both genes observed, pair held out",AttentionPert,top_DE_Pearson,0.6933697930021435,0
JUN+FOS,JUN,FOS,"both genes observed, pair held out",mean,top_DE_Pearson,0.4702573211312503,0
JUN+FOS,JUN,FOS,"both genes observed, pair held out",OpPert,top_DE_Pearson,0.6532175777477168,1
JUN+FOS,JUN,FOS,"both genes observed, pair held out",additive,top_DE_Pearson,0.6305231773993547,1
JUN+FOS,JUN,FOS,"both genes observed, pair held out",linear,top_DE_Pearson,0.628053024959468,1
JUN+FOS,JUN,FOS,"both genes observed, pair held out",GEARS,top_DE_Pearson,0.5807412095769766,1
JUN+FOS,JUN,FOS,"both genes observed, pair held out",CPA,top_DE_Pearson,0.5803111869195412,1
JUN+FOS,JUN,FOS,"both genes observed, pair held out",AttentionPert,top_DE_Pearson,0.6017228549563279,1
JUN+FOS,JUN,FOS,"both genes observed, pair held out",mean,top_DE_Pearson,0.4817087766762989,1
JUN+FOS,JUN,FOS,"both genes observed, pair held out",OpPert,top_DE_Pearson,0.578604008943653,2
JUN+FOS,JUN,FOS,"both genes observed, pair held out",additive,top_DE_Pearson,0.4474509235319064,2
JUN+FOS,JUN,FOS,"both genes observed, pair held out",linear,top_DE_Pearson,0.5167565986798527,2
JUN+FOS,JUN,FOS,"both genes observed, pair held out",GEARS,top_DE_Pearson,0.5421156934193194,2
JUN+FOS,JUN,FOS,"both genes observed, pair held out",CPA,top_DE_Pearson,0.5413705591616498,2
JUN+FOS,JUN,FOS,"both genes observed, pair held out",AttentionPert,top_DE_Pearson,0.6280826385254002,2
JUN+FOS,JUN,FOS,"both genes observed, pair held out",mean,top_DE_Pearson,0.44986425062051566,2
JUN+FOS,JUN,FOS,"both genes observed, pair held out",OpPert,top_DE_Pearson,0.6717836763006112,3
JUN+FOS,JUN,FOS,"both genes observed, pair held out",additive,top_DE_Pearson,0.4665417953974643,3
JUN+FOS,JUN,FOS,"both genes observed, pair held out",linear,top_DE_Pearson,0.5423014678247432,3
JUN+FOS,JUN,FOS,"both genes observed, pair held out",GEARS,top_DE_Pearson,0.6352354597046904,3
JUN+FOS,JUN,FOS,"both genes observed, pair held out",CPA,top_DE_Pearson,0.6156971474906081,3
JUN+FOS,JUN,FOS,"both genes observed, pair held out",AttentionPert,top_DE_Pearson,0.5465255703087255,3
JUN+FOS,JUN,FOS,"both genes observed, pair held out",mean,top_DE_Pearson,0.4696997431827732,3
JUN+FOS,JUN,FOS,"both genes observed, pair held out",OpPert,top_DE_Pearson,0.7919308712089399,4
JUN+FOS,JUN,FOS,"both genes observed, pair held out",additive,top_DE_Pearson,0.5389441242446618,4
JUN+FOS,JUN,FOS,"both genes observed, pair held out",linear,top_DE_Pearson,0.5284087832314532,4
JUN+FOS,JUN,FOS,"both genes observed, pair held out",GEARS,top_DE_Pearson,0.5895742566382703,4
JUN+FOS,JUN,FOS,"both genes observed, pair held out",CPA,top_DE_Pearson,0.5855306264516099,4
JUN+FOS,JUN,FOS,"both genes observed, pair held out",AttentionPert,top_DE_Pearson,0.580929897158567,4
JUN+FOS,JUN,FOS,"both genes observed, pair held out",mean,top_DE_Pearson,0.45811871795940984,4
CEBPA+MAPK1,CEBPA,MAPK1,"both genes observed, pair held out",OpPert,top_DE_Pearson,0.6500839217986537,0
CEBPA+MAPK1,CEBPA,MAPK1,"both genes observed, pair held out",additive,top_DE_Pearson,0.5060286435084,0
CEBPA+MAPK1,CEBPA,MAPK1,"both genes observed, pair held out",linear,top_DE_Pearson,0.5593791848354137,0
CEBPA+MAPK1,CEBPA,MAPK1,"both genes observed, pair held out",GEARS,top_DE_Pearson,0.6036608913248523,0
CEBPA+MAPK1,CEBPA,MAPK1,"both genes observed, pair held out",CPA,top_DE_Pearson,0.6333648073914715,0
CEBPA+MAPK1,CEBPA,MAPK1,"both genes observed, pair held out",AttentionPert,top_DE_Pearson,0.5840472958864369,0
CEBPA+MAPK1,CEBPA,MAPK1,"both genes observed, pair held out",mean,top_DE_Pearson,0.48394619231789515,0
CEBPA+MAPK1,CEBPA,MAPK1,"both genes observed, pair held out",OpPert,top_DE_Pearson,0.6275039819139646,1
CEBPA+MAPK1,CEBPA,MAPK1,"both genes observed, pair held out",additive,top_DE_Pearson,0.5743257434159089,1
CEBPA+MAPK1,CEBPA,MAPK1,"both genes observed, pair held out",linear,top_DE_Pearson,0.5925438178567414,1
CEBPA+MAPK1,CEBPA,MAPK1,"both genes observed, pair held out",GEARS,top_DE_Pearson,0.6519490201907892,1
CEBPA+MAPK1,CEBPA,MAPK1,"both genes observed, pair held out",CPA,top_DE_Pearson,0.6228076277466692,1
CEBPA+MAPK1,CEBPA,MAPK1,"both genes observed, pair held out",AttentionPert,top_DE_Pearson,0.6253241373728687,1
CEBPA+MAPK1,CEBPA,MAPK1,"both genes observed, pair held out",mean,top_DE_Pearson,0.45409495548053314,1
CEBPA+MAPK1,CEBPA,MAPK1,"both genes observed, pair held out",OpPert,top_DE_Pearson,0.674696353622668,2
CEBPA+MAPK1,CEBPA,MAPK1,"both genes observed, pair held out",additive,top_DE_Pearson,0.6038105357070916,2
CEBPA+MAPK1,CEBPA,MAPK1,"both genes observed, pair held out",linear,top_DE_Pearson,0.5308755258358323,2
CEBPA+MAPK1,CEBPA,MAPK1,"both genes observed, pair held out",GEARS,top_DE_Pearson,0.562295533278188,2
CEBPA+MAPK1,CEBPA,MAPK1,"both genes observed, pair held out",CPA,top_DE_Pearson,0.5908858838770217,2
CEBPA+MAPK1,CEBPA,MAPK1,"both genes observed, pair held out",AttentionPert,top_DE_Pearson,0.6149167814159272,2
CEBPA+MAPK1,CEBPA,MAPK1,"both genes observed, pair held out",mean,top_DE_Pearson,0.4105536100441597,2
CEBPA+MAPK1,CEBPA,MAPK1,"both genes observed, pair held out",OpPert,top_DE_Pearson,0.6555142461952014,3
CEBPA+MAPK1,CEBPA,MAPK1,"both genes observed, pair held out",additive,top_DE_Pearson,0.5343600735462729,3
CEBPA+MAPK1,CEBPA,MAPK1,"both genes observed, pair held out",linear,top_DE_Pearson,0.43708319306379173,3
CEBPA+MAPK1,CEBPA,MAPK1,"both genes observed, pair held out",GEARS,top_DE_Pearson,0.5868243606444744,3
CEBPA+MAPK1,CEBPA,MAPK1,"both genes observed, pair held out",CPA,top_DE_Pearson,0.570560930029092,3
CEBPA+MAPK1,CEBPA,MAPK1,"both genes observed, pair held out",AttentionPert,top_DE_Pearson,0.5803824234306189,3
CEBPA+MAPK1,CEBPA,MAPK1,"both genes observed, pair held out",mean,top_DE_Pearson,0.544954856474636,3
CEBPA+MAPK1,CEBPA,MAPK1,"both genes observed, pair held out",OpPert,top_DE_Pearson,0.5870521020894675,4
CEBPA+MAPK1,CEBPA,MAPK1,"both genes observed, pair held out",additive,top_DE_Pearson,0.4905226457277233,4
CEBPA+MAPK1,CEBPA,MAPK1,"both genes observed, pair held out",linear,top_DE_Pearson,0.41326825210083995,4
CEBPA+MAPK1,CEBPA,MAPK1,"both genes observed, pair held out",GEARS,top_DE_Pearson,0.5711450000295515,4
CEBPA+MAPK1,CEBPA,MAPK1,"both genes observed, pair held out",CPA,top_DE_Pearson,0.5562613867524399,4
CEBPA+MAPK1,CEBPA,MAPK1,"both genes observed, pair held out",AttentionPert,top_DE_Pearson,0.5594013694199446,4
CEBPA+MAPK1,CEBPA,MAPK1,"both genes observed, pair held out",mean,top_DE_Pearson,0.5264606403690255,4
KLF1+FOS,KLF1,FOS,"both genes observed, pair held out",OpPert,top_DE_Pearson,0.6377632167876082,0
KLF1+FOS,KLF1,FOS,"both genes observed, pair held out",additive,top_DE_Pearson,0.6015713800864119,0
KLF1+FOS,KLF1,FOS,"both genes observed, pair held out",linear,top_DE_Pearson,0.5688145284098488,0
KLF1+FOS,KLF1,FOS,"both genes observed, pair held out",GEARS,top_DE_Pearson,0.5509037976648925,0
KLF1+FOS,KLF1,FOS,"both genes observed, pair held out",CPA,top_DE_Pearson,0.47702507935092686,0
KLF1+FOS,KLF1,FOS,"both genes observed, pair held out",AttentionPert,top_DE_Pearson,0.5635211303662591,0
KLF1+FOS,KLF1,FOS,"both genes observed, pair held out",mean,top_DE_Pearson,0.5052786170303565,0
KLF1+FOS,KLF1,FOS,"both genes observed, pair held out",OpPert,top_DE_Pearson,0.7965923213725853,1
KLF1+FOS,KLF1,FOS,"both genes observed, pair held out",additive,top_DE_Pearson,0.5436966207713686,1
KLF1+FOS,KLF1,FOS,"both genes observed, pair held out",linear,top_DE_Pearson,0.5240786690927817,1
KLF1+FOS,KLF1,FOS,"both genes observed, pair held out",GEARS,top_DE_Pearson,0.5289020875029471,1
KLF1+FOS,KLF1,FOS,"both genes observed, pair held out",CPA,top_DE_Pearson,0.6131172937783359,1
KLF1+FOS,KLF1,FOS,"both genes observed, pair held out",AttentionPert,top_DE_Pearson,0.48412303685694386,1
KLF1+FOS,KLF1,FOS,"both genes observed, pair held out",mean,top_DE_Pearson,0.49302070608429327,1
KLF1+FOS,KLF1,FOS,"both genes observed, pair held out",OpPert,top_DE_Pearson,0.7090626963757747,2
KLF1+FOS,KLF1,FOS,"both genes observed, pair held out",additive,top_DE_Pearson,0.5661767671939719,2
KLF1+FOS,KLF1,FOS,"both genes observed, pair held out",linear,top_DE_Pearson,0.5568202996836865,2
KLF1+FOS,KLF1,FOS,"both genes observed, pair held out",GEARS,top_DE_Pearson,0.6338964392128088,2
KLF1+FOS,KLF1,FOS,"both genes observed, pair held out",CPA,top_DE_Pearson,0.590256302267698,2
KLF1+FOS,KLF1,FOS,"both genes observed, pair held out",AttentionPert,top_DE_Pearson,0.5433125694883645,2
KLF1+FOS,KLF1,FOS,"both genes observed, pair held out",mean,top_DE_Pearson,0.5710247393425015,2
KLF1+FOS,KLF1,FOS,"both genes observed, pair held out",OpPert,top_DE_Pearson,0.6388992372233689,3
KLF1+FOS,KLF1,FOS,"both genes observed, pair held out",additive,top_DE_Pearson,0.5865451380269946,3
KLF1+FOS,KLF1,FOS,"both genes observed, pair held out",linear,top_DE_Pearson,0.4248831430382571,3
KLF1+FOS,KLF1,FOS,"both genes observed, pair held out",GEARS,top_DE_Pearson,0.6765882529668558,3
KLF1+FOS,KLF1,FOS,"both genes observed, pair held out",CPA,top_DE_Pearson,0.6681258246792748,3
KLF1+FOS,KLF1,FOS,"both genes observed, pair held out",AttentionPert,top_DE_Pearson,0.5917900272275982,3
KLF1+FOS,KLF1,FOS,"both genes observed, pair held out",mean,top_DE_Pearson,0.4935262620842655,3
KLF1+FOS,KLF1,FOS,"both genes observed, pair held out",OpPert,top_DE_Pearson,0.6935109108964537,4
KLF1+FOS,KLF1,FOS,"both genes observed, pair held out",additive,top_DE_Pearson,0.5014329858215566,4
KLF1+FOS,KLF1,FOS,"both genes observed, pair held out",linear,top_DE_Pearson,0.6028273383263604,4
KLF1+FOS,KLF1,FOS,"both genes observed, pair held out",GEARS,top_DE_Pearson,0.5514821718076467,4
KLF1+FOS,KLF1,FOS,"both genes observed, pair held out",CPA,top_DE_Pearson,0.5434745845812804,4
KLF1+FOS,KLF1,FOS,"both genes observed, pair held out",AttentionPert,top_DE_Pearson,0.6576165885927379,4
KLF1+FOS,KLF1,FOS,"both genes observed, pair held out",mean,top_DE_Pearson,0.5184794614420121,4
STAT3+FOS,STAT3,FOS,"both genes observed, pair held out",OpPert,top_DE_Pearson,0.7039583739879294,0
STAT3+FOS,STAT3,FOS,"both genes observed, pair held out",additive,top_DE_Pearson,0.4800009131513762,0
STAT3+FOS,STAT3,FOS,"both genes observed, pair held out",linear,top_DE_Pearson,0.591402758342157,0
STAT3+FOS,STAT3,FOS,"both genes observed, pair held out",GEARS,top_DE_Pearson,0.6448108086380576,0
STAT3+FOS,STAT3,FOS,"both genes observed, pair held out",CPA,top_DE_Pearson,0.5747052729824139,0
STAT3+FOS,STAT3,FOS,"both genes observed, pair held out",AttentionPert,top_DE_Pearson,0.6506038218118956,0
STAT3+FOS,STAT3,FOS,"both genes observed, pair held out",mean,top_DE_Pearson,0.4417413898306124,0
STAT3+FOS,STAT3,FOS,"both genes observed, pair held out",OpPert,top_DE_Pearson,0.6471686639403651,1
STAT3+FOS,STAT3,FOS,"both genes observed, pair held out",additive,top_DE_Pearson,0.48136522613208865,1
STAT3+FOS,STAT3,FOS,"both genes observed, pair held out",linear,top_DE_Pearson,0.6310306408572123,1
STAT3+FOS,STAT3,FOS,"both genes observed, pair held out",GEARS,top_DE_Pearson,0.5540087731812677,1
STAT3+FOS,STAT3,FOS,"both genes observed, pair held out",CPA,top_DE_Pearson,0.6009863090629035,1
STAT3+FOS,STAT3,FOS,"both genes observed, pair held out",AttentionPert,top_DE_Pearson,0.5857210359724438,1
STAT3+FOS,STAT3,FOS,"both genes observed, pair held out",mean,top_DE_Pearson,0.3968330162133002,1
STAT3+FOS,STAT3,FOS,"both genes observed, pair held out",OpPert,top_DE_Pearson,0.6234538113706006,2
STAT3+FOS,STAT3,FOS,"both genes observed, pair held out",additive,top_DE_Pearson,0.622972334342444,2
STAT3+FOS,STAT3,FOS,"both genes observed, pair held out",linear,top_DE_Pearson,0.5820994525580688,2
STAT3+FOS,STAT3,FOS,"both genes observed, pair held out",GEARS,top_DE_Pearson,0.5394509795179895,2
STAT3+FOS,STAT3,FOS,"both genes observed, pair held out",CPA,top_DE_Pearson,0.5983196972409215,2
STAT3+FOS,STAT3,FOS,"both genes observed, pair held out",AttentionPert,top_DE_Pearson,0.5812331581043273,2
STAT3+FOS,STAT3,FOS,"both genes observed, pair held out",mean,top_DE_Pearson,0.6672427841346509,2
STAT3+FOS,STAT3,FOS,"both genes observed, pair held out",OpPert,top_DE_Pearson,0.6771074304805362,3
STAT3+FOS,STAT3,FOS,"both genes observed, pair held out",additive,top_DE_Pearson,0.5171625091760181,3
STAT3+FOS,STAT3,FOS,"both genes observed, pair held out",linear,top_DE_Pearson,0.6552016750672263,3
STAT3+FOS,STAT3,FOS,"both genes observed, pair held out",GEARS,top_DE_Pearson,0.4895378299624292,3
STAT3+FOS,STAT3,FOS,"both genes observed, pair held out",CPA,top_DE_Pearson,0.5856592093828658,3
STAT3+FOS,STAT3,FOS,"both genes observed, pair held out",AttentionPert,top_DE_Pearson,0.7096657096808643,3
STAT3+FOS,STAT3,FOS,"both genes observed, pair held out",mean,top_DE_Pearson,0.4530280429384147,3
STAT3+FOS,STAT3,FOS,"both genes observed, pair held out",OpPert,top_DE_Pearson,0.5560019373211151,4
STAT3+FOS,STAT3,FOS,"both genes observed, pair held out",additive,top_DE_Pearson,0.5162449221353642,4
STAT3+FOS,STAT3,FOS,"both genes observed, pair held out",linear,top_DE_Pearson,0.6572710824575422,4
STAT3+FOS,STAT3,FOS,"both genes observed, pair held out",GEARS,top_DE_Pearson,0.6225641757792463,4
STAT3+FOS,STAT3,FOS,"both genes observed, pair held out",CPA,top_DE_Pearson,0.5296686334292489,4
STAT3+FOS,STAT3,FOS,"both genes observed, pair held out",AttentionPert,top_DE_Pearson,0.5488854315692585,4
STAT3+FOS,STAT3,FOS,"both genes observed, pair held out",mean,top_DE_Pearson,0.42641798373101114,4
CDKN1A+JUN,CDKN1A,JUN,"both genes observed, pair held out",OpPert,top_DE_Pearson,0.7231453807679502,0
CDKN1A+JUN,CDKN1A,JUN,"both genes observed, pair held out",additive,top_DE_Pearson,0.5673607309265477,0
CDKN1A+JUN,CDKN1A,JUN,"both genes observed, pair held out",linear,top_DE_Pearson,0.49010131439655097,0
CDKN1A+JUN,CDKN1A,JUN,"both genes observed, pair held out",GEARS,top_DE_Pearson,0.5203240491603935,0
CDKN1A+JUN,CDKN1A,JUN,"both genes observed, pair held out",CPA,top_DE_Pearson,0.6119951212728257,0
CDKN1A+JUN,CDKN1A,JUN,"both genes observed, pair held out",AttentionPert,top_DE_Pearson,0.5092717341240263,0
CDKN1A+JUN,CDKN1A,JUN,"both genes observed, pair held out",mean,top_DE_Pearson,0.44646597873588373,0
CDKN1A+JUN,CDKN1A,JUN,"both genes observed, pair held out",OpPert,top_DE_Pearson,0.6782490267711705,1
CDKN1A+JUN,CDKN1A,JUN,"both genes observed, pair held out",additive,top_DE_Pearson,0.47174436027823874,1
CDKN1A+JUN,CDKN1A,JUN,"both genes observed, pair held out",linear,top_DE_Pearson,0.5085442599384682,1
CDKN1A+JUN,CDKN1A,JUN,"both genes observed, pair held out",GEARS,top_DE_Pearson,0.5943527361259309,1
CDKN1A+JUN,CDKN1A,JUN,"both genes observed, pair held out",CPA,top_DE_Pearson,0.6102190172514432,1
CDKN1A+JUN,CDKN1A,JUN,"both genes observed, pair held out",AttentionPert,top_DE_Pearson,0.6536911262248254,1
CDKN1A+JUN,CDKN1A,JUN,"both genes observed, pair held out",mean,top_DE_Pearson,0.4964232060862331,1
CDKN1A+JUN,CDKN1A,JUN,"both genes observed, pair held out",OpPert,top_DE_Pearson,0.6644193956995316,2
CDKN1A+JUN,CDKN1A,JUN,"both genes observed, pair held out",additive,top_DE_Pearson,0.4952283147865771,2
CDKN1A+JUN,CDKN1A,JUN,"both genes observed, pair held out",linear,top_DE_Pearson,0.5057455802493288,2
CDKN1A+JUN,CDKN1A,JUN,"both genes observed, pair held out",GEARS,top_DE_Pearson,0.5693473747002511,2
CDKN1A+JUN,CDKN1A,JUN,"both genes observed, pair held out",CPA,top_DE_Pearson,0.604596135098834,2
CDKN1A+JUN,CDKN1A,JUN,"both genes observed, pair held out",AttentionPert,top_DE_Pearson,0.6101974223976405,2
CDKN1A+JUN,CDKN1A,JUN,"both genes observed, pair held out",mean,top_DE_Pearson,0.33400588085649263,2
CDKN1A+JUN,CDKN1A,JUN,"both genes observed, pair held out",OpPert,top_DE_Pearson,0.6128593783039498,3
CDKN1A+JUN,CDKN1A,JUN,"both genes observed, pair held out",additive,top_DE_Pearson,0.6122704530963694,3
CDKN1A+JUN,CDKN1A,JUN,"both genes observed, pair held out",linear,top_DE_Pearson,0.5747529028682483,3
CDKN1A+JUN,CDKN1A,JUN,"both genes observed, pair held out",GEARS,top_DE_Pearson,0.5149794652138209,3
CDKN1A+JUN,CDKN1A,JUN,"both genes observed, pair held out",CPA,top_DE_Pearson,0.7213492708958891,3
CDKN1A+JUN,CDKN1A,JUN,"both genes observed, pair held out",AttentionPert,top_DE_Pearson,0.588263496061114,3
CDKN1A+JUN,CDKN1A,JUN,"both genes observed, pair held out",mean,top_DE_Pearson,0.48306003755880444,3
CDKN1A+JUN,CDKN1A,JUN,"both genes observed, pair held out",OpPert,top_DE_Pearson,0.683971485362708,4
CDKN1A+JUN,CDKN1A,JUN,"both genes observed, pair held out",additive,top_DE_Pearson,0.5179442720303888,4
CDKN1A+JUN,CDKN1A,JUN,"both genes observed, pair held out",linear,top_DE_Pearson,0.5263455790907163,4
CDKN1A+JUN,CDKN1A,JUN,"both genes observed, pair held out",GEARS,top_DE_Pearson,0.7273004991039564,4
CDKN1A+JUN,CDKN1A,JUN,"both genes observed, pair held out",CPA,top_DE_Pearson,0.6401923521770649,4
CDKN1A+JUN,CDKN1A,JUN,"both genes observed, pair held out",AttentionPert,top_DE_Pearson,0.6393162320665206,4
CDKN1A+JUN,CDKN1A,JUN,"both genes observed, pair held out",mean,top_DE_Pearson,0.4945773515030926,4
CDKN1A+CEBPA,CDKN1A,CEBPA,"both genes observed, pair held out",OpPert,top_DE_Pearson,0.6769972078890386,0
CDKN1A+CEBPA,CDKN1A,CEBPA,"both genes observed, pair held out",additive,top_DE_Pearson,0.4416366056721259,0
CDKN1A+CEBPA,CDKN1A,CEBPA,"both genes observed, pair held out",linear,top_DE_Pearson,0.44754846896114875,0
CDKN1A+CEBPA,CDKN1A,CEBPA,"both genes observed, pair held out",GEARS,top_DE_Pearson,0.6190974721591869,0
CDKN1A+CEBPA,CDKN1A,CEBPA,"both genes observed, pair held out",CPA,top_DE_Pearson,0.5314540439683055,0
CDKN1A+CEBPA,CDKN1A,CEBPA,"both genes observed, pair held out",AttentionPert,top_DE_Pearson,0.47064994572216357,0
CDKN1A+CEBPA,CDKN1A,CEBPA,"both genes observed, pair held out",mean,top_DE_Pearson,0.4924365701768245,0
CDKN1A+CEBPA,CDKN1A,CEBPA,"both genes observed, pair held out",OpPert,top_DE_Pearson,0.7872048462630472,1
CDKN1A+CEBPA,CDKN1A,CEBPA,"both genes observed, pair held out",additive,top_DE_Pearson,0.6233736155148037,1
CDKN1A+CEBPA,CDKN1A,CEBPA,"both genes observed, pair held out",linear,top_DE_Pearson,0.5545609268840596,1
CDKN1A+CEBPA,CDKN1A,CEBPA,"both genes observed, pair held out",GEARS,top_DE_Pearson,0.6005307184018167,1
CDKN1A+CEBPA,CDKN1A,CEBPA,"both genes observed, pair held out",CPA,top_DE_Pearson,0.6332623754070348,1
CDKN1A+CEBPA,CDKN1A,CEBPA,"both genes observed, pair held out",AttentionPert,top_DE_Pearson,0.6573276811900943,1
CDKN1A+CEBPA,CDKN1A,CEBPA,"both genes observed, pair held out",mean,top_DE_Pearson,0.43938785687045806,1
CDKN1A+CEBPA,CDKN1A,CEBPA,"both genes observed, pair held out",OpPert,top_DE_Pearson,0.6620506629434744,2
CDKN1A+CEBPA,CDKN1A,CEBPA,"both genes observed, pair held out",additive,top_DE_Pearson,0.5580368884058722,2
CDKN1A+CEBPA,CDKN1A,CEBPA,"both genes observed, pair held out",linear,top_DE_Pearson,0.6032325792167299,2
CDKN1A+CEBPA,CDKN1A,CEBPA,"both genes observed, pair held out",GEARS,top_DE_Pearson,0.592015413479324,2
CDKN1A+CEBPA,CDKN1A,CEBPA,"both genes observed, pair held out",CPA,top_DE_Pearson,0.5727948852958753,2
CDKN1A+CEBPA,CDKN1A,CEBPA,"both genes observed, pair held out",AttentionPert,top_DE_Pearson,0.6727899397852632,2
CDKN1A+CEBPA,CDKN1A,CEBPA,"both genes observed, pair held out",mean,top_DE_Pearson,0.5325712421465731,2
CDKN1A+CEBPA,CDKN1A,CEBPA,"both genes observed, pair held out",OpPert,top_DE_Pearson,0.6886446344061652,3
CDKN1A+CEBPA,CDKN1A,CEBPA,"both genes observed, pair held out",additive,top_DE_Pearson,0.6431465442013757,3
CDKN1A+CEBPA,CDKN1A,CEBPA,"both genes observed, pair held out",linear,top_DE_Pearson,0.5468132542664149,3
CDKN1A+CEBPA,CDKN1A,CEBPA,"both genes observed, pair held out",GEARS,top_DE_Pearson,0.6973784069177628,3
CDKN1A+CEBPA,CDKN1A,CEBPA,"both genes observed, pair held out",CPA,top_DE_Pearson,0.612550926612133,3
CDKN1A+CEBPA,CDKN1A,CEBPA,"both genes observed, pair held out",AttentionPert,top_DE_Pearson,0.7862615673328753,3
CDKN1A+CEBPA,CDKN1A,CEBPA,"both genes observed, pair held out",mean,top_DE_Pearson,0.3884510843930513,3
CDKN1A+CEBPA,CDKN1A,CEBPA,"both genes observed, pair held out",OpPert,top_DE_Pearson,0.6186392848669594,4
CDKN1A+CEBPA,CDKN1A,CEBPA,"both genes observed, pair held out",additive,top_DE_Pearson,0.5651278696920329,4
CDKN1A+CEBPA,CDKN1A,CEBPA,"both genes observed, pair held out",linear,top_DE_Pearson,0.5938340431787394,4
CDKN1A+CEBPA,CDKN1A,CEBPA,"both genes observed, pair held out",GEARS,top_DE_Pearson,0.7170083390505011,4
CDKN1A+CEBPA,CDKN1A,CEBPA,"both genes observed, pair held out",CPA,top_DE_Pearson,0.539897519002028,4
CDKN1A+CEBPA,CDKN1A,CEBPA,"both genes observed, pair held out",AttentionPert,top_DE_Pearson,0.6442951111216331,4
CDKN1A+CEBPA,CDKN1A,CEBPA,"both genes observed, pair held out",mean,top_DE_Pearson,0.5297477802809197,4
FOS+KLF1,FOS,KLF1,neither gene observed,OpPert,top_DE_Pearson,0.5444655283152519,0
FOS+KLF1,FOS,KLF1,neither gene observed,additive,top_DE_Pearson,0.41375949587892485,0
FOS+KLF1,FOS,KLF1,neither gene observed,linear,top_DE_Pearson,0.40597507118742265,0
FOS+KLF1,FOS,KLF1,neither gene observed,GEARS,top_DE_Pearson,0.41226086123253725,0
FOS+KLF1,FOS,KLF1,neither gene observed,CPA,top_DE_Pearson,0.3935664806026623,0
FOS+KLF1,FOS,KLF1,neither gene observed,AttentionPert,top_DE_Pearson,0.38527585246563734,0
FOS+KLF1,FOS,KLF1,neither gene observed,mean,top_DE_Pearson,0.2984471080551585,0
FOS+KLF1,FOS,KLF1,neither gene observed,OpPert,top_DE_Pearson,0.4618680911766987,1
FOS+KLF1,FOS,KLF1,neither gene observed,additive,top_DE_Pearson,0.2890885014788416,1
FOS+KLF1,FOS,KLF1,neither gene observed,linear,top_DE_Pearson,0.3070845013103445,1
FOS+KLF1,FOS,KLF1,neither gene observed,GEARS,top_DE_Pearson,0.3548778247808625,1
FOS+KLF1,FOS,KLF1,neither gene observed,CPA,top_DE_Pearson,0.3933279345529671,1
FOS+KLF1,FOS,KLF1,neither gene observed,AttentionPert,top_DE_Pearson,0.3883826498138876,1
FOS+KLF1,FOS,KLF1,neither gene observed,mean,top_DE_Pearson,0.27292062759732494,1
FOS+KLF1,FOS,KLF1,neither gene observed,OpPert,top_DE_Pearson,0.4900487880127667,2
FOS+KLF1,FOS,KLF1,neither gene observed,additive,top_DE_Pearson,0.3023607444449873,2
FOS+KLF1,FOS,KLF1,neither gene observed,linear,top_DE_Pearson,0.4579396101007209,2
FOS+KLF1,FOS,KLF1,neither gene observed,GEARS,top_DE_Pearson,0.38393735037715154,2
FOS+KLF1,FOS,KLF1,neither gene observed,CPA,top_DE_Pearson,0.3539943809131095,2
FOS+KLF1,FOS,KLF1,neither gene observed,AttentionPert,top_DE_Pearson,0.41894317423994715,2
FOS+KLF1,FOS,KLF1,neither gene observed,mean,top_DE_Pearson,0.14980938785749565,2
FOS+KLF1,FOS,KLF1,neither gene observed,OpPert,top_DE_Pearson,0.41256793301662487,3
FOS+KLF1,FOS,KLF1,neither gene observed,additive,top_DE_Pearson,0.39886436792151,3
FOS+KLF1,FOS,KLF1,neither gene observed,linear,top_DE_Pearson,0.26575468425627335,3
FOS+KLF1,FOS,KLF1,neither gene observed,GEARS,top_DE_Pearson,0.46705445181598937,3
FOS+KLF1,FOS,KLF1,neither gene observed,CPA,top_DE_Pearson,0.4706681939815481,3
FOS+KLF1,FOS,KLF1,neither gene observed,AttentionPert,top_DE_Pearson,0.3678326797305751,3
FOS+KLF1,FOS,KLF1,neither gene observed,mean,top_DE_Pearson,0.2775087660455786,3
FOS+KLF1,FOS,KLF1,neither gene observed,OpPert,top_DE_Pearson,0.5271452250910617,4
FOS+KLF1,FOS,KLF1,neither gene observed,additive,top_DE_Pearson,0.31199264871738885,4
FOS+KLF1,FOS,KLF1,neither gene observed,linear,top_DE_Pearson,0.4220665312315709,4
FOS+KLF1,FOS,KLF1,neither gene observed,GEARS,top_DE_Pearson,0.3597310722921597,4
FOS+KLF1,FOS,KLF1,neither gene observed,CPA,top_DE_Pearson,0.35134386240000925,4
FOS+KLF1,FOS,KLF1,neither gene observed,AttentionPert,top_DE_Pearson,0.3420398121405016,4
FOS+KLF1,FOS,KLF1,neither gene observed,mean,top_DE_Pearson,0.28055883195168824,4
CEBPE+FOXA1,CEBPE,FOXA1,neither gene observed,OpPert,top_DE_Pearson,0.3950375906627911,0
CEBPE+FOXA1,CEBPE,FOXA1,neither gene observed,additive,top_DE_Pearson,0.36367596528223245,0
CEBPE+FOXA1,CEBPE,FOXA1,neither gene observed,linear,top_DE_Pearson,0.48064698480365614,0
CEBPE+FOXA1,CEBPE,FOXA1,neither gene observed,GEARS,top_DE_Pearson,0.4236234999588639,0
CEBPE+FOXA1,CEBPE,FOXA1,neither gene observed,CPA,top_DE_Pearson,0.35678620696092483,0
CEBPE+FOXA1,CEBPE,FOXA1,neither gene observed,AttentionPert,top_DE_Pearson,0.43597103801101705,0
CEBPE+FOXA1,CEBPE,FOXA1,neither gene observed,mean,top_DE_Pearson,0.24563008186479524,0
CEBPE+FOXA1,CEBPE,FOXA1,neither gene observed,OpPert,top_DE_Pearson,0.4373028869581476,1
CEBPE+FOXA1,CEBPE,FOXA1,neither gene observed,additive,top_DE_Pearson,0.28249245365828424,1
CEBPE+FOXA1,CEBPE,FOXA1,neither gene observed,linear,top_DE_Pearson,0.4545069306547813,1
CEBPE+FOXA1,CEBPE,FOXA1,neither gene observed,GEARS,top_DE_Pearson,0.2476475249502602,1
CEBPE+FOXA1,CEBPE,FOXA1,neither gene observed,CPA,top_DE_Pearson,0.42787155201675614,1
CEBPE+FOXA1,CEBPE,FOXA1,neither gene observed,AttentionPert,top_DE_Pearson,0.3621753037321478,1
CEBPE+FOXA1,CEBPE,FOXA1,neither gene observed,mean,top_DE_Pearson,0.23537955611290323,1
CEBPE+FOXA1,CEBPE,FOXA1,neither gene observed,OpPert,top_DE_Pearson,0.5615389093670687,2
CEBPE+FOXA1,CEBPE,FOXA1,neither gene observed,additive,top_DE_Pearson,0.29715213446799693,2
CEBPE+FOXA1,CEBPE,FOXA1,neither gene observed,linear,top_DE_Pearson,0.3291958507582954,2
CEBPE+FOXA1,CEBPE,FOXA1,neither gene observed,GEARS,top_DE_Pearson,0.3921763456648282,2
CEBPE+FOXA1,CEBPE,FOXA1,neither gene observed,CPA,top_DE_Pearson,0.4048308431487343,2
CEBPE+FOXA1,CEBPE,FOXA1,neither gene observed,AttentionPert,top_DE_Pearson,0.36348865306242784,2
CEBPE+FOXA1,CEBPE,FOXA1,neither gene observed,mean,top_DE_Pearson,0.16556846416784687,2
CEBPE+FOXA1,CEBPE,FOXA1,neither gene observed,OpPert,top_DE_Pearson,0.4080581091470941,3
CEBPE+FOXA1,CEBPE,FOXA1,neither gene observed,additive,top_DE_Pearson,0.41688003138787116,3
CEBPE+FOXA1,CEBPE,FOXA1,neither gene observed,linear,top_DE_Pearson,0.37448660734813066,3
CEBPE+FOXA1,CEBPE,FOXA1,neither gene observed,GEARS,top_DE_Pearson,0.4270652370222293,3
CEBPE+FOXA1,CEBPE,FOXA1,neither gene observed,CPA,top_DE_Pearson,0.36431472756961775,3
CEBPE+FOXA1,CEBPE,FOXA1,neither gene observed,AttentionPert,top_DE_Pearson,0.35043013822960384,3
CEBPE+FOXA1,CEBPE,FOXA1,neither gene observed,mean,top_DE_Pearson,0.36065416699252467,3
CEBPE+FOXA1,CEBPE,FOXA1,neither gene observed,OpPert,top_DE_Pearson,0.4487084885769352,4
CEBPE+FOXA1,CEBPE,FOXA1,neither gene observed,additive,top_DE_Pearson,0.3133978072283724,4
CEBPE+FOXA1,CEBPE,FOXA1,neither gene observed,linear,top_DE_Pearson,0.43576854198132037,4
CEBPE+FOXA1,CEBPE,FOXA1,neither gene observed,GEARS,top_DE_Pearson,0.3566583784679569,4
CEBPE+FOXA1,CEBPE,FOXA1,neither gene observed,CPA,top_DE_Pearson,0.3443163593735602,4
CEBPE+FOXA1,CEBPE,FOXA1,neither gene observed,AttentionPert,top_DE_Pearson,0.39061480104101387,4
CEBPE+FOXA1,CEBPE,FOXA1,neither gene observed,mean,top_DE_Pearson,0.2600162062452908,4
FOXA1+JUN,FOXA1,JUN,exactly one gene observed,OpPert,top_DE_Pearson,0.5801748947811423,0
FOXA1+JUN,FOXA1,JUN,exactly one gene observed,additive,top_DE_Pearson,0.29731676223495196,0
FOXA1+JUN,FOXA1,JUN,exactly one gene observed,linear,top_DE_Pearson,0.4895779366058936,0
FOXA1+JUN,FOXA1,JUN,exactly one gene observed,GEARS,top_DE_Pearson,0.5022727996693759,0
FOXA1+JUN,FOXA1,JUN,exactly one gene observed,CPA,top_DE_Pearson,0.4826070014610874,0
FOXA1+JUN,FOXA1,JUN,exactly one gene observed,AttentionPert,top_DE_Pearson,0.5047568385637702,0
FOXA1+JUN,FOXA1,JUN,exactly one gene observed,mean,top_DE_Pearson,0.35827930273951203,0
FOXA1+JUN,FOXA1,JUN,exactly one gene observed,OpPert,top_DE_Pearson,0.5568432744166767,1
FOXA1+JUN,FOXA1,JUN,exactly one gene observed,additive,top_DE_Pearson,0.4767826525862472,1
FOXA1+JUN,FOXA1,JUN,exactly one gene observed,linear,top_DE_Pearson,0.43747515216832994,1
FOXA1+JUN,FOXA1,JUN,exactly one gene observed,GEARS,top_DE_Pearson,0.4431388198616495,1
FOXA1+JUN,FOXA1,JUN,exactly one gene observed,CPA,top_DE_Pearson,0.6614268871573434,1
FOXA1+JUN,FOXA1,JUN,exactly one gene observed,AttentionPert,top_DE_Pearson,0.447048553373126,1
FOXA1+JUN,FOXA1,JUN,exactly one gene observed,mean,top_DE_Pearson,0.36600857474760456,1
FOXA1+JUN,FOXA1,JUN,exactly one gene observed,OpPert,top_DE_Pearson,0.470260384947478,2
FOXA1+JUN,FOXA1,JUN,exactly one gene observed,additive,top_DE_Pearson,0.4469881049030853,2
FOXA1+JUN,FOXA1,JUN,exactly one gene observed,linear,top_DE_Pearson,0.41400646695863985,2
FOXA1+JUN,FOXA1,JUN,exactly one gene observed,GEARS,top_DE_Pearson,0.4734516234289993,2
FOXA1+JUN,FOXA1,JUN,exactly one gene observed,CPA,top_DE_Pearson,0.5427038799462675,2
FOXA1+JUN,FOXA1,JUN,exactly one gene observed,AttentionPert,top_DE_Pearson,0.5183205741026844,2
FOXA1+JUN,FOXA1,JUN,exactly one gene observed,mean,top_DE_Pearson,0.39410457147448913,2
FOXA1+JUN,FOXA1,JUN,exactly one gene observed,OpPert,top_DE_Pearson,0.4537277096964883,3
FOXA1+JUN,FOXA1,JUN,exactly one gene observed,additive,top_DE_Pearson,0.5502137101897407,3
FOXA1+JUN,FOXA1,JUN,exactly one gene observed,linear,top_DE_Pearson,0.39848712134348746,3
FOXA1+JUN,FOXA1,JUN,exactly one gene observed,GEARS,top_DE_Pearson,0.5917136488576319,3
FOXA1+JUN,FOXA1,JUN,exactly one gene observed,CPA,top_DE_Pearson,0.5412926319588891,3
FOXA1+JUN,FOXA1,JUN,exactly one gene observed,AttentionPert,top_DE_Pearson,0.5246399645070808,3
FOXA1+JUN,FOXA1,JUN,exactly one gene observed,mean,top_DE_Pearson,0.3087009131454971,3
FOXA1+JUN,FOXA1,JUN,exactly one gene observed,OpPert,top_DE_Pearson,0.5690953906891715,4
FOXA1+JUN,FOXA1,JUN,exactly one gene observed,additive,top_DE_Pearson,0.4117447153613084,4
FOXA1+JUN,FOXA1,JUN,exactly one gene observed,linear,top_DE_Pearson,0.47174237429031746,4
FOXA1+JUN,FOXA1,JUN,exactly one gene observed,GEARS,top_DE_Pearson,0.4850076644548664,4
FOXA1+JUN,FOXA1,JUN,exactly one gene observed,CPA,top_DE_Pearson,0.3576833696056555,4
FOXA1+JUN,FOXA1,JUN,exactly one gene observed,AttentionPert,top_DE_Pearson,0.5573070490590752,4
FOXA1+JUN,FOXA1,JUN,exactly one gene observed,mean,top_DE_Pearson,0.3551335706070383,4
STAT3+JUN,STAT3,JUN,neither gene observed,OpPert,top_DE_Pearson,0.4063746197023317,0
STAT3+JUN,STAT3,JUN,neither gene observed,additive,top_DE_Pearson,0.20468946649155742,0
STAT3+JUN,STAT3,JUN,neither gene observed,linear,top_DE_Pearson,0.3944277881924966,0
STAT3+JUN,STAT3,JUN,neither gene observed,GEARS,top_DE_Pearson,0.43114617987740933,0
STAT3+JUN,STAT3,JUN,neither gene observed,CPA,top_DE_Pearson,0.36802209051934204,0
STAT3+JUN,STAT3,JUN,neither gene observed,AttentionPert,top_DE_Pearson,0.32112582748859947,0
STAT3+JUN,STAT3,JUN,neither gene observed,mean,top_DE_Pearson,0.26533613245335713,0
STAT3+JUN,STAT3,JUN,neither gene observed,OpPert,top_DE_Pearson,0.3721280579011847,1
STAT3+JUN,STAT3,JUN,neither gene observed,additive,top_DE_Pearson,0.2783661641987405,1
STAT3+JUN,STAT3,JUN,neither gene observed,linear,top_DE_Pearson,0.3249581238097503,1
STAT3+JUN,STAT3,JUN,neither gene observed,GEARS,top_DE_Pearson,0.4506363442534934,1
STAT3+JUN,STAT3,JUN,neither gene observed,CPA,top_DE_Pearson,0.35824334297378496,1
STAT3+JUN,STAT3,JUN,neither gene observed,AttentionPert,top_DE_Pearson,0.3631280152934124,1
STAT3+JUN,STAT3,JUN,neither gene observed,mean,top_DE_Pearson,0.37728155092467475,1
STAT3+JUN,STAT3,JUN,neither gene observed,OpPert,top_DE_Pearson,0.48114774983132286,2
STAT3+JUN,STAT3,JUN,neither gene observed,additive,top_DE_Pearson,0.3603396706284896,2
STAT3+JUN,STAT3,JUN,neither gene observed,linear,top_DE_Pearson,0.3478179552874735,2
STAT3+JUN,STAT3,JUN,neither gene observed,GEARS,top_DE_Pearson,0.36421769994179337,2
STAT3+JUN,STAT3,JUN,neither gene observed,CPA,top_DE_Pearson,0.24881561359897097,2
STAT3+JUN,STAT3,JUN,neither gene observed,AttentionPert,top_DE_Pearson,0.4481244319154135,2
STAT3+JUN,STAT3,JUN,neither gene observed,mean,top_DE_Pearson,0.28689858234538274,2
STAT3+JUN,STAT3,JUN,neither gene observed,OpPert,top_DE_Pearson,0.44925004040719524,3
STAT3+JUN,STAT3,JUN,neither gene observed,additive,top_DE_Pearson,0.3317663978898247,3
STAT3+JUN,STAT3,JUN,neither gene observed,linear,top_DE_Pearson,0.4141686557356633,3
STAT3+JUN,STAT3,JUN,neither gene observed,GEARS,top_DE_Pearson,0.30671739561520883,3
STAT3+JUN,STAT3,JUN,neither gene observed,CPA,top_DE_Pearson,0.3446071201067717,3
STAT3+JUN,STAT3,JUN,neither gene observed,AttentionPert,top_DE_Pearson,0.32182182822644817,3
STAT3+JUN,STAT3,JUN,neither gene observed,mean,top_DE_Pearson,0.36629055694920476,3
STAT3+JUN,STAT3,JUN,neither gene observed,OpPert,top_DE_Pearson,0.512539331911198,4
STAT3+JUN,STAT3,JUN,neither gene observed,additive,top_DE_Pearson,0.20783844153187817,4
STAT3+JUN,STAT3,JUN,neither gene observed,linear,top_DE_Pearson,0.27917430240160146,4
STAT3+JUN,STAT3,JUN,neither gene observed,GEARS,top_DE_Pearson,0.39205925959855087,4
STAT3+JUN,STAT3,JUN,neither gene observed,CPA,top_DE_Pearson,0.35165358727565454,4
STAT3+JUN,STAT3,JUN,neither gene observed,AttentionPert,top_DE_Pearson,0.31053706751538673,4
STAT3+JUN,STAT3,JUN,neither gene observed,mean,top_DE_Pearson,0.37668573425902935,4
KLF1+FOS,KLF1,FOS,"both genes observed, pair held out",OpPert,top_DE_Pearson,0.6184791030460671,0
KLF1+FOS,KLF1,FOS,"both genes observed, pair held out",additive,top_DE_Pearson,0.5833364488306801,0
KLF1+FOS,KLF1,FOS,"both genes observed, pair held out",linear,top_DE_Pearson,0.5471740343410793,0
KLF1+FOS,KLF1,FOS,"both genes observed, pair held out",GEARS,top_DE_Pearson,0.58299940957755,0
KLF1+FOS,KLF1,FOS,"both genes observed, pair held out",CPA,top_DE_Pearson,0.6166601175895156,0
KLF1+FOS,KLF1,FOS,"both genes observed, pair held out",AttentionPert,top_DE_Pearson,0.492260146096382,0
KLF1+FOS,KLF1,FOS,"both genes observed, pair held out",mean,top_DE_Pearson,0.5558216715910589,0
KLF1+FOS,KLF1,FOS,"both genes observed, pair held out",OpPert,top_DE_Pearson,0.6709433528834324,1
KLF1+FOS,KLF1,FOS,"both genes observed, pair held out",additive,top_DE_Pearson,0.6168566525268255,1
KLF1+FOS,KLF1,FOS,"both genes observed, pair held out",linear,top_DE_Pearson,0.5054748146028708,1
KLF1+FOS,KLF1,FOS,"both genes observed, pair held out",GEARS,top_DE_Pearson,0.5446100925583084,1
KLF1+FOS,KLF1,FOS,"both genes observed, pair held out",CPA,top_DE_Pearson,0.5102859867040113,1
KLF1+FOS,KLF1,FOS,"both genes observed, pair held out",AttentionPert,top_DE_Pearson,0.6050178603598902,1
KLF1+FOS,KLF1,FOS,"both genes observed, pair held out",mean,top_DE_Pearson,0.4639589981150947,1
KLF1+FOS,KLF1,FOS,"both genes observed, pair held out",OpPert,top_DE_Pearson,0.6321352908461291,2
KLF1+FOS,KLF1,FOS,"both genes observed, pair held out",additive,top_DE_Pearson,0.4791558484268833,2
KLF1+FOS,KLF1,FOS,"both genes observed, pair held out",linear,top_DE_Pearson,0.4940042238161494,2
KLF1+FOS,KLF1,FOS,"both genes observed, pair held out",GEARS,top_DE_Pearson,0.5970909659717606,2
KLF1+FOS,KLF1,FOS,"both genes observed, pair held out",CPA,top_DE_Pearson,0.5520647932246839,2
KLF1+FOS,KLF1,FOS,"both genes observed, pair held out",AttentionPert,top_DE_Pearson,0.5488635804585043,2
KLF1+FOS,KLF1,FOS,"both genes observed, pair held out",mean,top_DE_Pearson,0.5528253691678966,2
KLF1+FOS,KLF1,FOS,"both genes observed, pair held out",OpPert,top_DE_Pearson,0.6550604593084359,3
KLF1+FOS,KLF1,FOS,"both genes observed, pair held out",additive,top_DE_Pearson,0.6162025760356156,3
KLF1+FOS,KLF1,FOS,"both genes observed, pair held out",linear,top_DE_Pearson,0.5380048690390382,3
KLF1+FOS,KLF1,FOS,"both genes observed, pair held out",GEARS,top_DE_Pearson,0.6146865770279194,3
KLF1+FOS,KLF1,FOS,"both genes observed, pair held out",CPA,top_DE_Pearson,0.5766714390246198,3
KLF1+FOS,KLF1,FOS,"both genes observed, pair held out",AttentionPert,top_DE_Pearson,0.4881426614289126,3
KLF1+FOS,KLF1,FOS,"both genes observed, pair held out",mean,top_DE_Pearson,0.5457002983758348,3
KLF1+FOS,KLF1,FOS,"both genes observed, pair held out",OpPert,top_DE_Pearson,0.651890783578055,4
KLF1+FOS,KLF1,FOS,"both genes observed, pair held out",additive,top_DE_Pearson,0.5847850931779777,4
KLF1+FOS,KLF1,FOS,"both genes observed, pair held out",linear,top_DE_Pearson,0.5248782766523064,4
KLF1+FOS,KLF1,FOS,"both genes observed, pair held out",GEARS,top_DE_Pearson,0.5901093371052141,4
KLF1+FOS,KLF1,FOS,"both genes observed, pair held out",CPA,top_DE_Pearson,0.5279888584045986,4
KLF1+FOS,KLF1,FOS,"both genes observed, pair held out",AttentionPert,top_DE_Pearson,0.6641599089658036,4
KLF1+FOS,KLF1,FOS,"both genes observed, pair held out",mean,top_DE_Pearson,0.47868456084704053,4
MAPK1+FOXA1,MAPK1,FOXA1,"both genes observed, pair held out",OpPert,top_DE_Pearson,0.7059205521681771,0
MAPK1+FOXA1,MAPK1,FOXA1,"both genes observed, pair held out",additive,top_DE_Pearson,0.4546963591777523,0
MAPK1+FOXA1,MAPK1,FOXA1,"both genes observed, pair held out",linear,top_DE_Pearson,0.5282592528289989,0
MAPK1+FOXA1,MAPK1,FOXA1,"both genes observed, pair held out",GEARS,top_DE_Pearson,0.5397667118393188,0
MAPK1+FOXA1,MAPK1,FOXA1,"both genes observed, pair held out",CPA,top_DE_Pearson,0.623652021617548,0
MAPK1+FOXA1,MAPK1,FOXA1,"both genes observed, pair held out",AttentionPert,top_DE_Pearson,0.6002391165050031,0
MAPK1+FOXA1,MAPK1,FOXA1,"both genes observed, pair held out",mean,top_DE_Pearson,0.3765692539821643,0
MAPK1+FOXA1,MAPK1,FOXA1,"both genes observed, pair held out",OpPert,top_DE_Pearson,0.6486753472193263,1
MAPK1+FOXA1,MAPK1,FOXA1,"both genes observed, pair held out",additive,top_DE_Pearson,0.45035325985687336,1
MAPK1+FOXA1,MAPK1,FOXA1,"both genes observed, pair held out",linear,top_DE_Pearson,0.5668106107158144,1
MAPK1+FOXA1,MAPK1,FOXA1,"both genes observed, pair held out",GEARS,top_DE_Pearson,0.5006776497607689,1
MAPK1+FOXA1,MAPK1,FOXA1,"both genes observed, pair held out",CPA,top_DE_Pearson,0.6117296496030767,1
MAPK1+FOXA1,MAPK1,FOXA1,"both genes observed, pair held out",AttentionPert,top_DE_Pearson,0.6126777575620443,1
MAPK1+FOXA1,MAPK1,FOXA1,"both genes observed, pair held out",mean,top_DE_Pearson,0.5744769096008129,1
MAPK1+FOXA1,MAPK1,FOXA1,"both genes observed, pair held out",OpPert,top_DE_Pearson,0.7108723973698404,2
MAPK1+FOXA1,MAPK1,FOXA1,"both genes observed, pair held out",additive,top_DE_Pearson,0.5146251446506499,2
MAPK1+FOXA1,MAPK1,FOXA1,"both genes observed, pair held out",linear,top_DE_Pearson,0.6190842055964692,2
MAPK1+FOXA1,MAPK1,FOXA1,"both genes observed, pair held out",GEARS,top_DE_Pearson,0.5161401671432893,2
MAPK1+FOXA1,MAPK1,FOXA1,"both genes observed, pair held out",CPA,top_DE_Pearson,0.5222516437791348,2
MAPK1+FOXA1,MAPK1,FOXA1,"both genes observed, pair held out",AttentionPert,top_DE_Pearson,0.6099885519245065,2
MAPK1+FOXA1,MAPK1,FOXA1,"both genes observed, pair held out",mean,top_DE_Pearson,0.3305050202351243,2
MAPK1+FOXA1,MAPK1,FOXA1,"both genes observed, pair held out",OpPert,top_DE_Pearson,0.6577703529039669,3
MAPK1+FOXA1,MAPK1,FOXA1,"both genes observed, pair held out",additive,top_DE_Pearson,0.47878420247289477,3
MAPK1+FOXA1,MAPK1,FOXA1,"both genes observed, pair held out",linear,top_DE_Pearson,0.5760784233091958,3
MAPK1+FOXA1,MAPK1,FOXA1,"both genes observed, pair held out",GEARS,top_DE_Pearson,0.5353358185171642,3
MAPK1+FOXA1,MAPK1,FOXA1,"both genes observed, pair held out",CPA,top_DE_Pearson,0.6054548882473113,3
MAPK1+FOXA1,MAPK1,FOXA1,"both genes observed, pair held out",AttentionPert,top_DE_Pearson,0.5911596454200434,3
MAPK1+FOXA1,MAPK1,FOXA1,"both genes observed, pair held out",mean,top_DE_Pearson,0.5440219550128798,3
MAPK1+FOXA1,MAPK1,FOXA1,"both genes observed, pair held out",OpPert,top_DE_Pearson,0.6604040720460973,4
MAPK1+FOXA1,MAPK1,FOXA1,"both genes observed, pair held out",additive,top_DE_Pearson,0.4938814317023121,4
MAPK1+FOXA1,MAPK1,FOXA1,"both genes observed, pair held out",linear,top_DE_Pearson,0.5551868486503629,4
MAPK1+FOXA1,MAPK1,FOXA1,"both genes observed, pair held out",GEARS,top_DE_Pearson,0.5193458161789961,4
MAPK1+FOXA1,MAPK1,FOXA1,"both genes observed, pair held out",CPA,top_DE_Pearson,0.6043682352823263,4
MAPK1+FOXA1,MAPK1,FOXA1,"both genes observed, pair held out",AttentionPert,top_DE_Pearson,0.6253910147789163,4
MAPK1+FOXA1,MAPK1,FOXA1,"both genes observed, pair held out",mean,top_DE_Pearson,0.6081517622015691,4
STAT3+FOXA1,STAT3,FOXA1,exactly one gene observed,OpPert,top_DE_Pearson,0.5254544885337071,0
STAT3+FOXA1,STAT3,FOXA1,exactly one gene observed,additive,top_DE_Pearson,0.45272682206787346,0
STAT3+FOXA1,STAT3,FOXA1,exactly one gene observed,linear,top_DE_Pearson,0.4929014320687768,0
STAT3+FOXA1,STAT3,FOXA1,exactly one gene observed,GEARS,top_DE_Pearson,0.49679750933428934,0
STAT3+FOXA1,STAT3,FOXA1,exactly one gene observed,CPA,top_DE_Pearson,0.5451795550123819,0
STAT3+FOXA1,STAT3,FOXA1,exactly one gene observed,AttentionPert,top_DE_Pearson,0.45298122977471333,0
STAT3+FOXA1,STAT3,FOXA1,exactly one gene observed,mean,top_DE_Pearson,0.41917044287344274,0
STAT3+FOXA1,STAT3,FOXA1,exactly one gene observed,OpPert,top_DE_Pearson,0.592309871218465,1
STAT3+FOXA1,STAT3,FOXA1,exactly one gene observed,additive,top_DE_Pearson,0.4392782048060632,1
STAT3+FOXA1,STAT3,FOXA1,exactly one gene observed,linear,top_DE_Pearson,0.45110380155457125,1
STAT3+FOXA1,STAT3,FOXA1,exactly one gene observed,GEARS,top_DE_Pearson,0.6456000655238822,1
STAT3+FOXA1,STAT3,FOXA1,exactly one gene observed,CPA,top_DE_Pearson,0.4309794809554752,1
STAT3+FOXA1,STAT3,FOXA1,exactly one gene observed,AttentionPert,top_DE_Pearson,0.5078759906181048,1
STAT3+FOXA1,STAT3,FOXA1,exactly one gene observed,mean,top_DE_Pearson,0.31498685578547203,1
STAT3+FOXA1,STAT3,FOXA1,exactly one gene observed,OpPert,top_DE_Pearson,0.6671372449172784,2
STAT3+FOXA1,STAT3,FOXA1,exactly one gene observed,additive,top_DE_Pearson,0.4932095797279522,2
STAT3+FOXA1,STAT3,FOXA1,exactly one gene observed,linear,top_DE_Pearson,0.42929900726953135,2
STAT3+FOXA1,STAT3,FOXA1,exactly one gene observed,GEARS,top_DE_Pearson,0.5307556996058737,2
STAT3+FOXA1,STAT3,FOXA1,exactly one gene observed,CPA,top_DE_Pearson,0.4954617432765933,2
STAT3+FOXA1,STAT3,FOXA1,exactly one gene observed,AttentionPert,top_DE_Pearson,0.45900251428151567,2
STAT3+FOXA1,STAT3,FOXA1,exactly one gene observed,mean,top_DE_Pearson,0.4054898530336904,2
STAT3+FOXA1,STAT3,FOXA1,exactly one gene observed,OpPert,top_DE_Pearson,0.5833583234662647,3
STAT3+FOXA1,STAT3,FOXA1,exactly one gene observed,additive,top_DE_Pearson,0.45294192283315715,3
STAT3+FOXA1,STAT3,FOXA1,exactly one gene observed,linear,top_DE_Pearson,0.46748481732546027,3
STAT3+FOXA1,STAT3,FOXA1,exactly one gene observed,GEARS,top_DE_Pearson,0.5258632695559791,3
STAT3+FOXA1,STAT3,FOXA1,exactly one gene observed,CPA,top_DE_Pearson,0.49376325968954754,3
STAT3+FOXA1,STAT3,FOXA1,exactly one gene observed,AttentionPert,top_DE_Pearson,0.49354559998150105,3
STAT3+FOXA1,STAT3,FOXA1,exactly one gene observed,mean,top_DE_Pearson,0.32153904504074615,3
STAT3+FOXA1,STAT3,FOXA1,exactly one gene observed,OpPert,top_DE_Pearson,0.6616259744457496,4
STAT3+FOXA1,STAT3,FOXA1,exactly one gene observed,additive,top_DE_Pearson,0.3769748033990872,4
STAT3+FOXA1,STAT3,FOXA1,exactly one gene observed,linear,top_DE_Pearson,0.49565817313278465,4
STAT3+FOXA1,STAT3,FOXA1,exactly one gene observed,GEARS,top_DE_Pearson,0.48078555546191404,4
STAT3+FOXA1,STAT3,FOXA1,exactly one gene observed,CPA,top_DE_Pearson,0.585572836166958,4
STAT3+FOXA1,STAT3,FOXA1,exactly one gene observed,AttentionPert,top_DE_Pearson,0.4357910477665696,4
STAT3+FOXA1,STAT3,FOXA1,exactly one gene observed,mean,top_DE_Pearson,0.3158842042943801,4
