method,method_pretty,pert,method_family,DA200_PB,DA200_OpPert,DA200_PSI,DA200_min,DA200_max,DA50_PB,DA50_OpPert,DA50_PSI,DA50_min,DA50_max,DA20_PB,DA20_OpPert,DA20_PSI,DA20_min,DA20_max,Cos200_PB,Cos200_OpPert,Cos200_PSI,Cos200_min,Cos200_max,Cos_all_PB,Cos_all_OpPert,Cos_all_PSI,Cos_all_min,Cos_all_max,Pearson20_PB,Pearson20_OpPert,Pearson20_PSI,Pearson20_min,Pearson20_max,DEGrecall20_PB,DEGrecall20_OpPert,DEGrecall20_PSI,DEGrecall20_min,DEGrecall20_max,MSE20_PB,MSE20_OpPert,MSE20_PSI,MSE20_min,MSE20_max
OpPert_norman_s1,OpPert s1,AHR+KLF1,OpPert,0.7,0.65,0.04999999999999993,0.65,0.7,0.72,0.82,0.09999999999999998,0.72,0.82,0.75,0.85,0.09999999999999998,0.75,0.85,0.15701037009834268,0.6155774834004378,0.45856711330209515,0.15701037009834268,0.6155774834004378,0.14462126508223744,0.4370381592316217,0.29241689414938427,0.14462126508223744,0.4370381592316217,-0.47313934538773544,0.6495916011557641,1.1227309465434996,-0.47313934538773544,0.6495916011557641,0.1,0.35,0.24999999999999997,0.1,0.35,18.69239044189453,0.38453084230422974,18.3078595995903,0.38453084230422974,18.69239044189453
OpPert_norman_s1,OpPert s1,BAK1+BCL2L11,OpPert,0.65,0.405,0.245,0.405,0.65,0.54,0.44,0.10000000000000003,0.44,0.54,0.5,0.45,0.04999999999999999,0.45,0.5,-0.010618109061029246,-0.06727914870236507,0.05666103964133582,-0.06727914870236507,-0.010618109061029246,0.05844285746664568,-0.06268655663238987,0.12112941409903555,-0.06268655663238987,0.05844285746664568,-0.34180394072882825,0.16294109242109175,0.50474503314992,-0.34180394072882825,0.16294109242109175,0.1,0.15,0.04999999999999999,0.1,0.15,19.63058090209961,0.1266520470380783,19.50392885506153,0.1266520470380783,19.63058090209961
OpPert_norman_s1,OpPert s1,BPGM+SAMD1,OpPert,0.785,0.98,0.19499999999999995,0.785,0.98,0.72,0.98,0.26,0.72,0.98,0.55,1.0,0.44999999999999996,0.55,1.0,0.364659375855774,0.896669502178696,0.532010126322922,0.364659375855774,0.896669502178696,0.3183642415174672,0.7866502479858641,0.46828600646839696,0.3183642415174672,0.7866502479858641,-0.6832441158551147,0.853532542857148,1.5367766587122627,-0.6832441158551147,0.853532542857148,0.1,0.5,0.4,0.1,0.5,19.853588104248047,0.2244936227798462,19.6290944814682,0.2244936227798462,19.853588104248047
OpPert_norman_s1,OpPert s1,CBFA2T3+FEV,OpPert,0.795,0.89,0.09499999999999997,0.795,0.89,0.74,0.84,0.09999999999999998,0.74,0.84,0.4,0.8,0.4,0.4,0.8,0.4056200607751782,0.7421434910642642,0.33652343028908605,0.4056200607751782,0.7421434910642642,0.36053427756609174,0.6128676360813275,0.2523333585152358,0.36053427756609174,0.6128676360813275,-0.32759729931354303,0.5496752332046148,0.8772725325181578,-0.32759729931354303,0.5496752332046148,0.1,0.3,0.19999999999999998,0.1,0.3,19.82793617248535,0.6366581320762634,19.191278040409088,0.6366581320762634,19.82793617248535
OpPert_norman_s1,OpPert s1,CBFA2T3+POU3F2,OpPert,0.795,0.98,0.18499999999999994,0.795,0.98,0.74,0.96,0.21999999999999997,0.74,0.96,0.55,1.0,0.44999999999999996,0.55,1.0,0.3529145452300861,0.8774487341617784,0.5245341889316923,0.3529145452300861,0.8774487341617784,0.32564400108765224,0.7661285052438345,0.44048450415618223,0.32564400108765224,0.7661285052438345,-0.20244441761504103,0.9279080549254515,1.1303524725404925,-0.20244441761504103,0.9279080549254515,0.15,0.45,0.30000000000000004,0.15,0.45,19.610023498535156,0.11472219228744507,19.49530130624771,0.11472219228744507,19.610023498535156
OpPert_norman_s1,OpPert s1,CBL+CNN1,OpPert,0.785,0.955,0.16999999999999993,0.785,0.955,0.68,0.98,0.29999999999999993,0.68,0.98,0.45,1.0,0.55,0.45,1.0,0.4045993228418782,0.8765441155521223,0.4719447927102441,0.4045993228418782,0.8765441155521223,0.33957498774035266,0.7813979481040442,0.4418229603636915,0.33957498774035266,0.7813979481040442,-0.6579063174269354,0.849700293981226,1.5076066114081614,-0.6579063174269354,0.849700293981226,0.1,0.45,0.35,0.1,0.45,19.124475479125977,0.27377235889434814,18.85070312023163,0.27377235889434814,19.124475479125977
OpPert_norman_s1,OpPert s1,CBL+PTPN12,OpPert,0.75,0.9,0.15000000000000002,0.75,0.9,0.7,0.86,0.16000000000000003,0.7,0.86,0.5,0.9,0.4,0.5,0.9,0.30887096578461887,0.8060301260377964,0.4971591602531776,0.30887096578461887,0.8060301260377964,0.29461134101767106,0.6853339215875343,0.3907225805698632,0.29461134101767106,0.6853339215875343,-0.7170152663928135,0.8361718004138995,1.553187066806713,-0.7170152663928135,0.8361718004138995,0.1,0.4,0.30000000000000004,0.1,0.4,18.937541961669922,0.16688507795333862,18.770656883716583,0.16688507795333862,18.937541961669922
OpPert_norman_s1,OpPert s1,CBL+TGFBR2,OpPert,0.735,0.905,0.17000000000000004,0.735,0.905,0.6,0.92,0.32000000000000006,0.6,0.92,0.45,0.95,0.49999999999999994,0.45,0.95,0.277045560001152,0.8219922834624087,0.5449467234612567,0.277045560001152,0.8219922834624087,0.26033627790402064,0.6946082583323713,0.43427198042835063,0.26033627790402064,0.6946082583323713,-0.7337568796666437,0.8382987150330345,1.5720555946996781,-0.7337568796666437,0.8382987150330345,0.1,0.45,0.35,0.1,0.45,19.087350845336914,0.11687012016773224,18.970480725169182,0.11687012016773224,19.087350845336914
OpPert_norman_s1,OpPert s1,CDKN1B+CDKN1C,OpPert,0.76,0.965,0.20499999999999996,0.76,0.965,0.64,0.94,0.29999999999999993,0.64,0.94,0.5,1.0,0.5,0.5,1.0,0.29970827468360356,0.8895610114133491,0.5898527367297455,0.29970827468360356,0.8895610114133491,0.29100244939643444,0.7540770174936077,0.46307456809717323,0.29100244939643444,0.7540770174936077,-0.7388435032843103,0.9332641770742958,1.672107680358606,-0.7388435032843103,0.9332641770742958,0.1,0.45,0.35,0.1,0.45,18.918903350830078,0.09315776079893112,18.825745590031147,0.09315776079893112,18.918903350830078
OpPert_norman_s1,OpPert s1,CEBPA+JUN,OpPert,0.89,0.995,0.10499999999999998,0.89,0.995,0.86,1.0,0.14,0.86,1.0,0.7,1.0,0.30000000000000004,0.7,1.0,0.6891197931240595,0.943806338207769,0.2546865450837096,0.6891197931240595,0.943806338207769,0.5754193580490651,0.8928844235010116,0.3174650654519465,0.5754193580490651,0.8928844235010116,-0.4998345478920571,0.9800305498177759,1.479865097709833,-0.4998345478920571,0.9800305498177759,0.0,0.5,0.5,0.0,0.5,17.084463119506836,0.18316568434238434,16.90129743516445,0.18316568434238434,17.084463119506836
OpPert_norman_s1,OpPert s1,CEBPB+CEBPE,OpPert,0.785,0.86,0.07499999999999996,0.785,0.86,0.7,0.92,0.22000000000000008,0.7,0.92,0.5,0.95,0.44999999999999996,0.5,0.95,0.37393115701409985,0.6543188640596602,0.2803877070455604,0.37393115701409985,0.6543188640596602,0.3632474824346659,0.5972678558112078,0.23402037337654186,0.3632474824346659,0.5972678558112078,-0.2129398476087983,0.8631467226307217,1.07608657023952,-0.2129398476087983,0.8631467226307217,0.2,0.15,0.05000000000000002,0.15,0.2,20.016925811767578,0.3952544331550598,19.62167137861252,0.3952544331550598,20.016925811767578
OpPert_norman_s1,OpPert s1,CEBPB+MAPK1,OpPert,0.78,0.96,0.17999999999999994,0.78,0.96,0.68,0.92,0.24,0.68,0.92,0.65,1.0,0.35,0.65,1.0,0.4222191034471836,0.8556328464422587,0.43341374299507507,0.4222191034471836,0.8556328464422587,0.36242962090693065,0.7936696615401667,0.43124004063323607,0.36242962090693065,0.7936696615401667,-0.662238084345374,0.8878003744660644,1.5500384588114384,-0.662238084345374,0.8878003744660644,0.15,0.35,0.19999999999999998,0.15,0.35,18.563447952270508,0.09376665949821472,18.469681292772293,0.09376665949821472,18.563447952270508
OpPert_norman_s1,OpPert s1,CEBPE+ETS2,OpPert,0.75,0.75,0.0,0.75,0.75,0.6,0.66,0.06000000000000005,0.6,0.66,0.5,0.5,0.0,0.5,0.5,0.29792263642797606,0.3813056741005789,0.08338303767260286,0.29792263642797606,0.3813056741005789,0.2914312378485616,0.40481437603671805,0.11338313818815643,0.2914312378485616,0.40481437603671805,-0.5251121624364036,-0.6077323164190811,0.08262015398267752,-0.6077323164190811,-0.5251121624364036,0.2,0.15,0.05000000000000002,0.15,0.2,20.723861694335938,1.0764824151992798,19.647379279136658,1.0764824151992798,20.723861694335938
OpPert_norman_s1,OpPert s1,CEBPE+ZC3HAV1,OpPert,0.7,0.555,0.1449999999999999,0.555,0.7,0.5,0.44,0.06,0.44,0.5,0.35,0.25,0.09999999999999998,0.25,0.35,0.17183553926738657,-0.01186350722796477,0.18369904649535135,-0.01186350722796477,0.17183553926738657,0.20331778356742658,0.06306339729719525,0.14025438627023135,0.06306339729719525,0.20331778356742658,-0.16570358930445747,-0.5265561899488973,0.3608526006444398,-0.5265561899488973,-0.16570358930445747,0.15,0.15,0.0,0.15,0.15,20.607011795043945,0.6622971892356873,19.944714605808258,0.6622971892356873,20.607011795043945
OpPert_norman_s1,OpPert s1,DUSP9+SNAI1,OpPert,0.835,0.975,0.14,0.835,0.975,0.76,0.96,0.19999999999999996,0.76,0.96,0.55,0.95,0.3999999999999999,0.55,0.95,0.5025924736071833,0.9115544739975532,0.4089620003903699,0.5025924736071833,0.9115544739975532,0.42252690900928325,0.8266143341194983,0.404087425110215,0.42252690900928325,0.8266143341194983,-0.4634237082004834,0.8920646164888717,1.3554883246893552,-0.4634237082004834,0.8920646164888717,0.1,0.45,0.35,0.1,0.45,18.826763153076172,0.15900090336799622,18.667762249708176,0.15900090336799622,18.826763153076172
OpPert_norman_s1,OpPert s1,FEV+MAP7D1,OpPert,0.745,0.73,0.015000000000000013,0.73,0.745,0.62,0.74,0.12,0.62,0.74,0.4,0.75,0.35,0.4,0.75,0.2861097933839975,0.6070605672617844,0.32095077387778687,0.2861097933839975,0.6070605672617844,0.26828256885574336,0.4595654134696119,0.19128284461386852,0.26828256885574336,0.4595654134696119,-0.5579170841323432,0.576454403007438,1.1343714871397812,-0.5579170841323432,0.576454403007438,0.1,0.3,0.19999999999999998,0.1,0.3,20.35993766784668,0.43687954545021057,19.92305812239647,0.43687954545021057,20.35993766784668
OpPert_norman_s1,OpPert s1,FOSB+UBASH3B,OpPert,0.705,0.84,0.135,0.705,0.84,0.52,0.74,0.21999999999999997,0.52,0.74,0.4,0.65,0.25,0.4,0.65,0.17556310546002366,0.6232356030349763,0.44767249757495264,0.17556310546002366,0.6232356030349763,0.22148831513337938,0.537006623435203,0.3155183083018236,0.22148831513337938,0.537006623435203,-0.7822718728554228,0.20842679202933387,0.9906986648847567,-0.7822718728554228,0.20842679202933387,0.1,0.25,0.15,0.1,0.25,19.410442352294922,0.39841097593307495,19.012031376361847,0.39841097593307495,19.410442352294922
OpPert_norman_s1,OpPert s1,FOXA3+FOXL2,OpPert,0.805,0.96,0.15499999999999992,0.805,0.96,0.78,0.96,0.17999999999999994,0.78,0.96,0.55,0.95,0.3999999999999999,0.55,0.95,0.4402870780326057,0.8972340700736164,0.45694699204101075,0.4402870780326057,0.8972340700736164,0.39522304061897484,0.82611171103371,0.4308886704147351,0.39522304061897484,0.82611171103371,-0.32228773160480884,0.9137109035483691,1.235998635153178,-0.32228773160480884,0.9137109035483691,0.15,0.5,0.35,0.15,0.5,19.65511703491211,0.23013237118721008,19.4249846637249,0.23013237118721008,19.65511703491211
OpPert_norman_s1,OpPert s1,FOXL2+POU3F2,OpPert,0.8,0.98,0.17999999999999994,0.8,0.98,0.78,0.98,0.19999999999999996,0.78,0.98,0.55,1.0,0.44999999999999996,0.55,1.0,0.4101789432569095,0.934017059166343,0.5238381159094335,0.4101789432569095,0.934017059166343,0.3689019009327883,0.8155700561141627,0.44666815518137437,0.3689019009327883,0.8155700561141627,-0.15404219591069243,0.9565058715223932,1.1105480674330857,-0.15404219591069243,0.9565058715223932,0.15,0.5,0.35,0.15,0.5,19.22039222717285,0.07089779525995255,19.1494944319129,0.07089779525995255,19.22039222717285
OpPert_norman_s1,OpPert s1,MAP2K6+SPI1,OpPert,0.675,0.775,0.09999999999999998,0.675,0.775,0.6,0.78,0.18000000000000005,0.6,0.78,0.7,0.65,0.04999999999999993,0.65,0.7,0.04853107890859889,0.48764411501985144,0.4391130361112526,0.04853107890859889,0.48764411501985144,0.08116324641722675,0.34888083257405816,0.2677175861568314,0.08116324641722675,0.34888083257405816,-0.38257486998754264,0.22769269604983566,0.6102675660373783,-0.38257486998754264,0.22769269604983566,0.15,0.2,0.05000000000000002,0.15,0.2,18.317716598510742,0.17145228385925293,18.14626431465149,0.17145228385925293,18.317716598510742
OpPert_norman_s1,OpPert s1,PTPN12+UBASH3A,OpPert,0.77,0.945,0.17499999999999993,0.77,0.945,0.68,0.96,0.2799999999999999,0.68,0.96,0.45,1.0,0.55,0.45,1.0,0.3773385273324171,0.8819489955308618,0.5046104681984447,0.3773385273324171,0.8819489955308618,0.3305394911431294,0.7679309139773631,0.4373914228342337,0.3305394911431294,0.7679309139773631,-0.728325352358277,0.8730345047564171,1.601359857114694,-0.728325352358277,0.8730345047564171,0.1,0.55,0.45000000000000007,0.1,0.55,19.085655212402344,0.1380915492773056,18.947563663125038,0.1380915492773056,19.085655212402344
OpPert_norman_s1,OpPert s1,PTPN12+UBASH3B,OpPert,0.755,0.955,0.19999999999999996,0.755,0.955,0.7,0.96,0.26,0.7,0.96,0.4,1.0,0.6,0.4,1.0,0.3318251220128036,0.9014662287412611,0.5696411067284575,0.3318251220128036,0.9014662287412611,0.3104633158418251,0.7918483962487136,0.4813850804068885,0.3104633158418251,0.7918483962487136,-0.7122105222855959,0.9152864691382376,1.6274969914238335,-0.7122105222855959,0.9152864691382376,0.1,0.65,0.55,0.1,0.65,19.13275146484375,0.09110890328884125,19.04164256155491,0.09110890328884125,19.13275146484375
OpPert_norman_s1,OpPert s1,PTPN12+ZBTB10,OpPert,0.78,0.95,0.16999999999999993,0.78,0.95,0.68,0.96,0.2799999999999999,0.68,0.96,0.5,1.0,0.5,0.5,1.0,0.33814624007707517,0.8839789827566539,0.5458327426795787,0.33814624007707517,0.8839789827566539,0.31150741167056584,0.7407357714279919,0.429228359757426,0.31150741167056584,0.7407357714279919,-0.6022120339340622,0.939902583346212,1.5421146172802742,-0.6022120339340622,0.939902583346212,0.1,0.4,0.30000000000000004,0.1,0.4,18.79050636291504,0.05690028518438339,18.733606077730656,0.05690028518438339,18.79050636291504
OpPert_norman_s1,OpPert s1,SNAI1+ZBTB10,OpPert,0.81,0.935,0.125,0.81,0.935,0.76,0.92,0.16000000000000003,0.76,0.92,0.5,0.85,0.35,0.5,0.85,0.4521437036879718,0.8125569460457046,0.3604132423577328,0.4521437036879718,0.8125569460457046,0.4104924252047454,0.733073950329107,0.32258152512436167,0.4104924252047454,0.733073950329107,-0.3948075990894691,0.6792144427345835,1.0740220418240527,-0.3948075990894691,0.6792144427345835,0.1,0.15,0.04999999999999999,0.1,0.15,19.455902099609375,0.38839417695999146,19.067507922649384,0.38839417695999146,19.455902099609375
OpPert_norman_s2,OpPert s2,AHR+KLF1,OpPert,0.74,0.6,0.14,0.6,0.74,0.7,0.76,0.06000000000000005,0.7,0.76,0.7,0.75,0.050000000000000044,0.7,0.75,0.2093725814600856,0.5207740372928517,0.311401455832766,0.2093725814600856,0.5207740372928517,0.20157742821388028,0.33439977182084835,0.13282234360696807,0.20157742821388028,0.33439977182084835,-0.6276509044651953,0.6400728316351396,1.267723736100335,-0.6276509044651953,0.6400728316351396,0.1,0.25,0.15,0.1,0.25,19.158252716064453,0.349503755569458,18.808748960494995,0.349503755569458,19.158252716064453
OpPert_norman_s2,OpPert s2,BAK1+BCL2L11,OpPert,0.685,0.39,0.29500000000000004,0.39,0.685,0.58,0.42,0.15999999999999998,0.42,0.58,0.55,0.45,0.10000000000000003,0.45,0.55,0.03134386511950175,-0.049125107758815956,0.0804689728783177,-0.049125107758815956,0.03134386511950175,0.0942193075211981,-0.05439992459902312,0.1486192321202212,-0.05439992459902312,0.0942193075211981,-0.39220661658095496,0.22542927795108528,0.6176358945320403,-0.39220661658095496,0.22542927795108528,0.1,0.15,0.04999999999999999,0.1,0.15,19.584850311279297,0.16000181436538696,19.42484849691391,0.16000181436538696,19.584850311279297
OpPert_norman_s2,OpPert s2,BPGM+SAMD1,OpPert,0.8,0.985,0.18499999999999994,0.8,0.985,0.72,0.96,0.24,0.72,0.96,0.55,1.0,0.44999999999999996,0.55,1.0,0.38671651166385035,0.8997241368986038,0.5130076252347534,0.38671651166385035,0.8997241368986038,0.3354845259015339,0.7875471504845055,0.45206262458297164,0.3354845259015339,0.7875471504845055,-0.6977420945162551,0.861265777970155,1.55900787248641,-0.6977420945162551,0.861265777970155,0.1,0.5,0.4,0.1,0.5,19.81873321533203,0.3848244249820709,19.43390879034996,0.3848244249820709,19.81873321533203
OpPert_norman_s2,OpPert s2,CBFA2T3+FEV,OpPert,0.805,0.9,0.09499999999999997,0.805,0.9,0.76,0.86,0.09999999999999998,0.76,0.86,0.45,0.8,0.35000000000000003,0.45,0.8,0.4526974683596247,0.755380278441628,0.3026828100820033,0.4526974683596247,0.755380278441628,0.401059456528651,0.6290552384738404,0.22799578194518938,0.401059456528651,0.6290552384738404,-0.3596839235476894,0.6065767614083575,0.9662606849560469,-0.3596839235476894,0.6065767614083575,0.1,0.3,0.19999999999999998,0.1,0.3,19.668628692626953,0.5849460363388062,19.083682656288147,0.5849460363388062,19.668628692626953
OpPert_norman_s2,OpPert s2,CBFA2T3+POU3F2,OpPert,0.805,0.98,0.17499999999999993,0.805,0.98,0.74,0.98,0.24,0.74,0.98,0.55,1.0,0.44999999999999996,0.55,1.0,0.3863788790263039,0.884316421122636,0.49793754209633206,0.3863788790263039,0.884316421122636,0.358059914583735,0.7743164306621896,0.4162565160784546,0.358059914583735,0.7743164306621896,-0.21691544532643303,0.937012748432867,1.1539281937593,-0.21691544532643303,0.937012748432867,0.15,0.5,0.35,0.15,0.5,19.74355125427246,0.1793222427368164,19.564229011535645,0.1793222427368164,19.74355125427246
OpPert_norman_s2,OpPert s2,CBL+CNN1,OpPert,0.79,0.955,0.16499999999999992,0.79,0.955,0.68,0.98,0.29999999999999993,0.68,0.98,0.45,1.0,0.55,0.45,1.0,0.4428806747231718,0.8709377757179507,0.42805710099477895,0.4428806747231718,0.8709377757179507,0.37781304613715394,0.775110814590427,0.397297768453273,0.37781304613715394,0.775110814590427,-0.6868186062532217,0.8435031290034599,1.5303217352566816,-0.6868186062532217,0.8435031290034599,0.1,0.35,0.24999999999999997,0.1,0.35,19.194950103759766,0.2508561313152313,18.944093972444534,0.2508561313152313,19.194950103759766
OpPert_norman_s2,OpPert s2,CBL+PTPN12,OpPert,0.75,0.91,0.16000000000000003,0.75,0.91,0.64,0.86,0.21999999999999997,0.64,0.86,0.4,0.9,0.5,0.4,0.9,0.34452644920124925,0.8194465689222121,0.4749201197209629,0.34452644920124925,0.8194465689222121,0.3367274539375177,0.7141564638934706,0.37742900995595297,0.3367274539375177,0.7141564638934706,-0.7354918656153656,0.8498621358226417,1.5853540014380072,-0.7354918656153656,0.8498621358226417,0.1,0.45,0.35,0.1,0.45,19.341571807861328,0.1423444002866745,19.199227407574654,0.1423444002866745,19.341571807861328
OpPert_norman_s2,OpPert s2,CBL+TGFBR2,OpPert,0.735,0.92,0.18500000000000005,0.735,0.92,0.58,0.94,0.36,0.58,0.94,0.4,0.95,0.5499999999999999,0.4,0.95,0.2988599675091386,0.8171790279930585,0.5183190604839198,0.2988599675091386,0.8171790279930585,0.2858724689906637,0.7006777556320599,0.4148052866413962,0.2858724689906637,0.7006777556320599,-0.7415379754258307,0.8302222262999975,1.5717602017258283,-0.7415379754258307,0.8302222262999975,0.15,0.45,0.30000000000000004,0.15,0.45,19.298227310180664,0.1384541541337967,19.159773156046867,0.1384541541337967,19.298227310180664
OpPert_norman_s2,OpPert s2,CDKN1B+CDKN1C,OpPert,0.76,0.97,0.20999999999999996,0.76,0.97,0.62,0.94,0.31999999999999995,0.62,0.94,0.45,1.0,0.55,0.45,1.0,0.3436674212403348,0.9035103801476223,0.5598429589072875,0.3436674212403348,0.9035103801476223,0.33728412454433854,0.784199448264759,0.4469153237204204,0.33728412454433854,0.784199448264759,-0.7406551325829787,0.9403134246712685,1.6809685572542472,-0.7406551325829787,0.9403134246712685,0.1,0.45,0.35,0.1,0.45,19.148029327392578,0.13301298022270203,19.015016347169876,0.13301298022270203,19.148029327392578
OpPert_norman_s2,OpPert s2,CEBPA+JUN,OpPert,0.875,0.995,0.12,0.875,0.995,0.82,1.0,0.18000000000000005,0.82,1.0,0.65,1.0,0.35,0.65,1.0,0.6856523155849332,0.942431966299846,0.2567796507149128,0.6856523155849332,0.942431966299846,0.5784250792748767,0.8883455482107785,0.30992046893590175,0.5784250792748767,0.8883455482107785,-0.5212741851233967,0.9804604818603913,1.501734666983788,-0.5212741851233967,0.9804604818603913,0.0,0.5,0.5,0.0,0.5,17.40554428100586,0.13742533326148987,17.26811894774437,0.13742533326148987,17.40554428100586
OpPert_norman_s2,OpPert s2,CEBPB+CEBPE,OpPert,0.78,0.895,0.11499999999999999,0.78,0.895,0.64,0.94,0.29999999999999993,0.64,0.94,0.45,0.95,0.49999999999999994,0.45,0.95,0.4287275139860995,0.697205941747733,0.2684784277616335,0.4287275139860995,0.697205941747733,0.41580391429069746,0.6419800840080108,0.2261761697173133,0.41580391429069746,0.6419800840080108,-0.2073520048978727,0.8831678791345103,1.090519884032383,-0.2073520048978727,0.8831678791345103,0.2,0.2,0.0,0.2,0.2,20.12896728515625,0.33648139238357544,19.792485892772675,0.33648139238357544,20.12896728515625
OpPert_norman_s2,OpPert s2,CEBPB+MAPK1,OpPert,0.805,0.97,0.16499999999999992,0.805,0.97,0.7,0.94,0.24,0.7,0.94,0.65,1.0,0.35,0.65,1.0,0.491116550492184,0.876388426281239,0.38527187578905503,0.491116550492184,0.876388426281239,0.41910603604206736,0.8221153997457258,0.4030093637036584,0.41910603604206736,0.8221153997457258,-0.6186903050453433,0.9089742223046735,1.5276645273500167,-0.6186903050453433,0.9089742223046735,0.1,0.5,0.4,0.1,0.5,18.303550720214844,0.08199645578861237,18.22155426442623,0.08199645578861237,18.303550720214844
OpPert_norman_s2,OpPert s2,CEBPE+ETS2,OpPert,0.775,0.775,0.0,0.775,0.775,0.64,0.72,0.07999999999999996,0.64,0.72,0.5,0.55,0.050000000000000044,0.5,0.55,0.337204263784955,0.4161842506018856,0.07897998681693058,0.337204263784955,0.4161842506018856,0.3284285483249434,0.4331896694558056,0.10476112113086222,0.3284285483249434,0.4331896694558056,-0.48008272417499115,-0.5411058395634758,0.06102311538848465,-0.5411058395634758,-0.48008272417499115,0.2,0.15,0.05000000000000002,0.15,0.2,20.974390029907227,1.1351284980773926,19.839261531829834,1.1351284980773926,20.974390029907227
OpPert_norman_s2,OpPert s2,CEBPE+ZC3HAV1,OpPert,0.695,0.62,0.07499999999999996,0.62,0.695,0.48,0.56,0.08000000000000007,0.48,0.56,0.3,0.5,0.2,0.3,0.5,0.23107147564406108,0.09044707251577479,0.14062440312828628,0.09044707251577479,0.23107147564406108,0.25467161100030594,0.12752563077404028,0.12714598022626566,0.12752563077404028,0.25467161100030594,-0.16800708260531147,-0.4080129804530911,0.24000589784777962,-0.4080129804530911,-0.16800708260531147,0.15,0.15,0.0,0.15,0.15,20.6997013092041,0.6055488586425781,20.094152450561523,0.6055488586425781,20.6997013092041
OpPert_norman_s2,OpPert s2,DUSP9+SNAI1,OpPert,0.835,0.975,0.14,0.835,0.975,0.76,0.96,0.19999999999999996,0.76,0.96,0.6,0.95,0.35,0.6,0.95,0.5103551075634933,0.9059598222462056,0.3956047146827123,0.5103551075634933,0.9059598222462056,0.44031955825765096,0.8192208433883029,0.37890128513065197,0.44031955825765096,0.8192208433883029,-0.504778372620893,0.8935615709469347,1.3983399435678276,-0.504778372620893,0.8935615709469347,0.1,0.4,0.30000000000000004,0.1,0.4,18.89341926574707,0.16060039401054382,18.732818871736526,0.16060039401054382,18.89341926574707
OpPert_norman_s2,OpPert s2,FEV+MAP7D1,OpPert,0.75,0.735,0.015000000000000013,0.735,0.75,0.62,0.76,0.14,0.62,0.76,0.4,0.75,0.35,0.4,0.75,0.32493332752144766,0.6242329844394332,0.29929965691798555,0.32493332752144766,0.6242329844394332,0.2996692711241237,0.4718922126570233,0.17222294153289958,0.2996692711241237,0.4718922126570233,-0.5926616913955477,0.6207159033189023,1.21337759471445,-0.5926616913955477,0.6207159033189023,0.1,0.35,0.24999999999999997,0.1,0.35,20.224496841430664,0.46667543053627014,19.757821410894394,0.46667543053627014,20.224496841430664
OpPert_norman_s2,OpPert s2,FOSB+UBASH3B,OpPert,0.715,0.85,0.135,0.715,0.85,0.52,0.78,0.26,0.52,0.78,0.35,0.7,0.35,0.35,0.7,0.19989690668905918,0.6486434928135093,0.4487465861244501,0.19989690668905918,0.6486434928135093,0.250285473512632,0.5674899263124028,0.31720445279977083,0.250285473512632,0.5674899263124028,-0.7972456474550504,0.25598052207406624,1.0532261695291167,-0.7972456474550504,0.25598052207406624,0.1,0.25,0.15,0.1,0.25,19.872438430786133,0.49426180124282837,19.378176629543304,0.49426180124282837,19.872438430786133
OpPert_norman_s2,OpPert s2,FOXA3+FOXL2,OpPert,0.82,0.96,0.14,0.82,0.96,0.78,0.96,0.17999999999999994,0.78,0.96,0.55,0.95,0.3999999999999999,0.55,0.95,0.441119950773647,0.8803101595590972,0.4391902087854502,0.441119950773647,0.8803101595590972,0.40600440901966417,0.8032973840183901,0.39729297499872596,0.40600440901966417,0.8032973840183901,-0.26261428940834075,0.9093281472133564,1.171942436621697,-0.26261428940834075,0.9093281472133564,0.15,0.45,0.30000000000000004,0.15,0.45,19.98310661315918,0.2516656517982483,19.73144096136093,0.2516656517982483,19.98310661315918
OpPert_norman_s2,OpPert s2,FOXL2+POU3F2,OpPert,0.805,0.98,0.17499999999999993,0.805,0.98,0.78,0.98,0.19999999999999996,0.78,0.98,0.55,1.0,0.44999999999999996,0.55,1.0,0.42992010327895663,0.9283109400325356,0.4983908367535789,0.42992010327895663,0.9283109400325356,0.3889406785965346,0.8088188794643003,0.4198782008677657,0.3889406785965346,0.8088188794643003,-0.13749884920673217,0.9515131852955276,1.0890120345022598,-0.13749884920673217,0.9515131852955276,0.15,0.5,0.35,0.15,0.5,19.501434326171875,0.15611889958381653,19.34531542658806,0.15611889958381653,19.501434326171875
OpPert_norman_s2,OpPert s2,MAP2K6+SPI1,OpPert,0.73,0.84,0.10999999999999999,0.73,0.84,0.64,0.82,0.17999999999999994,0.64,0.82,0.65,0.8,0.15000000000000002,0.65,0.8,0.19009542025268528,0.6107371575652877,0.4206417373126024,0.19009542025268528,0.6107371575652877,0.20606513707964036,0.4640854153918848,0.25802027831224444,0.20606513707964036,0.4640854153918848,-0.5061525222896401,0.3913400259721089,0.8974925482617491,-0.5061525222896401,0.3913400259721089,0.15,0.2,0.05000000000000002,0.15,0.2,18.52773666381836,0.14772063493728638,18.380016028881073,0.14772063493728638,18.52773666381836
OpPert_norman_s2,OpPert s2,PTPN12+UBASH3A,OpPert,0.78,0.955,0.17499999999999993,0.78,0.955,0.7,0.98,0.28,0.7,0.98,0.4,1.0,0.6,0.4,1.0,0.3962103968580907,0.8969033536729085,0.5006929568148178,0.3962103968580907,0.8969033536729085,0.3604094418671579,0.7972254160234467,0.43681597415628876,0.3604094418671579,0.7972254160234467,-0.7249039215336915,0.8903522396728271,1.6152561612065186,-0.7249039215336915,0.8903522396728271,0.05,0.6,0.5499999999999999,0.05,0.6,19.508520126342773,0.15634410083293915,19.352176025509834,0.15634410083293915,19.508520126342773
OpPert_norman_s2,OpPert s2,PTPN12+UBASH3B,OpPert,0.77,0.97,0.19999999999999996,0.77,0.97,0.66,0.98,0.31999999999999995,0.66,0.98,0.25,1.0,0.75,0.25,1.0,0.3725803246847459,0.9062545298454427,0.5336742051606969,0.3725803246847459,0.9062545298454427,0.3628905391451604,0.8101734594283518,0.44728292028319144,0.3628905391451604,0.8101734594283518,-0.6943687681258606,0.9110146613208672,1.6053834294467277,-0.6943687681258606,0.9110146613208672,0.05,0.65,0.6,0.05,0.65,19.720989227294922,0.12491439282894135,19.59607483446598,0.12491439282894135,19.720989227294922
OpPert_norman_s2,OpPert s2,PTPN12+ZBTB10,OpPert,0.775,0.945,0.16999999999999993,0.775,0.945,0.64,0.94,0.29999999999999993,0.64,0.94,0.4,0.95,0.5499999999999999,0.4,0.95,0.36664290341269734,0.879493288247461,0.5128503848347636,0.36664290341269734,0.879493288247461,0.3472829002899187,0.7391568393338833,0.3918739390439646,0.3472829002899187,0.7391568393338833,-0.6240993292362825,0.9325447882534993,1.5566441174897818,-0.6240993292362825,0.9325447882534993,0.1,0.45,0.35,0.1,0.45,19.038291931152344,0.11138646304607391,18.92690546810627,0.11138646304607391,19.038291931152344
OpPert_norman_s2,OpPert s2,SNAI1+ZBTB10,OpPert,0.82,0.94,0.12,0.82,0.94,0.78,0.94,0.15999999999999992,0.78,0.94,0.55,0.9,0.35,0.55,0.9,0.46034490780772197,0.8018633489462973,0.3415184411385753,0.46034490780772197,0.8018633489462973,0.42193836061258944,0.7268600012469124,0.304921640634323,0.42193836061258944,0.7268600012469124,-0.3371938961223052,0.6316397231366507,0.968833619258956,-0.3371938961223052,0.6316397231366507,0.15,0.2,0.05000000000000002,0.15,0.2,19.612564086914062,0.46189576387405396,19.15066832304001,0.46189576387405396,19.612564086914062
OpPert_norman_s3,OpPert s3,AHR+KLF1,OpPert,0.72,0.58,0.14,0.58,0.72,0.7,0.76,0.06000000000000005,0.7,0.76,0.7,0.75,0.050000000000000044,0.7,0.75,0.23108951070776992,0.5298944974251327,0.2988049867173628,0.23108951070776992,0.5298944974251327,0.20784294482183951,0.34699481246557123,0.13915186764373172,0.20784294482183951,0.34699481246557123,-0.532240385549328,0.6355981176601384,1.1678385032094662,-0.532240385549328,0.6355981176601384,0.15,0.3,0.15,0.15,0.3,18.607547760009766,0.4661045968532562,18.14144316315651,0.4661045968532562,18.607547760009766
OpPert_norman_s3,OpPert s3,BAK1+BCL2L11,OpPert,0.67,0.385,0.28500000000000003,0.385,0.67,0.56,0.4,0.16000000000000003,0.4,0.56,0.5,0.45,0.04999999999999999,0.45,0.5,0.045829189945450696,-0.05134183870859869,0.09717102865404939,-0.05134183870859869,0.045829189945450696,0.10654720714699045,-0.05775114826877414,0.1642983554157646,-0.05775114826877414,0.10654720714699045,-0.4891077215312117,0.22439812515626564,0.7135058466874773,-0.4891077215312117,0.22439812515626564,0.15,0.25,0.1,0.15,0.25,19.336265563964844,0.14098873734474182,19.195276826620102,0.14098873734474182,19.336265563964844
OpPert_norman_s3,OpPert s3,BPGM+SAMD1,OpPert,0.795,0.985,0.18999999999999995,0.795,0.985,0.72,0.96,0.24,0.72,0.96,0.55,1.0,0.44999999999999996,0.55,1.0,0.37830127103378874,0.9092864550449166,0.5309851840111278,0.37830127103378874,0.9092864550449166,0.3225339272777864,0.7960712073989641,0.4735372801211777,0.3225339272777864,0.7960712073989641,-0.6902795952552027,0.8758204259847135,1.566100021239916,-0.6902795952552027,0.8758204259847135,0.1,0.55,0.45000000000000007,0.1,0.55,19.775400161743164,0.47267216444015503,19.30272799730301,0.47267216444015503,19.775400161743164
OpPert_norman_s3,OpPert s3,CBFA2T3+FEV,OpPert,0.81,0.91,0.09999999999999998,0.81,0.91,0.82,0.88,0.06000000000000005,0.82,0.88,0.6,0.85,0.25,0.6,0.85,0.447828943849639,0.7626529549836327,0.3148240111339937,0.447828943849639,0.7626529549836327,0.38681764743733926,0.6254273496450424,0.23860970220770317,0.38681764743733926,0.6254273496450424,-0.3692090921320194,0.617139765109694,0.9863488572417134,-0.3692090921320194,0.617139765109694,0.1,0.35,0.24999999999999997,0.1,0.35,19.54574966430664,0.5711601376533508,18.97458952665329,0.5711601376533508,19.54574966430664
OpPert_norman_s3,OpPert s3,CBFA2T3+POU3F2,OpPert,0.805,0.975,0.16999999999999993,0.805,0.975,0.76,0.96,0.19999999999999996,0.76,0.96,0.55,1.0,0.44999999999999996,0.55,1.0,0.3799229913177585,0.8806395541069004,0.5007165627891419,0.3799229913177585,0.8806395541069004,0.3460964812903695,0.7727052075184013,0.4266087262280318,0.3460964812903695,0.7727052075184013,-0.22062175952143215,0.9310151548554857,1.1516369143769178,-0.22062175952143215,0.9310151548554857,0.15,0.45,0.30000000000000004,0.15,0.45,19.5581111907959,0.13566958904266357,19.422441601753235,0.13566958904266357,19.5581111907959
OpPert_norman_s3,OpPert s3,CBL+CNN1,OpPert,0.785,0.955,0.16999999999999993,0.785,0.955,0.7,0.98,0.28,0.7,0.98,0.5,1.0,0.5,0.5,1.0,0.43984380585991184,0.8833058148406067,0.4434620089806948,0.43984380585991184,0.8833058148406067,0.3711448273428769,0.7884377196331509,0.417292892290274,0.3711448273428769,0.7884377196331509,-0.6810136155941856,0.8589554017053718,1.5399690172995575,-0.6810136155941856,0.8589554017053718,0.1,0.45,0.35,0.1,0.45,19.17026710510254,0.22549207508563995,18.9447750300169,0.22549207508563995,19.17026710510254
OpPert_norman_s3,OpPert s3,CBL+PTPN12,OpPert,0.755,0.92,0.16500000000000004,0.755,0.92,0.66,0.88,0.21999999999999997,0.66,0.88,0.4,0.9,0.5,0.4,0.9,0.3418094585902323,0.8218290168645778,0.48001955827434545,0.3418094585902323,0.8218290168645778,0.3331569100009875,0.7072850461318746,0.3741281361308871,0.3331569100009875,0.7072850461318746,-0.7481335031351706,0.8367981359777814,1.584931639112952,-0.7481335031351706,0.8367981359777814,0.1,0.45,0.35,0.1,0.45,19.15801429748535,0.16091077029705048,18.9971035271883,0.16091077029705048,19.15801429748535
OpPert_norman_s3,OpPert s3,CBL+TGFBR2,OpPert,0.755,0.945,0.18999999999999995,0.755,0.945,0.62,0.94,0.31999999999999995,0.62,0.94,0.45,0.95,0.49999999999999994,0.45,0.95,0.32741026505285475,0.8305518852469418,0.503141620194087,0.32741026505285475,0.8305518852469418,0.30194654863062614,0.7097706274241115,0.4078240787934853,0.30194654863062614,0.7097706274241115,-0.7123470784981736,0.8548568718381925,1.5672039503363662,-0.7123470784981736,0.8548568718381925,0.15,0.5,0.35,0.15,0.5,18.968969345092773,0.10871736705303192,18.86025197803974,0.10871736705303192,18.968969345092773
OpPert_norman_s3,OpPert s3,CDKN1B+CDKN1C,OpPert,0.765,0.965,0.19999999999999996,0.765,0.965,0.64,0.94,0.29999999999999993,0.64,0.94,0.5,1.0,0.5,0.5,1.0,0.34238305804915703,0.9004065097296511,0.558023451680494,0.34238305804915703,0.9004065097296511,0.32990718289811644,0.7737088850380923,0.4438017021399759,0.32990718289811644,0.7737088850380923,-0.7517034058223366,0.9342437299813227,1.6859471358036593,-0.7517034058223366,0.9342437299813227,0.1,0.45,0.35,0.1,0.45,18.9041748046875,0.09573565423488617,18.808439150452614,0.09573565423488617,18.9041748046875
OpPert_norman_s3,OpPert s3,CEBPA+JUN,OpPert,0.9,0.995,0.09499999999999997,0.9,0.995,0.88,1.0,0.12,0.88,1.0,0.75,1.0,0.25,0.75,1.0,0.6988067654383789,0.9443496196077416,0.2455428541693626,0.6988067654383789,0.9443496196077416,0.5824435404779895,0.8930286183756794,0.31058507789768985,0.5824435404779895,0.8930286183756794,-0.5220511254773567,0.9746377450586281,1.4966888705359849,-0.5220511254773567,0.9746377450586281,0.0,0.6,0.6,0.0,0.6,16.95122528076172,0.30473339557647705,16.64649188518524,0.30473339557647705,16.95122528076172
OpPert_norman_s3,OpPert s3,CEBPB+CEBPE,OpPert,0.795,0.905,0.10999999999999999,0.795,0.905,0.68,0.94,0.2599999999999999,0.68,0.94,0.5,0.95,0.44999999999999996,0.5,0.95,0.44918551078021185,0.745999173721902,0.2968136629416902,0.44918551078021185,0.745999173721902,0.4204612707111145,0.6883240308305308,0.26786276011941634,0.4204612707111145,0.6883240308305308,-0.3250288142760583,0.879453201263492,1.2044820155395504,-0.3250288142760583,0.879453201263492,0.15,0.25,0.1,0.15,0.25,19.650493621826172,0.31885412335395813,19.331639498472214,0.31885412335395813,19.650493621826172
OpPert_norman_s3,OpPert s3,CEBPB+MAPK1,OpPert,0.81,0.965,0.15499999999999992,0.81,0.965,0.72,0.94,0.21999999999999997,0.72,0.94,0.7,1.0,0.30000000000000004,0.7,1.0,0.4844567317852128,0.8758754128179997,0.39141868103278693,0.4844567317852128,0.8758754128179997,0.406866275839665,0.8214638146206378,0.4145975387809728,0.406866275839665,0.8214638146206378,-0.630744471600888,0.908175310557719,1.5389197821586071,-0.630744471600888,0.908175310557719,0.1,0.45,0.35,0.1,0.45,18.218252182006836,0.07941728085279465,18.13883490115404,0.07941728085279465,18.218252182006836
OpPert_norman_s3,OpPert s3,CEBPE+ETS2,OpPert,0.755,0.82,0.06499999999999995,0.755,0.82,0.6,0.8,0.20000000000000007,0.6,0.8,0.45,0.65,0.2,0.45,0.65,0.3632512978819589,0.5254837613467057,0.1622324634647468,0.3632512978819589,0.5254837613467057,0.34143831095742216,0.5139481887369323,0.1725098777795101,0.34143831095742216,0.5139481887369323,-0.6356082245364735,-0.2108612147891554,0.42474700974731805,-0.6356082245364735,-0.2108612147891554,0.1,0.1,0.0,0.1,0.1,20.234392166137695,0.7288011312484741,19.50559103488922,0.7288011312484741,20.234392166137695
OpPert_norman_s3,OpPert s3,CEBPE+ZC3HAV1,OpPert,0.68,0.655,0.025000000000000022,0.655,0.68,0.5,0.52,0.020000000000000018,0.5,0.52,0.35,0.4,0.050000000000000044,0.35,0.4,0.23962647460347766,0.17852581830516376,0.061100656298313905,0.17852581830516376,0.23962647460347766,0.25368859071580524,0.1819107564588214,0.07177783425698384,0.1819107564588214,0.25368859071580524,-0.2616343406257922,-0.31225335872631665,0.05061901810052444,-0.31225335872631665,-0.2616343406257922,0.15,0.15,0.0,0.15,0.15,20.166494369506836,0.4034598767757416,19.763034492731094,0.4034598767757416,20.166494369506836
OpPert_norman_s3,OpPert s3,DUSP9+SNAI1,OpPert,0.84,0.98,0.14,0.84,0.98,0.78,0.98,0.19999999999999996,0.78,0.98,0.65,1.0,0.35,0.65,1.0,0.547117830433484,0.9156251800254791,0.36850734959199505,0.547117830433484,0.9156251800254791,0.460207724621864,0.8310460078049539,0.37083828318308987,0.460207724621864,0.8310460078049539,-0.4876590496373448,0.8960680265604675,1.3837270761978122,-0.4876590496373448,0.8960680265604675,0.1,0.4,0.30000000000000004,0.1,0.4,18.645923614501953,0.1583283394575119,18.48759527504444,0.1583283394575119,18.645923614501953
OpPert_norman_s3,OpPert s3,FEV+MAP7D1,OpPert,0.765,0.74,0.025000000000000022,0.74,0.765,0.7,0.76,0.06000000000000005,0.7,0.76,0.5,0.75,0.25,0.5,0.75,0.31036654795011137,0.613641843664463,0.3032752957143516,0.31036654795011137,0.613641843664463,0.2832510447749967,0.4640774685256044,0.1808264237506077,0.2832510447749967,0.4640774685256044,-0.605484046349511,0.6012912734374366,1.2067753197869475,-0.605484046349511,0.6012912734374366,0.1,0.35,0.24999999999999997,0.1,0.35,20.113265991210938,0.47481074929237366,19.638455241918564,0.47481074929237366,20.113265991210938
OpPert_norman_s3,OpPert s3,FOSB+UBASH3B,OpPert,0.715,0.855,0.14,0.715,0.855,0.52,0.78,0.26,0.52,0.78,0.35,0.7,0.35,0.35,0.7,0.18803579320974578,0.6566338996042134,0.4685981063944676,0.18803579320974578,0.6566338996042134,0.2388782863545427,0.5739086821547975,0.33503039580025484,0.2388782863545427,0.5739086821547975,-0.8027840048252671,0.27833279185913157,1.0811167966843986,-0.8027840048252671,0.27833279185913157,0.1,0.25,0.15,0.1,0.25,19.768909454345703,0.40425238013267517,19.364657074213028,0.40425238013267517,19.768909454345703
OpPert_norman_s3,OpPert s3,FOXA3+FOXL2,OpPert,0.82,0.96,0.14,0.82,0.96,0.78,0.96,0.17999999999999994,0.78,0.96,0.55,0.95,0.3999999999999999,0.55,0.95,0.42678708168337204,0.8744411415886306,0.4476540599052586,0.42678708168337204,0.8744411415886306,0.396757252767243,0.7931320328647079,0.3963747800974649,0.396757252767243,0.7931320328647079,-0.2667089272569811,0.8956220713702406,1.1623309986272217,-0.2667089272569811,0.8956220713702406,0.15,0.4,0.25,0.15,0.4,20.080455780029297,0.1714271605014801,19.909028619527817,0.1714271605014801,20.080455780029297
OpPert_norman_s3,OpPert s3,FOXL2+POU3F2,OpPert,0.8,0.98,0.17999999999999994,0.8,0.98,0.78,0.98,0.19999999999999996,0.78,0.98,0.5,1.0,0.5,0.5,1.0,0.42632327321486685,0.926289991035169,0.4999667178203021,0.42632327321486685,0.926289991035169,0.383784923837995,0.8069621070586509,0.4231771832206559,0.383784923837995,0.8069621070586509,-0.14487940247392275,0.9498160839548427,1.0946954864287655,-0.14487940247392275,0.9498160839548427,0.15,0.45,0.30000000000000004,0.15,0.45,19.355968475341797,0.08707169443368912,19.268896780908108,0.08707169443368912,19.355968475341797
OpPert_norman_s3,OpPert s3,MAP2K6+SPI1,OpPert,0.71,0.81,0.10000000000000009,0.71,0.81,0.66,0.78,0.12,0.66,0.78,0.7,0.75,0.050000000000000044,0.7,0.75,0.16346320013466023,0.5676840316006456,0.4042208314659854,0.16346320013466023,0.5676840316006456,0.1797109655552929,0.42157831325044703,0.24186734769515414,0.1797109655552929,0.42157831325044703,-0.4975007845616031,0.3222225349846585,0.8197233195462617,-0.4975007845616031,0.3222225349846585,0.15,0.2,0.05000000000000002,0.15,0.2,18.32025909423828,0.14992637932300568,18.170332714915276,0.14992637932300568,18.32025909423828
OpPert_norman_s3,OpPert s3,PTPN12+UBASH3A,OpPert,0.78,0.955,0.17499999999999993,0.78,0.955,0.72,0.96,0.24,0.72,0.96,0.4,1.0,0.6,0.4,1.0,0.3904641248106097,0.8939971744505466,0.5035330496399368,0.3904641248106097,0.8939971744505466,0.35595268927585805,0.7889773235273125,0.4330246342514545,0.35595268927585805,0.7889773235273125,-0.7309940888269951,0.8821400177872382,1.6131341066142333,-0.7309940888269951,0.8821400177872382,0.1,0.55,0.45000000000000007,0.1,0.55,19.41197395324707,0.13107267022132874,19.28090128302574,0.13107267022132874,19.41197395324707
OpPert_norman_s3,OpPert s3,PTPN12+UBASH3B,OpPert,0.77,0.985,0.21499999999999997,0.77,0.985,0.64,0.98,0.33999999999999997,0.64,0.98,0.2,1.0,0.8,0.2,1.0,0.36509187334009574,0.9091252803062944,0.5440334069661986,0.36509187334009574,0.9091252803062944,0.35529657798462483,0.8111392762656583,0.45584269828103346,0.35529657798462483,0.8111392762656583,-0.6835176761152089,0.916696040241521,1.6002137163567298,-0.6835176761152089,0.916696040241521,0.1,0.6,0.5,0.1,0.6,19.574827194213867,0.09792512655258179,19.476902067661285,0.09792512655258179,19.574827194213867
OpPert_norman_s3,OpPert s3,PTPN12+ZBTB10,OpPert,0.775,0.94,0.16499999999999992,0.775,0.94,0.64,0.94,0.29999999999999993,0.64,0.94,0.4,0.95,0.5499999999999999,0.4,0.95,0.3642964608934137,0.885356508236273,0.5210600473428593,0.3642964608934137,0.885356508236273,0.34313242971967145,0.749837498762697,0.40670506904302556,0.34313242971967145,0.749837498762697,-0.6200950666968581,0.9332944488946782,1.5533895155915363,-0.6200950666968581,0.9332944488946782,0.1,0.4,0.30000000000000004,0.1,0.4,18.94931411743164,0.07097987830638885,18.87833423912525,0.07097987830638885,18.94931411743164
OpPert_norman_s3,OpPert s3,SNAI1+ZBTB10,OpPert,0.825,0.945,0.12,0.825,0.945,0.82,0.94,0.12,0.82,0.94,0.6,0.9,0.30000000000000004,0.6,0.9,0.49390446490149414,0.8440320902018841,0.35012762530038993,0.49390446490149414,0.8440320902018841,0.43987634070733944,0.7612420299008744,0.321365689193535,0.43987634070733944,0.7612420299008744,-0.4311865342926184,0.7495526413672058,1.1807391756598242,-0.4311865342926184,0.7495526413672058,0.15,0.25,0.1,0.15,0.25,19.01750373840332,0.3128780126571655,18.704625725746155,0.3128780126571655,19.01750373840332
norman19_cpa,CPA,AHR+KLF1,PerturBench,1.0,0.355,0.645,0.355,1.0,1.0,0.3,0.7,0.3,1.0,1.0,0.3,0.7,0.3,1.0,0.9969087867809073,-0.07639064505083454,1.073299431831742,-0.07639064505083454,0.9969087867809073,0.9932702681717932,-0.056658387895215,1.0499286560670082,-0.056658387895215,0.9932702681717932,0.9919453328909259,0.19902464897098263,0.7929206839199433,0.19902464897098263,0.9919453328909259,0.95,0.0,0.95,0.0,0.95,0.017998429015278816,1.7634528875350952,1.7454544585198164,0.017998429015278816,1.7634528875350952
norman19_cpa,CPA,BAK1+BCL2L11,PerturBench,1.0,0.405,0.595,0.405,1.0,1.0,0.38,0.62,0.38,1.0,1.0,0.25,0.75,0.25,1.0,0.9981911010766099,-0.21973533717966975,1.2179264382562796,-0.21973533717966975,0.9981911010766099,0.9959046909903193,-0.12537251548926845,1.1212772064795877,-0.12537251548926845,0.9959046909903193,0.9938770609236539,-0.16118064193603396,1.1550577028596878,-0.16118064193603396,0.9938770609236539,1.0,0.0,1.0,0.0,1.0,0.013611088506877422,2.011223077774048,1.9976119892671704,0.013611088506877422,2.011223077774048
norman19_cpa,CPA,BPGM+SAMD1,PerturBench,1.0,0.79,0.20999999999999996,0.79,1.0,1.0,0.58,0.42000000000000004,0.58,1.0,1.0,0.25,0.75,0.25,1.0,0.9978338922650031,0.4271664795756372,0.5706674126893658,0.4271664795756372,0.9978338922650031,0.9948909125594019,0.4168168653961503,0.5780740471632515,0.4168168653961503,0.9948909125594019,0.9750070506848787,0.30769661132750803,0.6673104393573707,0.30769661132750803,0.9750070506848787,1.0,0.05,0.95,0.05,1.0,0.0282727237790823,3.5557823181152344,3.527509594336152,0.0282727237790823,3.5557823181152344
norman19_cpa,CPA,CBFA2T3+FEV,PerturBench,1.0,0.64,0.36,0.64,1.0,1.0,0.48,0.52,0.48,1.0,1.0,0.35,0.65,0.35,1.0,0.9964605646294336,0.2739223345259452,0.7225382301034884,0.2739223345259452,0.9964605646294336,0.9919714070843723,0.2629899803006414,0.7289814267837309,0.2629899803006414,0.9919714070843723,0.9299317607671349,0.36578276816109806,0.5641489926060368,0.36578276816109806,0.9299317607671349,0.95,0.1,0.85,0.1,0.95,0.05706142634153366,4.478944301605225,4.421882875263691,0.05706142634153366,4.478944301605225
norman19_cpa,CPA,CBFA2T3+POU3F2,PerturBench,1.0,0.76,0.24,0.76,1.0,1.0,0.8,0.19999999999999996,0.8,1.0,1.0,0.65,0.35,0.65,1.0,0.9993133554388006,0.5251294000696782,0.4741839553691224,0.5251294000696782,0.9993133554388006,0.997146813204179,0.37233793350739264,0.6248088796967863,0.37233793350739264,0.997146813204179,0.9955486828473299,0.008524277915455536,0.9870244049318744,0.008524277915455536,0.9955486828473299,1.0,0.1,0.9,0.1,1.0,0.004062886815518141,4.7469964027404785,4.74293351592496,0.004062886815518141,4.7469964027404785
norman19_cpa,CPA,CBL+CNN1,PerturBench,1.0,0.795,0.20499999999999996,0.795,1.0,1.0,0.64,0.36,0.64,1.0,1.0,0.4,0.6,0.4,1.0,0.9986120397847551,0.3718087699094257,0.6268032698753294,0.3718087699094257,0.9986120397847551,0.9956146010379908,0.34813312701781796,0.6474814740201729,0.34813312701781796,0.9956146010379908,0.9932031281165222,0.5241976547208181,0.4690054733957041,0.5241976547208181,0.9932031281165222,1.0,0.0,1.0,0.0,1.0,0.0047554634511470795,3.392822742462158,3.388067279011011,0.0047554634511470795,3.392822742462158
norman19_cpa,CPA,CBL+PTPN12,PerturBench,1.0,0.75,0.25,0.75,1.0,1.0,0.58,0.42000000000000004,0.58,1.0,1.0,0.35,0.65,0.35,1.0,0.998382048295638,0.31562895762741483,0.6827530906682232,0.31562895762741483,0.998382048295638,0.9962192440797655,0.3182742918449429,0.6779449522348227,0.3182742918449429,0.9962192440797655,0.9916555952513124,0.51838143079375,0.47327416445756243,0.51838143079375,0.9916555952513124,0.95,0.0,0.95,0.0,0.95,0.00979596097022295,2.868103504180908,2.8583075432106853,0.00979596097022295,2.868103504180908
norman19_cpa,CPA,CBL+TGFBR2,PerturBench,1.0,0.785,0.21499999999999997,0.785,1.0,1.0,0.62,0.38,0.62,1.0,1.0,0.4,0.6,0.4,1.0,0.9987924385079106,0.3090863595280446,0.6897060789798659,0.3090863595280446,0.9987924385079106,0.9970104039038842,0.2915545816893157,0.7054558222145685,0.2915545816893157,0.9970104039038842,0.9966121239298626,0.2723594278121836,0.7242526961176791,0.2723594278121836,0.9966121239298626,1.0,0.1,0.9,0.1,1.0,0.004349670838564634,4.818685531616211,4.814335860777646,0.004349670838564634,4.818685531616211
norman19_cpa,CPA,CDKN1B+CDKN1C,PerturBench,1.0,0.82,0.18000000000000005,0.82,1.0,1.0,0.74,0.26,0.74,1.0,1.0,0.55,0.44999999999999996,0.55,1.0,0.9984013328518361,0.5357930009531965,0.4626083318986396,0.5357930009531965,0.9984013328518361,0.9960425166896058,0.410344228180037,0.5856982885095687,0.410344228180037,0.9960425166896058,0.9635971133595523,0.7224304871668056,0.24116662619274676,0.7224304871668056,0.9635971133595523,0.95,0.1,0.85,0.1,0.95,0.02400134690105915,4.005673408508301,3.9816720616072416,0.02400134690105915,4.005673408508301
norman19_cpa,CPA,CEBPA+JUN,PerturBench,1.0,0.755,0.245,0.755,1.0,1.0,0.7,0.30000000000000004,0.7,1.0,1.0,0.6,0.4,0.6,1.0,0.9966104437447556,0.5016227461908723,0.4949876975538833,0.5016227461908723,0.9966104437447556,0.9904439138082736,0.45148181251416925,0.5389621012941044,0.45148181251416925,0.9904439138082736,0.9313488156070897,0.5217557320129723,0.4095930835941174,0.5217557320129723,0.9313488156070897,0.95,0.05,0.8999999999999999,0.05,0.95,0.050585635006427765,4.1586689949035645,4.108083359897137,0.050585635006427765,4.1586689949035645
norman19_cpa,CPA,CEBPB+CEBPE,PerturBench,1.0,0.755,0.245,0.755,1.0,1.0,0.64,0.36,0.64,1.0,1.0,0.6,0.4,0.6,1.0,0.9987287996188884,0.5105525433419256,0.4881762562769628,0.5105525433419256,0.9987287996188884,0.9954041596262907,0.4307851223425089,0.5646190372837818,0.4307851223425089,0.9954041596262907,0.9788540628557062,0.8014135893866565,0.17744047346904968,0.8014135893866565,0.9788540628557062,0.95,0.05,0.8999999999999999,0.05,0.95,0.018013063818216324,2.2277514934539795,2.209738429635763,0.018013063818216324,2.2277514934539795
norman19_cpa,CPA,CEBPB+MAPK1,PerturBench,1.0,0.735,0.265,0.735,1.0,1.0,0.64,0.36,0.64,1.0,1.0,0.55,0.44999999999999996,0.55,1.0,0.9985380307227706,0.44888356298397414,0.5496544677387964,0.44888356298397414,0.9985380307227706,0.9967625696042492,0.3836062226631828,0.6131563469410665,0.3836062226631828,0.9967625696042492,0.9844587002836118,0.7094521794920416,0.2750065207915702,0.7094521794920416,0.9844587002836118,1.0,0.05,0.95,0.05,1.0,0.019486024975776672,2.0754520893096924,2.0559660643339157,0.019486024975776672,2.0754520893096924
norman19_cpa,CPA,CEBPE+ETS2,PerturBench,1.0,0.715,0.28500000000000003,0.715,1.0,1.0,0.6,0.4,0.6,1.0,1.0,0.65,0.35,0.65,1.0,0.9984583932789526,0.4409556077028701,0.5575027855760825,0.4409556077028701,0.9984583932789526,0.996259711223544,0.3609476917091839,0.63531201951436,0.3609476917091839,0.996259711223544,0.9821488144781161,0.860684523672615,0.12146429080550103,0.860684523672615,0.9821488144781161,1.0,0.1,0.9,0.1,1.0,0.016328327357769012,2.683509349822998,2.667181022465229,0.016328327357769012,2.683509349822998
norman19_cpa,CPA,CEBPE+ZC3HAV1,PerturBench,1.0,0.61,0.39,0.61,1.0,1.0,0.56,0.43999999999999995,0.56,1.0,1.0,0.65,0.35,0.65,1.0,0.995973981496889,0.29191074536049516,0.7040632361363939,0.29191074536049516,0.995973981496889,0.9906988581180298,0.23645740779350852,0.7542414503245213,0.23645740779350852,0.9906988581180298,0.9846063924209824,0.7711504061463741,0.21345598627460827,0.7711504061463741,0.9846063924209824,0.9,0.05,0.85,0.05,0.9,0.01619010791182518,3.0081119537353516,2.9919218458235264,0.01619010791182518,3.0081119537353516
norman19_cpa,CPA,DUSP9+SNAI1,PerturBench,1.0,0.735,0.265,0.735,1.0,1.0,0.72,0.28,0.72,1.0,1.0,0.6,0.4,0.6,1.0,0.9942345967268095,0.516593886462879,0.4776407102639305,0.516593886462879,0.9942345967268095,0.9890891336310276,0.39767107966632215,0.5914180539647054,0.39767107966632215,0.9890891336310276,0.9490341146365668,0.5027142072197694,0.4463199074167974,0.5027142072197694,0.9490341146365668,1.0,0.15,0.85,0.15,1.0,0.028483476489782333,3.8474419116973877,3.8189584352076054,0.028483476489782333,3.8474419116973877
norman19_cpa,CPA,FEV+MAP7D1,PerturBench,1.0,0.495,0.505,0.495,1.0,1.0,0.34,0.6599999999999999,0.34,1.0,1.0,0.35,0.65,0.35,1.0,0.9986407830040521,0.03025074357366551,0.9683900394303866,0.03025074357366551,0.9986407830040521,0.9960490846659745,0.08962148886931229,0.9064275957966622,0.08962148886931229,0.9960490846659745,0.9865989534301061,0.37396014859473736,0.6126388048353687,0.37396014859473736,0.9865989534301061,1.0,0.1,0.9,0.1,1.0,0.014052105136215687,4.397790431976318,4.383738326840103,0.014052105136215687,4.397790431976318
norman19_cpa,CPA,FOSB+UBASH3B,PerturBench,1.0,0.765,0.235,0.765,1.0,1.0,0.62,0.38,0.62,1.0,1.0,0.35,0.65,0.35,1.0,0.998020129554227,0.4449999656375804,0.5530201639166467,0.4449999656375804,0.998020129554227,0.9956955472119008,0.3446112714784928,0.651084275733408,0.3446112714784928,0.9956955472119008,0.9837635545781376,0.055669076905963316,0.9280944776721742,0.055669076905963316,0.9837635545781376,0.95,0.05,0.8999999999999999,0.05,0.95,0.016423115506768227,3.8887743949890137,3.8723512794822454,0.016423115506768227,3.8887743949890137
norman19_cpa,CPA,FOXA3+FOXL2,PerturBench,1.0,0.74,0.26,0.74,1.0,1.0,0.64,0.36,0.64,1.0,1.0,0.7,0.30000000000000004,0.7,1.0,0.9987701986007349,0.5277277812020451,0.4710424173986898,0.5277277812020451,0.9987701986007349,0.9959370800194337,0.41134198843390224,0.5845950915855315,0.41134198843390224,0.9959370800194337,0.990251164372043,0.41115224352292123,0.5790989208491217,0.41115224352292123,0.990251164372043,0.95,0.15,0.7999999999999999,0.15,0.95,0.009079379960894585,3.924598217010498,3.9155188370496035,0.009079379960894585,3.924598217010498
norman19_cpa,CPA,FOXL2+POU3F2,PerturBench,1.0,0.75,0.25,0.75,1.0,1.0,0.64,0.36,0.64,1.0,1.0,0.5,0.5,0.5,1.0,0.999230811296344,0.44791083429046713,0.5513199770058768,0.44791083429046713,0.999230811296344,0.9972731437244647,0.3719989514581844,0.6252741922662803,0.3719989514581844,0.9972731437244647,0.9900742872766922,0.25715792017850164,0.7329163670981906,0.25715792017850164,0.9900742872766922,0.95,0.15,0.7999999999999999,0.15,0.95,0.006312319543212652,4.969018936157227,4.962706616614014,0.006312319543212652,4.969018936157227
norman19_cpa,CPA,MAP2K6+SPI1,PerturBench,1.0,0.77,0.22999999999999998,0.77,1.0,1.0,0.56,0.43999999999999995,0.56,1.0,1.0,0.5,0.5,0.5,1.0,0.9954377145781789,0.30610301206476964,0.6893347025134092,0.30610301206476964,0.9954377145781789,0.9910164442869227,0.31640432116246625,0.6746121231244564,0.31640432116246625,0.9910164442869227,0.9707583052983029,0.10878149647837798,0.8619768088199249,0.10878149647837798,0.9707583052983029,0.95,0.05,0.8999999999999999,0.05,0.95,0.03429907187819481,2.9488041400909424,2.9145050682127476,0.03429907187819481,2.9488041400909424
norman19_cpa,CPA,PTPN12+UBASH3A,PerturBench,1.0,0.805,0.19499999999999995,0.805,1.0,1.0,0.6,0.4,0.6,1.0,1.0,0.25,0.75,0.25,1.0,0.9984442357399923,0.3617553105650031,0.6366889251749892,0.3617553105650031,0.9984442357399923,0.9953888358833566,0.33684264911719697,0.6585461867661596,0.33684264911719697,0.9953888358833566,0.9914382091117149,0.1678581989319886,0.8235800101797263,0.1678581989319886,0.9914382091117149,1.0,0.05,0.95,0.05,1.0,0.0060309129767119884,5.603814601898193,5.597783688921481,0.0060309129767119884,5.603814601898193
norman19_cpa,CPA,PTPN12+UBASH3B,PerturBench,1.0,0.79,0.20999999999999996,0.79,1.0,1.0,0.6,0.4,0.6,1.0,1.0,0.25,0.75,0.25,1.0,0.9989721448616861,0.38195717181699845,0.6170149730446877,0.38195717181699845,0.9989721448616861,0.997251009394987,0.3548494525022398,0.6424015568927472,0.3548494525022398,0.997251009394987,0.9927990625918643,0.30850311865017394,0.6842959439416905,0.30850311865017394,0.9927990625918643,0.95,0.05,0.8999999999999999,0.05,0.95,0.006512324325740337,4.811183452606201,4.804671128280461,0.006512324325740337,4.811183452606201
norman19_cpa,CPA,PTPN12+ZBTB10,PerturBench,1.0,0.8,0.19999999999999996,0.8,1.0,1.0,0.74,0.26,0.74,1.0,1.0,0.85,0.15000000000000002,0.85,1.0,0.9964913385893421,0.5377041762844396,0.4587871623049026,0.5377041762844396,0.9964913385893421,0.9936795833386484,0.41430647987590524,0.5793731034627432,0.41430647987590524,0.9936795833386484,0.983734163582287,0.01987814894050771,0.9638560146417794,0.01987814894050771,0.983734163582287,1.0,0.15,0.85,0.15,1.0,0.013140293769538403,4.779110431671143,4.765970137901604,0.013140293769538403,4.779110431671143
norman19_cpa,CPA,SNAI1+ZBTB10,PerturBench,1.0,0.81,0.18999999999999995,0.81,1.0,1.0,0.68,0.31999999999999995,0.68,1.0,1.0,0.5,0.5,0.5,1.0,0.9972691832975572,0.6182429420677407,0.37902624122981654,0.6182429420677407,0.9972691832975572,0.9924064825010956,0.48537849300726,0.5070279894938357,0.48537849300726,0.9924064825010956,0.9307092859678197,0.6892788588565758,0.24143042711124385,0.6892788588565758,0.9307092859678197,0.85,0.2,0.6499999999999999,0.2,0.85,0.0763111487030983,4.9552741050720215,4.878962956368923,0.0763111487030983,4.9552741050720215
norman19_decoder,Decoder,AHR+KLF1,PerturBench,1.0,0.375,0.625,0.375,1.0,1.0,0.36,0.64,0.36,1.0,1.0,0.3,0.7,0.3,1.0,0.997343226649875,-0.06251040912922477,1.0598536357790997,-0.06251040912922477,0.997343226649875,0.9940947710432942,-0.04824208658731674,1.042336857630611,-0.04824208658731674,0.9940947710432942,0.9852050120713273,0.21587858359247666,0.7693264284788506,0.21587858359247666,0.9852050120713273,1.0,0.0,1.0,0.0,1.0,0.02350780740380287,1.7237945795059204,1.7002867721021175,0.02350780740380287,1.7237945795059204
norman19_decoder,Decoder,BAK1+BCL2L11,PerturBench,1.0,0.415,0.585,0.415,1.0,1.0,0.38,0.62,0.38,1.0,1.0,0.25,0.75,0.25,1.0,0.9995291780947266,-0.20005693576944053,1.1995861138641672,-0.20005693576944053,0.9995291780947266,0.9985898753000078,-0.11431703100036171,1.1129069063003694,-0.11431703100036171,0.9985898753000078,0.9983862352005134,-0.12742307115810786,1.1258093063586212,-0.12742307115810786,0.9983862352005134,1.0,0.0,1.0,0.0,1.0,0.004424916580319405,2.0253310203552246,2.020906103774905,0.004424916580319405,2.0253310203552246
norman19_decoder,Decoder,BPGM+SAMD1,PerturBench,1.0,0.815,0.18500000000000005,0.815,1.0,1.0,0.64,0.36,0.64,1.0,1.0,0.35,0.65,0.35,1.0,0.9982321728736028,0.443679818481525,0.5545523543920778,0.443679818481525,0.9982321728736028,0.995862023487,0.4265244280548834,0.5693375954321167,0.4265244280548834,0.995862023487,0.9833431000006296,0.35441394105549523,0.6289291589451345,0.35441394105549523,0.9833431000006296,1.0,0.05,0.95,0.05,1.0,0.016731059178709984,3.481417179107666,3.464686119928956,0.016731059178709984,3.481417179107666
norman19_decoder,Decoder,CBFA2T3+FEV,PerturBench,1.0,0.625,0.375,0.625,1.0,1.0,0.46,0.54,0.46,1.0,1.0,0.3,0.7,0.3,1.0,0.9948135498398859,0.23354076183523884,0.761272788004647,0.23354076183523884,0.9948135498398859,0.9886882866761145,0.23325622611046465,0.7554320605656499,0.23325622611046465,0.9886882866761145,0.9031748193543759,0.2900379546535812,0.6131368647007948,0.2900379546535812,0.9031748193543759,0.9,0.05,0.85,0.05,0.9,0.09731011092662811,4.9138875007629395,4.816577389836311,0.09731011092662811,4.9138875007629395
norman19_decoder,Decoder,CBFA2T3+POU3F2,PerturBench,1.0,0.76,0.24,0.76,1.0,1.0,0.8,0.19999999999999996,0.8,1.0,1.0,0.65,0.35,0.65,1.0,0.9991301256782315,0.507491286281989,0.4916388393962424,0.507491286281989,0.9991301256782315,0.9971465993931493,0.3526920488376178,0.6444545505555315,0.3526920488376178,0.9971465993931493,0.987751474980234,-0.034623854557147685,1.0223753295373816,-0.034623854557147685,0.987751474980234,1.0,0.1,0.9,0.1,1.0,0.0089973583817482,4.6773681640625,4.668370805680752,0.0089973583817482,4.6773681640625
norman19_decoder,Decoder,CBL+CNN1,PerturBench,1.0,0.82,0.18000000000000005,0.82,1.0,1.0,0.68,0.31999999999999995,0.68,1.0,1.0,0.5,0.5,0.5,1.0,0.9993744107894851,0.4109962261189571,0.588378184670528,0.4109962261189571,0.9993744107894851,0.9980785942098647,0.3695447017083656,0.628533892501499,0.3695447017083656,0.9980785942098647,0.997374466922485,0.6198760333019016,0.37749843362058344,0.6198760333019016,0.997374466922485,1.0,0.0,1.0,0.0,1.0,0.005997791420668364,2.8170626163482666,2.8110648249275982,0.005997791420668364,2.8170626163482666
norman19_decoder,Decoder,CBL+PTPN12,PerturBench,1.0,0.76,0.24,0.76,1.0,1.0,0.62,0.38,0.62,1.0,1.0,0.4,0.6,0.4,1.0,0.9993138927462837,0.3408067719395686,0.658507120806715,0.3408067719395686,0.9993138927462837,0.9983213168775358,0.33214740264034054,0.6661739142371952,0.33214740264034054,0.9983213168775358,0.9971808112890316,0.5931609700585804,0.4040198412304512,0.5931609700585804,0.9971808112890316,1.0,0.0,1.0,0.0,1.0,0.0044609559699893,2.6395280361175537,2.6350670801475644,0.0044609559699893,2.6395280361175537
norman19_decoder,Decoder,CBL+TGFBR2,PerturBench,1.0,0.79,0.20999999999999996,0.79,1.0,1.0,0.62,0.38,0.62,1.0,1.0,0.4,0.6,0.4,1.0,0.999554503685496,0.2973846546962304,0.7021698489892656,0.2973846546962304,0.999554503685496,0.9986525713706873,0.27751385315522786,0.7211387182154594,0.27751385315522786,0.9986525713706873,0.9985401018432396,0.2597287792350832,0.7388113226081564,0.2597287792350832,0.9985401018432396,0.95,0.05,0.8999999999999999,0.05,0.95,0.0018887866754084826,4.851871013641357,4.849982226965949,0.0018887866754084826,4.851871013641357
norman19_decoder,Decoder,CDKN1B+CDKN1C,PerturBench,1.0,0.845,0.15500000000000003,0.845,1.0,1.0,0.82,0.18000000000000005,0.82,1.0,1.0,0.6,0.4,0.6,1.0,0.99929452036203,0.5529191024343544,0.44637541792767566,0.5529191024343544,0.99929452036203,0.9978865939288206,0.424993152715087,0.5728934412137336,0.424993152715087,0.9978865939288206,0.9953832124367079,0.7495903542413593,0.24579285819534857,0.7495903542413593,0.9953832124367079,0.95,0.15,0.7999999999999999,0.15,0.95,0.0039413804188370705,4.332571506500244,4.328630126081407,0.0039413804188370705,4.332571506500244
norman19_decoder,Decoder,CEBPA+JUN,PerturBench,1.0,0.82,0.18000000000000005,0.82,1.0,1.0,0.78,0.21999999999999997,0.78,1.0,1.0,0.75,0.25,0.75,1.0,0.9984442880734411,0.58228184083799,0.41616244723545115,0.58228184083799,0.9984442880734411,0.9946507896070566,0.5172456985510432,0.47740509105601336,0.5172456985510432,0.9946507896070566,0.9390065765668615,0.636975889402701,0.3020306871641605,0.636975889402701,0.9390065765668615,0.95,0.05,0.8999999999999999,0.05,0.95,0.025894349440932274,3.210456371307373,3.1845620218664408,0.025894349440932274,3.210456371307373
norman19_decoder,Decoder,CEBPB+CEBPE,PerturBench,1.0,0.8,0.19999999999999996,0.8,1.0,1.0,0.7,0.30000000000000004,0.7,1.0,1.0,0.75,0.25,0.75,1.0,0.9993997938066366,0.5797699945684053,0.4196297992382313,0.5797699945684053,0.9993997938066366,0.9979032807943186,0.4860204543550592,0.5118828264392594,0.4860204543550592,0.9979032807943186,0.9936650444280384,0.8542162840305282,0.1394487603975102,0.8542162840305282,0.9936650444280384,1.0,0.05,0.95,0.05,1.0,0.0036598879378288984,1.8875726461410522,1.8839127582032233,0.0036598879378288984,1.8875726461410522
norman19_decoder,Decoder,CEBPB+MAPK1,PerturBench,1.0,0.75,0.25,0.75,1.0,1.0,0.66,0.33999999999999997,0.66,1.0,1.0,0.6,0.4,0.6,1.0,0.9981422794301194,0.4859831651584958,0.5121591142716235,0.4859831651584958,0.9981422794301194,0.9955682244553677,0.4073742854688641,0.5881939389865036,0.4073742854688641,0.9955682244553677,0.982330055930983,0.7321378350759788,0.25019222085500414,0.7321378350759788,0.982330055930983,1.0,0.05,0.95,0.05,1.0,0.017372839152812958,1.9143602848052979,1.896987445652485,0.017372839152812958,1.9143602848052979
norman19_decoder,Decoder,CEBPE+ETS2,PerturBench,1.0,0.755,0.245,0.755,1.0,1.0,0.68,0.31999999999999995,0.68,1.0,1.0,0.7,0.30000000000000004,0.7,1.0,0.9981112055968204,0.5106616394492752,0.4874495661475452,0.5106616394492752,0.9981112055968204,0.9953016755759035,0.407251328313934,0.5880503472619696,0.407251328313934,0.9953016755759035,0.9852999130987052,0.8917397789095587,0.09356013418914655,0.8917397789095587,0.9852999130987052,0.95,0.1,0.85,0.1,0.95,0.0144558846950531,2.6436948776245117,2.6292389929294586,0.0144558846950531,2.6436948776245117
norman19_decoder,Decoder,CEBPE+ZC3HAV1,PerturBench,1.0,0.605,0.395,0.605,1.0,1.0,0.6,0.4,0.6,1.0,1.0,0.7,0.30000000000000004,0.7,1.0,0.9981507040183776,0.3101391980855813,0.6880115059327963,0.3101391980855813,0.9981507040183776,0.9953021460655815,0.24712225913562452,0.748179886929957,0.24712225913562452,0.9953021460655815,0.9862775359529371,0.795527738058429,0.19074979789450808,0.795527738058429,0.9862775359529371,0.95,0.1,0.85,0.1,0.95,0.014261114411056042,3.1950201988220215,3.1807590844109654,0.014261114411056042,3.1950201988220215
norman19_decoder,Decoder,DUSP9+SNAI1,PerturBench,1.0,0.735,0.265,0.735,1.0,1.0,0.72,0.28,0.72,1.0,1.0,0.55,0.44999999999999996,0.55,1.0,0.9962620723116469,0.5188527084587072,0.47740936385293964,0.5188527084587072,0.9962620723116469,0.9923618793785606,0.3957848375892467,0.5965770417893139,0.3957848375892467,0.9923618793785606,0.9387568827652205,0.5143653694358539,0.42439151332936664,0.5143653694358539,0.9387568827652205,0.95,0.1,0.85,0.1,0.95,0.03845705837011337,3.8240838050842285,3.785626746714115,0.03845705837011337,3.8240838050842285
norman19_decoder,Decoder,FEV+MAP7D1,PerturBench,1.0,0.505,0.495,0.505,1.0,1.0,0.34,0.6599999999999999,0.34,1.0,1.0,0.35,0.65,0.35,1.0,0.999316759955921,0.0486294881146415,0.9506872718412794,0.0486294881146415,0.999316759955921,0.9977420559969652,0.10103864223552228,0.8967034137614429,0.10103864223552228,0.9977420559969652,0.9906008478422299,0.388494389478864,0.602106458363366,0.388494389478864,0.9906008478422299,1.0,0.1,0.9,0.1,1.0,0.008195217698812485,4.36936092376709,4.361165706068277,0.008195217698812485,4.36936092376709
norman19_decoder,Decoder,FOSB+UBASH3B,PerturBench,1.0,0.775,0.22499999999999998,0.775,1.0,1.0,0.64,0.36,0.64,1.0,1.0,0.4,0.6,0.4,1.0,0.9995121222641024,0.43930842244555496,0.5602036998185473,0.43930842244555496,0.9995121222641024,0.9987449106871202,0.3323705058133723,0.6663744048737479,0.3323705058133723,0.9987449106871202,0.9989100816318203,0.1003380395058246,0.8985720421259957,0.1003380395058246,0.9989100816318203,1.0,0.05,0.95,0.05,1.0,0.0022534735035151243,3.9526469707489014,3.9503934972453862,0.0022534735035151243,3.9526469707489014
norman19_decoder,Decoder,FOXA3+FOXL2,PerturBench,1.0,0.76,0.24,0.76,1.0,1.0,0.66,0.33999999999999997,0.66,1.0,1.0,0.75,0.25,0.75,1.0,0.9990593738906766,0.5447101656664305,0.45434920822424607,0.5447101656664305,0.9990593738906766,0.9968063980714885,0.42312383547852506,0.5736825625929635,0.42312383547852506,0.9968063980714885,0.9956834596452171,0.43123633676065987,0.5644471228845572,0.43123633676065987,0.9956834596452171,0.95,0.15,0.7999999999999999,0.15,0.95,0.0049118297174572945,4.0831780433654785,4.078266213648021,0.0049118297174572945,4.0831780433654785
norman19_decoder,Decoder,FOXL2+POU3F2,PerturBench,1.0,0.765,0.235,0.765,1.0,1.0,0.66,0.33999999999999997,0.66,1.0,1.0,0.55,0.44999999999999996,0.55,1.0,0.9994213514164879,0.45035900251855465,0.5490623488979333,0.45035900251855465,0.9994213514164879,0.9980648328509532,0.3699017848157259,0.6281630480352273,0.3699017848157259,0.9980648328509532,0.9930708483468584,0.25485371809565305,0.7382171302512054,0.25485371809565305,0.9930708483468584,0.95,0.1,0.85,0.1,0.95,0.00487588020041585,4.972640514373779,4.9677646341733634,0.00487588020041585,4.972640514373779
norman19_decoder,Decoder,MAP2K6+SPI1,PerturBench,1.0,0.775,0.22499999999999998,0.775,1.0,1.0,0.58,0.42000000000000004,0.58,1.0,1.0,0.55,0.44999999999999996,0.55,1.0,0.9977816824781015,0.3058854393337985,0.691896243144303,0.3058854393337985,0.9977816824781015,0.9952640559359396,0.31032103688690543,0.6849430190490342,0.31032103688690543,0.9952640559359396,0.9901262167188454,0.1491325634075598,0.8409936533112856,0.1491325634075598,0.9901262167188454,0.9,0.05,0.85,0.05,0.9,0.011635981500148773,2.801210641860962,2.789574660360813,0.011635981500148773,2.801210641860962
norman19_decoder,Decoder,PTPN12+UBASH3A,PerturBench,1.0,0.805,0.19499999999999995,0.805,1.0,1.0,0.6,0.4,0.6,1.0,1.0,0.25,0.75,0.25,1.0,0.9980051197153759,0.3314201291731468,0.6665849905422291,0.3314201291731468,0.9980051197153759,0.9948629841216621,0.3098076553503497,0.6850553287713124,0.3098076553503497,0.9948629841216621,0.9902242832686102,0.11355761672365747,0.8766666665449527,0.11355761672365747,0.9902242832686102,0.95,0.05,0.8999999999999999,0.05,0.95,0.011480921879410744,5.919795036315918,5.908314114436507,0.011480921879410744,5.919795036315918
norman19_decoder,Decoder,PTPN12+UBASH3B,PerturBench,1.0,0.815,0.18500000000000005,0.815,1.0,1.0,0.66,0.33999999999999997,0.66,1.0,1.0,0.35,0.65,0.35,1.0,0.9995530717150081,0.3806569670415391,0.6188961046734689,0.3806569670415391,0.9995530717150081,0.9986200001855454,0.35098951234717857,0.6476304878383669,0.35098951234717857,0.9986200001855454,0.9985716739953768,0.3081217876918949,0.6904498863034819,0.3081217876918949,0.9985716739953768,1.0,0.05,0.95,0.05,1.0,0.0017412645975127816,4.863975524902344,4.862234260304831,0.0017412645975127816,4.863975524902344
norman19_decoder,Decoder,PTPN12+ZBTB10,PerturBench,1.0,0.8,0.19999999999999996,0.8,1.0,1.0,0.74,0.26,0.74,1.0,1.0,0.85,0.15000000000000002,0.85,1.0,0.9969973860464164,0.5472699334558228,0.44972745259059366,0.5472699334558228,0.9969973860464164,0.9942678902426892,0.41577483361779316,0.578493056624896,0.41577483361779316,0.9942678902426892,0.9920839186764993,0.048045684683804005,0.9440382339926953,0.048045684683804005,0.9920839186764993,1.0,0.15,0.85,0.15,1.0,0.00767718767747283,4.629049777984619,4.621372590307146,0.00767718767747283,4.629049777984619
norman19_decoder,Decoder,SNAI1+ZBTB10,PerturBench,1.0,0.845,0.15500000000000003,0.845,1.0,1.0,0.8,0.19999999999999996,0.8,1.0,1.0,0.75,0.25,0.75,1.0,0.9985556543628362,0.6660131300084987,0.3325425243543375,0.6660131300084987,0.9985556543628362,0.9956648514958881,0.527788585451847,0.4678762660440411,0.527788585451847,0.9956648514958881,0.9574598613752898,0.7629731159586519,0.1944867454166379,0.7629731159586519,0.9574598613752898,0.85,0.2,0.6499999999999999,0.2,0.85,0.023163164034485817,5.05430793762207,5.0311447735875845,0.023163164034485817,5.05430793762207
norman19_latent,LA,AHR+KLF1,PerturBench,1.0,0.345,0.655,0.345,1.0,1.0,0.32,0.6799999999999999,0.32,1.0,1.0,0.3,0.7,0.3,1.0,0.9983309595581965,-0.07066854426456892,1.0689995038227655,-0.07066854426456892,0.9983309595581965,0.9961638571148463,-0.05471989236178894,1.0508837494766352,-0.05471989236178894,0.9961638571148463,0.9900839712749475,0.22711542203939689,0.7629685492355507,0.22711542203939689,0.9900839712749475,1.0,0.0,1.0,0.0,1.0,0.01458034198731184,1.7772064208984375,1.7626260789111257,0.01458034198731184,1.7772064208984375
norman19_latent,LA,BAK1+BCL2L11,PerturBench,1.0,0.415,0.585,0.415,1.0,1.0,0.38,0.62,0.38,1.0,1.0,0.25,0.75,0.25,1.0,0.9992375111045915,-0.19859070685976385,1.1978282179643553,-0.19859070685976385,0.9992375111045915,0.9981117285299635,-0.11377411030057052,1.1118858388305342,-0.11377411030057052,0.9981117285299635,0.9967871507293504,-0.11396364170734434,1.1107507924366948,-0.11396364170734434,0.9967871507293504,1.0,0.0,1.0,0.0,1.0,0.005552079062908888,1.9271657466888428,1.9216136676259339,0.005552079062908888,1.9271657466888428
norman19_latent,LA,BPGM+SAMD1,PerturBench,1.0,0.815,0.18500000000000005,0.815,1.0,1.0,0.66,0.33999999999999997,0.66,1.0,1.0,0.4,0.6,0.4,1.0,0.9990472605319832,0.43465723891671265,0.5643900216152706,0.43465723891671265,0.9990472605319832,0.9976235743829237,0.41674658290337446,0.5808769914795493,0.41674658290337446,0.9976235743829237,0.9896716336765985,0.3202346385868783,0.6694369950897202,0.3202346385868783,0.9896716336765985,1.0,0.05,0.95,0.05,1.0,0.012530353851616383,3.5277156829833984,3.515185329131782,0.012530353851616383,3.5277156829833984
norman19_latent,LA,CBFA2T3+FEV,PerturBench,1.0,0.625,0.375,0.625,1.0,1.0,0.46,0.54,0.46,1.0,1.0,0.3,0.7,0.3,1.0,0.9951334742920646,0.24608223427044582,0.7490512400216187,0.24608223427044582,0.9951334742920646,0.9901997671386712,0.24059284997274863,0.7496069171659225,0.24059284997274863,0.9901997671386712,0.9181206279709848,0.32255293361110027,0.5955676943598845,0.32255293361110027,0.9181206279709848,0.95,0.1,0.85,0.1,0.95,0.07127369195222855,4.7825727462768555,4.711299054324627,0.07127369195222855,4.7825727462768555
norman19_latent,LA,CBFA2T3+POU3F2,PerturBench,1.0,0.76,0.24,0.76,1.0,1.0,0.8,0.19999999999999996,0.8,1.0,1.0,0.65,0.35,0.65,1.0,0.9993688128970073,0.5203197973462085,0.4790490155507988,0.5203197973462085,0.9993688128970073,0.9978961773986397,0.362341806129616,0.6355543712690237,0.362341806129616,0.9978961773986397,0.9938577422941827,0.0005818886953494793,0.9932758535988332,0.0005818886953494793,0.9938577422941827,1.0,0.1,0.9,0.1,1.0,0.0042286040261387825,4.5503458976745605,4.546117293648422,0.0042286040261387825,4.5503458976745605
norman19_latent,LA,CBL+CNN1,PerturBench,1.0,0.805,0.19499999999999995,0.805,1.0,1.0,0.66,0.33999999999999997,0.66,1.0,1.0,0.45,0.55,0.45,1.0,0.9990839554362707,0.399446364298166,0.5996375911381047,0.399446364298166,0.9990839554362707,0.9976553543824835,0.3589361653897483,0.6387191889927353,0.3589361653897483,0.9976553543824835,0.9961330606393117,0.5958274954055285,0.40030556523378324,0.5958274954055285,0.9961330606393117,1.0,0.0,1.0,0.0,1.0,0.004336385987699032,2.8111631870269775,2.8068268010392785,0.004336385987699032,2.8111631870269775
norman19_latent,LA,CBL+PTPN12,PerturBench,1.0,0.755,0.245,0.755,1.0,1.0,0.6,0.4,0.6,1.0,1.0,0.35,0.65,0.35,1.0,0.9993712996764064,0.3333726463624387,0.6659986533139677,0.3333726463624387,0.9993712996764064,0.9984187383696165,0.32616749476314594,0.6722512436064705,0.32616749476314594,0.9984187383696165,0.9965563296658719,0.5813442258761907,0.4152121037896812,0.5813442258761907,0.9965563296658719,0.95,0.0,0.95,0.0,0.95,0.004014912992715836,2.6305665969848633,2.6265516839921474,0.004014912992715836,2.6305665969848633
norman19_latent,LA,CBL+TGFBR2,PerturBench,1.0,0.785,0.21499999999999997,0.785,1.0,1.0,0.62,0.38,0.62,1.0,1.0,0.4,0.6,0.4,1.0,0.9994307048183457,0.3004682545032189,0.6989624503151268,0.3004682545032189,0.9994307048183457,0.9985682037096806,0.2802821868967079,0.7182860168129727,0.2802821868967079,0.9985682037096806,0.99813563712254,0.26705912693774636,0.7310765101847937,0.26705912693774636,0.99813563712254,1.0,0.1,0.9,0.1,1.0,0.0016004651552066207,4.749195098876953,4.7475946337217465,0.0016004651552066207,4.749195098876953
norman19_latent,LA,CDKN1B+CDKN1C,PerturBench,1.0,0.845,0.15500000000000003,0.845,1.0,1.0,0.82,0.18000000000000005,0.82,1.0,1.0,0.6,0.4,0.6,1.0,0.9988671425165564,0.5732807833456534,0.42558635917090304,0.5732807833456534,0.9988671425165564,0.9969536340556481,0.4410752805460183,0.5558783535096298,0.4410752805460183,0.9969536340556481,0.9904642832464072,0.7874835230322705,0.2029807602141367,0.7874835230322705,0.9904642832464072,0.95,0.15,0.7999999999999999,0.15,0.95,0.011432670056819916,4.066281318664551,4.054848648607731,0.011432670056819916,4.066281318664551
norman19_latent,LA,CEBPA+JUN,PerturBench,1.0,0.815,0.18500000000000005,0.815,1.0,1.0,0.78,0.21999999999999997,0.78,1.0,1.0,0.75,0.25,0.75,1.0,0.9985088819025404,0.5749795224029014,0.423529359499639,0.5749795224029014,0.9985088819025404,0.9944548635782825,0.5138127191202151,0.4806421444580674,0.5138127191202151,0.9944548635782825,0.9558980727929605,0.6361506161915621,0.31974745660139836,0.6361506161915621,0.9558980727929605,0.95,0.05,0.8999999999999999,0.05,0.95,0.019669873639941216,3.2481913566589355,3.2285214830189943,0.019669873639941216,3.2481913566589355
norman19_latent,LA,CEBPB+CEBPE,PerturBench,1.0,0.8,0.19999999999999996,0.8,1.0,1.0,0.72,0.28,0.72,1.0,1.0,0.8,0.19999999999999996,0.8,1.0,0.9992192141259615,0.588682601223067,0.41053661290289445,0.588682601223067,0.9992192141259615,0.9977094083259048,0.4942616745528331,0.5034477337730717,0.4942616745528331,0.9977094083259048,0.9904818435271474,0.8555790343139346,0.13490280921321285,0.8555790343139346,0.9904818435271474,1.0,0.05,0.95,0.05,1.0,0.0051913135685026646,1.8851693868637085,1.8799780732952058,0.0051913135685026646,1.8851693868637085
norman19_latent,LA,CEBPB+MAPK1,PerturBench,1.0,0.745,0.255,0.745,1.0,1.0,0.64,0.36,0.64,1.0,1.0,0.55,0.44999999999999996,0.55,1.0,0.9982573482957363,0.47742568783873496,0.5208316604570014,0.47742568783873496,0.9982573482957363,0.9965494976595392,0.4003912049291251,0.5961582927304141,0.4003912049291251,0.9965494976595392,0.9835156882225705,0.7067357611059476,0.2767799271166229,0.7067357611059476,0.9835156882225705,1.0,0.05,0.95,0.05,1.0,0.02307416871190071,1.9422880411148071,1.9192138724029064,0.02307416871190071,1.9422880411148071
norman19_latent,LA,CEBPE+ETS2,PerturBench,1.0,0.745,0.255,0.745,1.0,1.0,0.66,0.33999999999999997,0.66,1.0,1.0,0.7,0.30000000000000004,0.7,1.0,0.9979149135144934,0.4980909615320239,0.4998239519824694,0.4980909615320239,0.9979149135144934,0.995662053212293,0.3973303094392391,0.5983317437730539,0.3973303094392391,0.995662053212293,0.9764794110546421,0.8812880631719531,0.09519134788268901,0.8812880631719531,0.9764794110546421,0.95,0.1,0.85,0.1,0.95,0.022444775328040123,2.480498790740967,2.4580540154129267,0.022444775328040123,2.480498790740967
norman19_latent,LA,CEBPE+ZC3HAV1,PerturBench,1.0,0.6,0.4,0.6,1.0,1.0,0.58,0.42000000000000004,0.58,1.0,1.0,0.7,0.30000000000000004,0.7,1.0,0.9970680172218537,0.3090414958763337,0.6880265213455199,0.3090414958763337,0.9970680172218537,0.9934060114629114,0.24603715845425742,0.747368853008654,0.24603715845425742,0.9934060114629114,0.987893054154829,0.7939486945110724,0.19394435964375656,0.7939486945110724,0.987893054154829,0.95,0.1,0.85,0.1,0.95,0.014118951745331287,3.0258898735046387,3.0117709217593074,0.014118951745331287,3.0258898735046387
norman19_latent,LA,DUSP9+SNAI1,PerturBench,1.0,0.74,0.26,0.74,1.0,1.0,0.74,0.26,0.74,1.0,1.0,0.6,0.4,0.6,1.0,0.995749685350343,0.5218826766727761,0.4738670086775669,0.5218826766727761,0.995749685350343,0.9917353970328123,0.39931162746585985,0.5924237695669525,0.39931162746585985,0.9917353970328123,0.9470157865573565,0.5164307489789909,0.43058503757836564,0.5164307489789909,0.9470157865573565,0.95,0.1,0.85,0.1,0.95,0.03273084759712219,3.7525105476379395,3.7197797000408173,0.03273084759712219,3.7525105476379395
norman19_latent,LA,FEV+MAP7D1,PerturBench,1.0,0.495,0.505,0.495,1.0,1.0,0.36,0.64,0.36,1.0,1.0,0.4,0.6,0.4,1.0,0.9994051800404753,0.04051248429174852,0.9588926957487268,0.04051248429174852,0.9994051800404753,0.9980425811843122,0.09254983003277593,0.9054927511515363,0.09254983003277593,0.9980425811843122,0.9912520137524494,0.39230237082264063,0.5989496429298088,0.39230237082264063,0.9912520137524494,1.0,0.1,0.9,0.1,1.0,0.008006734773516655,4.374411582946777,4.366404848173261,0.008006734773516655,4.374411582946777
norman19_latent,LA,FOSB+UBASH3B,PerturBench,1.0,0.775,0.22499999999999998,0.775,1.0,1.0,0.64,0.36,0.64,1.0,1.0,0.4,0.6,0.4,1.0,0.9992160744652664,0.4423607850733531,0.5568552893919133,0.4423607850733531,0.9992160744652664,0.9982468614096492,0.3351313140405899,0.6631155473690593,0.3351313140405899,0.9982468614096492,0.9980388153414242,0.08411414773278766,0.9139246676086366,0.08411414773278766,0.9980388153414242,1.0,0.05,0.95,0.05,1.0,0.003264507744461298,3.807419538497925,3.8041550307534635,0.003264507744461298,3.807419538497925
norman19_latent,LA,FOXA3+FOXL2,PerturBench,1.0,0.765,0.235,0.765,1.0,1.0,0.7,0.30000000000000004,0.7,1.0,1.0,0.8,0.19999999999999996,0.8,1.0,0.9990707754629445,0.5571572815592579,0.4419134939036866,0.5571572815592579,0.9990707754629445,0.996865637743153,0.4336033448371209,0.563262292906032,0.4336033448371209,0.996865637743153,0.9983868677148008,0.46211769996858837,0.5362691677462124,0.46211769996858837,0.9983868677148008,0.95,0.15,0.7999999999999999,0.15,0.95,0.0011044795392081141,4.06016206741333,4.059057587874122,0.0011044795392081141,4.06016206741333
norman19_latent,LA,FOXL2+POU3F2,PerturBench,1.0,0.76,0.24,0.76,1.0,1.0,0.66,0.33999999999999997,0.66,1.0,1.0,0.55,0.44999999999999996,0.55,1.0,0.9993695303400054,0.4500294417283071,0.5493400886116984,0.4500294417283071,0.9993695303400054,0.9981588403612975,0.3669862466212146,0.6311725937400829,0.3669862466212146,0.9981588403612975,0.9925145959014158,0.2520498819944912,0.7404647139069246,0.2520498819944912,0.9925145959014158,0.95,0.1,0.85,0.1,0.95,0.005781117826700211,4.8249711990356445,4.819190081208944,0.005781117826700211,4.8249711990356445
norman19_latent,LA,MAP2K6+SPI1,PerturBench,1.0,0.765,0.235,0.765,1.0,1.0,0.58,0.42000000000000004,0.58,1.0,1.0,0.55,0.44999999999999996,0.55,1.0,0.9980794882603321,0.2894650485184382,0.7086144397418939,0.2894650485184382,0.9980794882603321,0.9961472445577639,0.29619266105497655,0.6999545835027874,0.29619266105497655,0.9961472445577639,0.9883582614573159,0.11097038446886973,0.8773878769884461,0.11097038446886973,0.9883582614573159,0.95,0.05,0.8999999999999999,0.05,0.95,0.018505895510315895,2.758706569671631,2.740200674161315,0.018505895510315895,2.758706569671631
norman19_latent,LA,PTPN12+UBASH3A,PerturBench,1.0,0.805,0.19499999999999995,0.805,1.0,1.0,0.6,0.4,0.6,1.0,1.0,0.25,0.75,0.25,1.0,0.9983297375011755,0.33631172628451234,0.6620180112166631,0.33631172628451234,0.9983297375011755,0.9951906737347498,0.31389388114939354,0.6812967925853562,0.31389388114939354,0.9951906737347498,0.9931087144176352,0.11652385473831646,0.8765848596793187,0.11652385473831646,0.9931087144176352,0.95,0.05,0.8999999999999999,0.05,0.95,0.006775126792490482,5.781371116638184,5.774595989845693,0.006775126792490482,5.781371116638184
norman19_latent,LA,PTPN12+UBASH3B,PerturBench,1.0,0.805,0.19499999999999995,0.805,1.0,1.0,0.62,0.38,0.62,1.0,1.0,0.25,0.75,0.25,1.0,0.9995806679492181,0.3757679476706151,0.623812720278603,0.3757679476706151,0.9995806679492181,0.9985419740323968,0.34725595446498947,0.6512860195674073,0.34725595446498947,0.9985419740323968,0.9985891087961575,0.29881046801915045,0.699778640777007,0.29881046801915045,0.9985891087961575,1.0,0.05,0.95,0.05,1.0,0.0011413899483159184,4.828433036804199,4.827291646855883,0.0011413899483159184,4.828433036804199
norman19_latent,LA,PTPN12+ZBTB10,PerturBench,1.0,0.805,0.19499999999999995,0.805,1.0,1.0,0.76,0.24,0.76,1.0,1.0,0.85,0.15000000000000002,0.85,1.0,0.998353744781205,0.5604506976972513,0.43790304708395367,0.5604506976972513,0.998353744781205,0.9965290894329567,0.42646723556813826,0.5700618538648184,0.42646723556813826,0.9965290894329567,0.9930997462096804,0.10167630531056102,0.8914234408991194,0.10167630531056102,0.9930997462096804,1.0,0.15,0.85,0.15,1.0,0.00743474718183279,4.751569747924805,4.744135000742972,0.00743474718183279,4.751569747924805
norman19_latent,LA,SNAI1+ZBTB10,PerturBench,1.0,0.85,0.15000000000000002,0.85,1.0,1.0,0.8,0.19999999999999996,0.8,1.0,1.0,0.75,0.25,0.75,1.0,0.9984497370071157,0.676710790882449,0.3217389461246667,0.676710790882449,0.9984497370071157,0.9958161086840681,0.5348492125817771,0.460966896102291,0.5348492125817771,0.9958161086840681,0.9624533371262719,0.7747545558828011,0.18769878124347084,0.7747545558828011,0.9624533371262719,0.85,0.2,0.6499999999999999,0.2,0.85,0.024455389007925987,4.690184116363525,4.665728727355599,0.024455389007925987,4.690184116363525
norman19_linear,Linear,AHR+KLF1,PerturBench,1.0,0.39,0.61,0.39,1.0,1.0,0.44,0.56,0.44,1.0,1.0,0.45,0.55,0.45,1.0,0.9976533736165045,-0.029955726103639994,1.0276090997201446,-0.029955726103639994,0.9976533736165045,0.9942930770455999,-0.029681380122043282,1.0239744571676432,-0.029681380122043282,0.9942930770455999,0.9696942576939842,0.30450348938126315,0.6651907683127211,0.30450348938126315,0.9696942576939842,1.0,0.0,1.0,0.0,1.0,0.039787910878658295,1.460819959640503,1.4210320487618446,0.039787910878658295,1.460819959640503
norman19_linear,Linear,BAK1+BCL2L11,PerturBench,1.0,0.42,0.5800000000000001,0.42,1.0,1.0,0.4,0.6,0.4,1.0,1.0,0.3,0.7,0.3,1.0,0.9992221569550155,-0.18919315140205914,1.1884153083570745,-0.18919315140205914,0.9992221569550155,0.9965575556530214,-0.11031942516679963,1.106876980819821,-0.11031942516679963,0.9965575556530214,0.9978233957141651,-0.11020730659168007,1.108030702305845,-0.11020730659168007,0.9978233957141651,0.95,0.05,0.8999999999999999,0.05,0.95,0.0029660160653293133,1.9500242471694946,1.9470582311041653,0.0029660160653293133,1.9500242471694946
norman19_linear,Linear,BPGM+SAMD1,PerturBench,1.0,0.845,0.15500000000000003,0.845,1.0,1.0,0.7,0.30000000000000004,0.7,1.0,1.0,0.45,0.55,0.45,1.0,0.99913185566141,0.44191591254565005,0.55721594311576,0.44191591254565005,0.99913185566141,0.9968317456846387,0.4181600205238307,0.578671725160808,0.4181600205238307,0.9968317456846387,0.9929303049747507,0.3444965346210657,0.6484337703536849,0.3444965346210657,0.9929303049747507,1.0,0.05,0.95,0.05,1.0,0.006762650795280933,3.424673557281494,3.417910906486213,0.006762650795280933,3.424673557281494
norman19_linear,Linear,CBFA2T3+FEV,PerturBench,1.0,0.655,0.345,0.655,1.0,1.0,0.52,0.48,0.52,1.0,1.0,0.45,0.55,0.45,1.0,0.9948287484978642,0.25911836553427897,0.7357103829635852,0.25911836553427897,0.9948287484978642,0.9892788606560128,0.24923476070113648,0.7400440999548763,0.24923476070113648,0.9892788606560128,0.9264540756022215,0.3371512777546169,0.5893027978476046,0.3371512777546169,0.9264540756022215,0.95,0.1,0.85,0.1,0.95,0.06977160274982452,4.645707130432129,4.575935527682304,0.06977160274982452,4.645707130432129
norman19_linear,Linear,CBFA2T3+POU3F2,PerturBench,1.0,0.765,0.235,0.765,1.0,1.0,0.82,0.18000000000000005,0.82,1.0,1.0,0.7,0.30000000000000004,0.7,1.0,0.998643623585386,0.513873460273259,0.4847701633121271,0.513873460273259,0.998643623585386,0.9967140710451516,0.356032474975662,0.6406815960694896,0.356032474975662,0.9967140710451516,0.9756164757848221,0.012854614527780518,0.9627618612570417,0.012854614527780518,0.9756164757848221,1.0,0.1,0.9,0.1,1.0,0.01678132452070713,4.477029800415039,4.460248475894332,0.01678132452070713,4.477029800415039
norman19_linear,Linear,CBL+CNN1,PerturBench,1.0,0.835,0.16500000000000004,0.835,1.0,1.0,0.74,0.26,0.74,1.0,1.0,0.55,0.44999999999999996,0.55,1.0,0.9988126305254617,0.4251002220143279,0.5737124085111338,0.4251002220143279,0.9988126305254617,0.9960673241088611,0.3707267243764893,0.6253405997323718,0.3707267243764893,0.9960673241088611,0.996591649931708,0.6811635281114536,0.31542812182025437,0.6811635281114536,0.996591649931708,1.0,0.0,1.0,0.0,1.0,0.004006979055702686,2.308023452758789,2.3040164737030864,0.004006979055702686,2.308023452758789
norman19_linear,Linear,CBL+PTPN12,PerturBench,1.0,0.78,0.21999999999999997,0.78,1.0,1.0,0.62,0.38,0.62,1.0,1.0,0.4,0.6,0.4,1.0,0.9993830579748575,0.34202627502936706,0.6573567829454905,0.34202627502936706,0.9993830579748575,0.9965547333005581,0.32555497039211734,0.6709997629084408,0.32555497039211734,0.9965547333005581,0.997967264292885,0.6044603444982313,0.3935069197946537,0.6044603444982313,0.997967264292885,1.0,0.0,1.0,0.0,1.0,0.0018727859714999795,2.344249725341797,2.342376939370297,0.0018727859714999795,2.344249725341797
norman19_linear,Linear,CBL+TGFBR2,PerturBench,1.0,0.8,0.19999999999999996,0.8,1.0,1.0,0.62,0.38,0.62,1.0,1.0,0.4,0.6,0.4,1.0,0.9992377615730208,0.317018324662803,0.6822194369102178,0.317018324662803,0.9992377615730208,0.9969105512399319,0.28914295660369305,0.7077675946362388,0.28914295660369305,0.9969105512399319,0.9966966699996249,0.30308543472746735,0.6936112352721575,0.30308543472746735,0.9966966699996249,1.0,0.1,0.9,0.1,1.0,0.0027900722343474627,4.5563459396362305,4.553555867401883,0.0027900722343474627,4.5563459396362305
norman19_linear,Linear,CDKN1B+CDKN1C,PerturBench,1.0,0.86,0.14,0.86,1.0,1.0,0.86,0.14,0.86,1.0,1.0,0.7,0.30000000000000004,0.7,1.0,0.9988418818686637,0.5751746097183726,0.4236672721502911,0.5751746097183726,0.9988418818686637,0.996089336015042,0.4444515304342692,0.5516378055807728,0.4444515304342692,0.996089336015042,0.9853106062952335,0.7847764922451618,0.2005341140500717,0.7847764922451618,0.9853106062952335,0.95,0.15,0.7999999999999999,0.15,0.95,0.01144326850771904,4.213191032409668,4.201747763901949,0.01144326850771904,4.213191032409668
norman19_linear,Linear,CEBPA+JUN,PerturBench,1.0,0.815,0.18500000000000005,0.815,1.0,1.0,0.78,0.21999999999999997,0.78,1.0,1.0,0.75,0.25,0.75,1.0,0.9980568856916654,0.576447696663229,0.42160918902843636,0.576447696663229,0.9980568856916654,0.9922477565440814,0.5118740079968402,0.48037374854724113,0.5118740079968402,0.9922477565440814,0.9221211323720215,0.6559724360394443,0.2661486963325772,0.6559724360394443,0.9221211323720215,1.0,0.05,0.95,0.05,1.0,0.031390078365802765,3.158655881881714,3.127265803515911,0.031390078365802765,3.158655881881714
norman19_linear,Linear,CEBPB+CEBPE,PerturBench,1.0,0.855,0.14500000000000002,0.855,1.0,1.0,0.76,0.24,0.76,1.0,1.0,0.85,0.15000000000000002,0.85,1.0,0.9987925099656491,0.6426879606420879,0.35610454932356117,0.6426879606420879,0.9987925099656491,0.9918584995802052,0.5252289873630217,0.4666295122171835,0.5252289873630217,0.9918584995802052,0.9586106614227016,0.8657852457923694,0.0928254156303322,0.8657852457923694,0.9586106614227016,1.0,0.05,0.95,0.05,1.0,0.02107262797653675,1.6966240406036377,1.675551412627101,0.02107262797653675,1.6966240406036377
norman19_linear,Linear,CEBPB+MAPK1,PerturBench,1.0,0.8,0.19999999999999996,0.8,1.0,1.0,0.76,0.24,0.76,1.0,1.0,0.75,0.25,0.75,1.0,0.9986416428612861,0.5426456756207692,0.45599596724051694,0.5426456756207692,0.9986416428612861,0.9943966457280636,0.4346207396325754,0.5597759060954882,0.4346207396325754,0.9943966457280636,0.9854722166549227,0.7757334164599535,0.20973880019496915,0.7757334164599535,0.9854722166549227,1.0,0.05,0.95,0.05,1.0,0.013298203237354755,1.6311867237091064,1.6178885204717517,0.013298203237354755,1.6311867237091064
norman19_linear,Linear,CEBPE+ETS2,PerturBench,1.0,0.77,0.22999999999999998,0.77,1.0,1.0,0.68,0.31999999999999995,0.68,1.0,1.0,0.75,0.25,0.75,1.0,0.9990380078727221,0.5308835599981815,0.46815444787454064,0.5308835599981815,0.9990380078727221,0.9944480623475348,0.40609756448599554,0.5883504978615393,0.40609756448599554,0.9944480623475348,0.994710543129671,0.892549502054381,0.10216104107529,0.892549502054381,0.994710543129671,1.0,0.1,0.9,0.1,1.0,0.005294298753142357,2.4026732444763184,2.397378945723176,0.005294298753142357,2.4026732444763184
norman19_linear,Linear,CEBPE+ZC3HAV1,PerturBench,1.0,0.66,0.33999999999999997,0.66,1.0,1.0,0.66,0.33999999999999997,0.66,1.0,1.0,0.75,0.25,0.75,1.0,0.9978701176448396,0.327338124003412,0.6705319936414276,0.327338124003412,0.9978701176448396,0.9934648085643414,0.25808809828387497,0.7353767102804665,0.25808809828387497,0.9934648085643414,0.9752294778001888,0.8047694264320144,0.17046005136817433,0.8047694264320144,0.9752294778001888,0.95,0.1,0.85,0.1,0.95,0.023880023509263992,3.11704421043396,3.093164186924696,0.023880023509263992,3.11704421043396
norman19_linear,Linear,DUSP9+SNAI1,PerturBench,1.0,0.75,0.25,0.75,1.0,1.0,0.74,0.26,0.74,1.0,1.0,0.6,0.4,0.6,1.0,0.9966925572743393,0.5405588985575209,0.4561336587168183,0.5405588985575209,0.9966925572743393,0.9923837273687319,0.4103021200182424,0.5820816073504895,0.4103021200182424,0.9923837273687319,0.9555767483223436,0.5451566564580622,0.4104200918642814,0.5451566564580622,0.9555767483223436,0.95,0.1,0.85,0.1,0.95,0.026372119784355164,3.7041759490966797,3.6778038293123245,0.026372119784355164,3.7041759490966797
norman19_linear,Linear,FEV+MAP7D1,PerturBench,1.0,0.52,0.48,0.52,1.0,1.0,0.38,0.62,0.38,1.0,1.0,0.45,0.55,0.45,1.0,0.9990265458310512,0.06512910450100827,0.9338974413300429,0.06512910450100827,0.9990265458310512,0.996252129026802,0.11157027900863466,0.8846818500181673,0.11157027900863466,0.996252129026802,0.9935459863700633,0.3956624110184193,0.597883575351644,0.3956624110184193,0.9935459863700633,1.0,0.1,0.9,0.1,1.0,0.007237119134515524,4.252287864685059,4.245050745550543,0.007237119134515524,4.252287864685059
norman19_linear,Linear,FOSB+UBASH3B,PerturBench,1.0,0.785,0.21499999999999997,0.785,1.0,1.0,0.68,0.31999999999999995,0.68,1.0,1.0,0.45,0.55,0.45,1.0,0.9990075066887851,0.4415669378480552,0.55744056884073,0.4415669378480552,0.9990075066887851,0.996295937556055,0.3355040688409368,0.6607918687151182,0.3355040688409368,0.996295937556055,0.9956166516230543,0.08168628832233205,0.9139303633007223,0.08168628832233205,0.9956166516230543,1.0,0.05,0.95,0.05,1.0,0.004946483764797449,3.803623914718628,3.7986774309538305,0.004946483764797449,3.803623914718628
norman19_linear,Linear,FOXA3+FOXL2,PerturBench,1.0,0.765,0.235,0.765,1.0,1.0,0.7,0.30000000000000004,0.7,1.0,1.0,0.8,0.19999999999999996,0.8,1.0,0.9986780261628299,0.54467333806984,0.4540046880929899,0.54467333806984,0.9986780261628299,0.9957503724254463,0.4202937103218174,0.5754566621036289,0.4202937103218174,0.9957503724254463,0.9862531243098505,0.4236435521095763,0.5626095722002742,0.4236435521095763,0.9862531243098505,1.0,0.15,0.85,0.15,1.0,0.010818575508892536,3.8751983642578125,3.86437978874892,0.010818575508892536,3.8751983642578125
norman19_linear,Linear,FOXL2+POU3F2,PerturBench,1.0,0.775,0.22499999999999998,0.775,1.0,1.0,0.68,0.31999999999999995,0.68,1.0,1.0,0.6,0.4,0.6,1.0,0.9986525336250118,0.4452321842497509,0.553420349375261,0.4452321842497509,0.9986525336250118,0.9967021377661514,0.36266678396449864,0.6340353538016528,0.36266678396449864,0.9967021377661514,0.967451258527366,0.24198021495581182,0.7254710435715542,0.24198021495581182,0.967451258527366,0.95,0.1,0.85,0.1,0.95,0.020423270761966705,4.824793338775635,4.804370068013668,0.020423270761966705,4.824793338775635
norman19_linear,Linear,MAP2K6+SPI1,PerturBench,1.0,0.775,0.22499999999999998,0.775,1.0,1.0,0.6,0.4,0.6,1.0,1.0,0.6,0.4,0.6,1.0,0.9957946124201728,0.32476358773349107,0.6710310246866817,0.32476358773349107,0.9957946124201728,0.9920525211350751,0.3202583958998614,0.6717941252352138,0.3202583958998614,0.9920525211350751,0.9635045416799672,0.1773355202290709,0.7861690214508963,0.1773355202290709,0.9635045416799672,0.9,0.05,0.85,0.05,0.9,0.04233328253030777,2.5887155532836914,2.5463822707533836,0.04233328253030777,2.5887155532836914
norman19_linear,Linear,PTPN12+UBASH3A,PerturBench,1.0,0.81,0.18999999999999995,0.81,1.0,1.0,0.62,0.38,0.62,1.0,1.0,0.25,0.75,0.25,1.0,0.9968419109672175,0.3188056118571828,0.6780362991100347,0.3188056118571828,0.9968419109672175,0.9912803342853885,0.2961723298047147,0.6951080044806739,0.2961723298047147,0.9912803342853885,0.990488415081598,0.10323679350427692,0.8872516215773211,0.10323679350427692,0.990488415081598,0.95,0.05,0.8999999999999999,0.05,0.95,0.014803744852542877,5.71590518951416,5.701101444661617,0.014803744852542877,5.71590518951416
norman19_linear,Linear,PTPN12+UBASH3B,PerturBench,1.0,0.825,0.17500000000000004,0.825,1.0,1.0,0.68,0.31999999999999995,0.68,1.0,1.0,0.35,0.65,0.35,1.0,0.9991344187164064,0.37566360790065084,0.6234708108157556,0.37566360790065084,0.9991344187164064,0.9962188479553763,0.3416832002314041,0.6545356477239722,0.3416832002314041,0.9962188479553763,0.997509523871288,0.3121835572088204,0.6853259666624676,0.3121835572088204,0.997509523871288,1.0,0.05,0.95,0.05,1.0,0.0035785578656941652,4.622634410858154,4.61905585299246,0.0035785578656941652,4.622634410858154
norman19_linear,Linear,PTPN12+ZBTB10,PerturBench,1.0,0.82,0.18000000000000005,0.82,1.0,1.0,0.78,0.21999999999999997,0.78,1.0,1.0,0.85,0.15000000000000002,0.85,1.0,0.9987242052456612,0.5718556910949995,0.42686851415066174,0.5718556910949995,0.9987242052456612,0.9951844178396387,0.4372064830883534,0.5579779347512853,0.4372064830883534,0.9951844178396387,0.9876845399910069,0.13238752861616088,0.855297011374846,0.13238752861616088,0.9876845399910069,0.95,0.15,0.7999999999999999,0.15,0.95,0.007513073273003101,4.672207832336426,4.664694759063423,0.007513073273003101,4.672207832336426
norman19_linear,Linear,SNAI1+ZBTB10,PerturBench,1.0,0.89,0.10999999999999999,0.89,1.0,1.0,0.84,0.16000000000000003,0.84,1.0,1.0,0.8,0.19999999999999996,0.8,1.0,0.9979879639197127,0.6979288320146573,0.3000591319050554,0.6979288320146573,0.9979879639197127,0.9936791778992717,0.5495901267895167,0.44408905110975505,0.5495901267895167,0.9936791778992717,0.932575433434055,0.7922567488681143,0.14031868456594077,0.7922567488681143,0.932575433434055,0.9,0.25,0.65,0.25,0.9,0.028486672788858414,4.936527729034424,4.908041056245565,0.028486672788858414,4.936527729034424
norman19_sams,SAMS,AHR+KLF1,PerturBench,1.0,0.38,0.62,0.38,1.0,1.0,0.38,0.62,0.38,1.0,1.0,0.35,0.65,0.35,1.0,0.9866396076673332,-0.06606977907737145,1.0527093867447046,-0.06606977907737145,0.9866396076673332,0.9745986189037541,-0.053679430162732675,1.0282780490664867,-0.053679430162732675,0.9745986189037541,0.9494304262308142,0.176992377816271,0.7724380484145432,0.176992377816271,0.9494304262308142,0.95,0.0,0.95,0.0,0.95,0.10183872282505035,1.5468790531158447,1.4450403302907944,0.10183872282505035,1.5468790531158447
norman19_sams,SAMS,BAK1+BCL2L11,PerturBench,1.0,0.405,0.595,0.405,1.0,1.0,0.38,0.62,0.38,1.0,1.0,0.25,0.75,0.25,1.0,0.9864703709328826,-0.2592148442494253,1.245685215182308,-0.2592148442494253,0.9864703709328826,0.9748399681122073,-0.1498587806073851,1.1246987487195925,-0.1498587806073851,0.9748399681122073,0.9239477093735453,-0.17746435723005474,1.1014120666036,-0.17746435723005474,0.9239477093735453,0.95,0.0,0.95,0.0,0.95,0.11789447069168091,1.8970502614974976,1.7791557908058167,0.11789447069168091,1.8970502614974976
norman19_sams,SAMS,BPGM+SAMD1,PerturBench,1.0,0.775,0.22499999999999998,0.775,1.0,1.0,0.52,0.48,0.52,1.0,1.0,0.15,0.85,0.15,1.0,0.9958699356840444,0.37328458045952395,0.6225853552245204,0.37328458045952395,0.9958699356840444,0.9904215504917486,0.3848853862106298,0.6055361642811188,0.3848853862106298,0.9904215504917486,0.9339088016110609,0.10318751249525546,0.8307212891158055,0.10318751249525546,0.9339088016110609,1.0,0.05,0.95,0.05,1.0,0.06380608677864075,4.492859840393066,4.429053753614426,0.06380608677864075,4.492859840393066
norman19_sams,SAMS,CBFA2T3+FEV,PerturBench,1.0,0.62,0.38,0.62,1.0,1.0,0.44,0.56,0.44,1.0,1.0,0.25,0.75,0.25,1.0,0.9954924845598483,0.27935876491180517,0.7161337196480431,0.27935876491180517,0.9954924845598483,0.989284260605208,0.2712967377157144,0.7179875228894936,0.2712967377157144,0.989284260605208,0.8865108684835962,0.3896695348106709,0.49684133367292527,0.3896695348106709,0.8865108684835962,1.0,0.1,0.9,0.1,1.0,0.07801167666912079,4.7492876052856445,4.671275928616524,0.07801167666912079,4.7492876052856445
norman19_sams,SAMS,CBFA2T3+POU3F2,PerturBench,1.0,0.76,0.24,0.76,1.0,1.0,0.8,0.19999999999999996,0.8,1.0,1.0,0.65,0.35,0.65,1.0,0.9982924101538198,0.5699426806227477,0.4283497295310721,0.5699426806227477,0.9982924101538198,0.9952265857809098,0.4137392988748639,0.5814872869060459,0.4137392988748639,0.9952265857809098,0.9704147703122679,0.1562082014870285,0.8142065688252393,0.1562082014870285,0.9704147703122679,0.95,0.15,0.7999999999999999,0.15,0.95,0.027343209832906723,4.764060020446777,4.736716810613871,0.027343209832906723,4.764060020446777
norman19_sams,SAMS,CBL+CNN1,PerturBench,1.0,0.775,0.22499999999999998,0.775,1.0,1.0,0.56,0.43999999999999995,0.56,1.0,1.0,0.2,0.8,0.2,1.0,0.9952718271682146,0.3268186451241955,0.6684531820440192,0.3268186451241955,0.9952718271682146,0.9868447938214145,0.3259197041066432,0.6609250897147714,0.3259197041066432,0.9868447938214145,0.955352533451241,0.22340164885566663,0.7319508845955744,0.22340164885566663,0.955352533451241,1.0,0.0,1.0,0.0,1.0,0.03054172173142433,4.555686950683594,4.525145228952169,0.03054172173142433,4.555686950683594
norman19_sams,SAMS,CBL+PTPN12,PerturBench,1.0,0.735,0.265,0.735,1.0,1.0,0.54,0.45999999999999996,0.54,1.0,1.0,0.25,0.75,0.25,1.0,0.9930353391197919,0.2441829880803235,0.7488523510394685,0.2441829880803235,0.9930353391197919,0.9856852460666999,0.2789132186643217,0.7067720274023782,0.2789132186643217,0.9856852460666999,0.9440034459871456,0.08557675947836609,0.8584266865087795,0.08557675947836609,0.9440034459871456,0.95,0.0,0.95,0.0,0.95,0.04489748179912567,3.8368594646453857,3.79196198284626,0.04489748179912567,3.8368594646453857
norman19_sams,SAMS,CBL+TGFBR2,PerturBench,1.0,0.785,0.21499999999999997,0.785,1.0,1.0,0.62,0.38,0.62,1.0,1.0,0.4,0.6,0.4,1.0,0.9925577651917675,0.2988483586418811,0.6937094065498864,0.2988483586418811,0.9925577651917675,0.9862080341674758,0.29481609059795055,0.6913919435695253,0.29481609059795055,0.9862080341674758,0.9366807486206694,0.19339541072718744,0.743285337893482,0.19339541072718744,0.9366807486206694,1.0,0.1,0.9,0.1,1.0,0.05970286577939987,5.014881610870361,4.9551787450909615,0.05970286577939987,5.014881610870361
norman19_sams,SAMS,CDKN1B+CDKN1C,PerturBench,1.0,0.81,0.18999999999999995,0.81,1.0,1.0,0.74,0.26,0.74,1.0,1.0,0.55,0.44999999999999996,0.55,1.0,0.9956231482611106,0.5310934831456933,0.4645296651154174,0.5310934831456933,0.9956231482611106,0.9912225983355745,0.41248768731225594,0.5787349110233185,0.41248768731225594,0.9912225983355745,0.9286896916520663,0.6709783330016367,0.2577113586504296,0.6709783330016367,0.9286896916520663,0.95,0.1,0.85,0.1,0.95,0.04790786653757095,4.313121795654297,4.265213929116726,0.04790786653757095,4.313121795654297
norman19_sams,SAMS,CEBPA+JUN,PerturBench,0.995,0.63,0.365,0.63,0.995,1.0,0.52,0.48,0.52,1.0,1.0,0.3,0.7,0.3,1.0,0.9878294274853077,0.38593392193861936,0.6018955055466884,0.38593392193861936,0.9878294274853077,0.9704578743959132,0.37374997171692315,0.5967079026789901,0.37374997171692315,0.9704578743959132,0.7983985468585618,0.4180905525691998,0.380307994289362,0.4180905525691998,0.7983985468585618,0.9,0.05,0.85,0.05,0.9,0.43319207429885864,5.455892562866211,5.022700488567352,0.43319207429885864,5.455892562866211
norman19_sams,SAMS,CEBPB+CEBPE,PerturBench,1.0,0.655,0.345,0.655,1.0,1.0,0.48,0.52,0.48,1.0,1.0,0.35,0.65,0.35,1.0,0.9939956329580281,0.45190480326275806,0.54209082969527,0.45190480326275806,0.9939956329580281,0.9858888318824263,0.39540977442980857,0.5904790574526178,0.39540977442980857,0.9858888318824263,0.8460169908488411,0.7477794451727324,0.09823754567610865,0.7477794451727324,0.8460169908488411,0.9,0.1,0.8,0.1,0.9,0.25553417205810547,2.8866684436798096,2.631134271621704,0.25553417205810547,2.8866684436798096
norman19_sams,SAMS,CEBPB+MAPK1,PerturBench,1.0,0.655,0.345,0.655,1.0,1.0,0.52,0.48,0.52,1.0,1.0,0.35,0.65,0.35,1.0,0.989819358537611,0.35482780526399144,0.6349915532736197,0.35482780526399144,0.989819358537611,0.9848751480006253,0.3302717311963914,0.6546034168042338,0.3302717311963914,0.9848751480006253,0.7494391140198737,0.5301662443707102,0.21927286964916348,0.5301662443707102,0.7494391140198737,0.9,0.0,0.9,0.0,0.9,0.2941325306892395,2.5400986671447754,2.245966136455536,0.2941325306892395,2.5400986671447754
norman19_sams,SAMS,CEBPE+ETS2,PerturBench,1.0,0.63,0.37,0.63,1.0,1.0,0.44,0.56,0.44,1.0,1.0,0.65,0.35,0.65,1.0,0.9888334751729552,0.35024230705859555,0.6385911681143597,0.35024230705859555,0.9888334751729552,0.9835602926104897,0.3108527891360944,0.6727075034743953,0.3108527891360944,0.9835602926104897,0.6756089549926921,0.7015077218039392,0.02589876681124703,0.6756089549926921,0.7015077218039392,0.9,0.0,0.9,0.0,0.9,0.39550989866256714,2.113767623901367,1.7182577252388,0.39550989866256714,2.113767623901367
norman19_sams,SAMS,CEBPE+ZC3HAV1,PerturBench,1.0,0.56,0.43999999999999995,0.56,1.0,1.0,0.56,0.43999999999999995,0.56,1.0,1.0,0.65,0.35,0.65,1.0,0.9876465202451314,0.23792955498049095,0.7497169652646405,0.23792955498049095,0.9876465202451314,0.9784901805910559,0.202533675309107,0.7759565052819488,0.202533675309107,0.9784901805910559,0.8515983978038093,0.6754505284215295,0.17614786938227978,0.6754505284215295,0.8515983978038093,0.9,0.05,0.85,0.05,0.9,0.1999935805797577,2.2040061950683594,2.0040126144886017,0.1999935805797577,2.2040061950683594
norman19_sams,SAMS,DUSP9+SNAI1,PerturBench,1.0,0.73,0.27,0.73,1.0,1.0,0.7,0.30000000000000004,0.7,1.0,1.0,0.55,0.44999999999999996,0.55,1.0,0.9967881503558929,0.5336509925285807,0.46313715782731213,0.5336509925285807,0.9967881503558929,0.992251656421139,0.42081087920278626,0.5714407772183527,0.42081087920278626,0.992251656421139,0.9861138501871347,0.5539557388990384,0.43215811128809634,0.5539557388990384,0.9861138501871347,1.0,0.15,0.85,0.15,1.0,0.012780344113707542,3.9971859455108643,3.9844056013971567,0.012780344113707542,3.9971859455108643
norman19_sams,SAMS,FEV+MAP7D1,PerturBench,1.0,0.45,0.55,0.45,1.0,1.0,0.34,0.6599999999999999,0.34,1.0,1.0,0.35,0.65,0.35,1.0,0.9921861323428166,-0.011183193644378343,1.003369325987195,-0.011183193644378343,0.9921861323428166,0.9837432342508569,0.0656522607466194,0.9180909735042375,0.0656522607466194,0.9837432342508569,0.9545816493535971,0.2953288824134384,0.6592527669401587,0.2953288824134384,0.9545816493535971,0.95,0.05,0.8999999999999999,0.05,0.95,0.061512064188718796,4.880697250366211,4.819185186177492,0.061512064188718796,4.880697250366211
norman19_sams,SAMS,FOSB+UBASH3B,PerturBench,1.0,0.76,0.24,0.76,1.0,1.0,0.6,0.4,0.6,1.0,1.0,0.3,0.7,0.3,1.0,0.9924969914634308,0.49250592922914926,0.4999910622342816,0.49250592922914926,0.9924969914634308,0.9867853928223415,0.38473703623274136,0.6020483565896001,0.38473703623274136,0.9867853928223415,0.94990258031029,0.0978830253956687,0.8520195549146212,0.0978830253956687,0.94990258031029,0.95,0.05,0.8999999999999999,0.05,0.95,0.060635410249233246,3.0957753658294678,3.0351399555802345,0.060635410249233246,3.0957753658294678
norman19_sams,SAMS,FOXA3+FOXL2,PerturBench,1.0,0.725,0.275,0.725,1.0,1.0,0.62,0.38,0.62,1.0,1.0,0.65,0.35,0.65,1.0,0.9974908979548072,0.5280222741350511,0.46946862381975607,0.5280222741350511,0.9974908979548072,0.9931779957742883,0.4130775216390442,0.5801004741352441,0.4130775216390442,0.9931779957742883,0.9513094986205864,0.432481581614463,0.5188279170061234,0.432481581614463,0.9513094986205864,0.95,0.15,0.7999999999999999,0.15,0.95,0.04378395155072212,3.9951255321502686,3.9513415805995464,0.04378395155072212,3.9951255321502686
norman19_sams,SAMS,FOXL2+POU3F2,PerturBench,1.0,0.75,0.25,0.75,1.0,1.0,0.64,0.36,0.64,1.0,1.0,0.5,0.5,0.5,1.0,0.9988392260248802,0.4641537164578681,0.534685509567012,0.4641537164578681,0.9988392260248802,0.9963448587179401,0.38561832054330475,0.6107265381746354,0.38561832054330475,0.9963448587179401,0.9721168967221779,0.3096403236908613,0.6624765730313167,0.3096403236908613,0.9721168967221779,0.95,0.15,0.7999999999999999,0.15,0.95,0.021047499030828476,4.946099758148193,4.925052259117365,0.021047499030828476,4.946099758148193
norman19_sams,SAMS,MAP2K6+SPI1,PerturBench,1.0,0.74,0.26,0.74,1.0,1.0,0.52,0.48,0.52,1.0,1.0,0.4,0.6,0.4,1.0,0.992932725213753,0.31960402270018046,0.6733287025135726,0.31960402270018046,0.992932725213753,0.9864364461688347,0.32493894002301377,0.661497506145821,0.32493894002301377,0.9864364461688347,0.9587845626204092,0.13468252680814247,0.8241020358122668,0.13468252680814247,0.9587845626204092,0.95,0.05,0.8999999999999999,0.05,0.95,0.053724486380815506,2.485740900039673,2.4320164136588573,0.053724486380815506,2.485740900039673
norman19_sams,SAMS,PTPN12+UBASH3A,PerturBench,1.0,0.805,0.19499999999999995,0.805,1.0,1.0,0.6,0.4,0.6,1.0,1.0,0.25,0.75,0.25,1.0,0.9948360676195956,0.36251773958815287,0.6323183280314428,0.36251773958815287,0.9948360676195956,0.9881850668154835,0.3455342156110527,0.6426508512044308,0.3455342156110527,0.9881850668154835,0.9434808783397655,0.10674489777277112,0.8367359805669944,0.10674489777277112,0.9434808783397655,1.0,0.05,0.95,0.05,1.0,0.04195089265704155,5.811174392700195,5.769223500043154,0.04195089265704155,5.811174392700195
norman19_sams,SAMS,PTPN12+UBASH3B,PerturBench,1.0,0.785,0.21499999999999997,0.785,1.0,1.0,0.6,0.4,0.6,1.0,1.0,0.25,0.75,0.25,1.0,0.9948198890958151,0.34787845542561285,0.6469414336702022,0.34787845542561285,0.9948198890958151,0.9886506558535691,0.338772004877584,0.6498786509759851,0.338772004877584,0.9886506558535691,0.9507170139043906,0.1516623375337994,0.7990546763705911,0.1516623375337994,0.9507170139043906,0.95,0.05,0.8999999999999999,0.05,0.95,0.039271898567676544,5.400620460510254,5.361348561942577,0.039271898567676544,5.400620460510254
norman19_sams,SAMS,PTPN12+ZBTB10,PerturBench,1.0,0.795,0.20499999999999996,0.795,1.0,1.0,0.72,0.28,0.72,1.0,1.0,0.8,0.19999999999999996,0.8,1.0,0.9972492922015848,0.5312597409787116,0.4659895512228731,0.5312597409787116,0.9972492922015848,0.9939058800607211,0.4120779495257045,0.5818279305350167,0.4120779495257045,0.9939058800607211,0.9757890352572071,-0.019528265688268764,0.9953173009454759,-0.019528265688268764,0.9757890352572071,1.0,0.15,0.85,0.15,1.0,0.014404584653675556,4.841860771179199,4.827456186525524,0.014404584653675556,4.841860771179199
norman19_sams,SAMS,SNAI1+ZBTB10,PerturBench,1.0,0.785,0.21499999999999997,0.785,1.0,1.0,0.62,0.38,0.62,1.0,1.0,0.45,0.55,0.45,1.0,0.9955433217362131,0.5952458694881027,0.4002974522481104,0.5952458694881027,0.9955433217362131,0.9867218179931786,0.4679094791027232,0.5188123388904554,0.4679094791027232,0.9867218179931786,0.8748116082947127,0.6433152892267627,0.23149631906794998,0.6433152892267627,0.8748116082947127,0.8,0.15,0.65,0.15,0.8,0.24593932926654816,4.698342323303223,4.4524029940366745,0.24593932926654816,4.698342323303223
norman19_sams_modified,SAMS*,AHR+KLF1,PerturBench,1.0,0.395,0.605,0.395,1.0,1.0,0.46,0.54,0.46,1.0,1.0,0.5,0.5,0.5,1.0,0.9979177987441376,0.007994366844026421,0.9899234319001111,0.007994366844026421,0.9979177987441376,0.994957505559268,-0.004100279161888254,0.9990577847211563,-0.004100279161888254,0.994957505559268,0.9918953368476209,0.3718449831281454,0.6200503537194755,0.3718449831281454,0.9918953368476209,1.0,0.0,1.0,0.0,1.0,0.011019420810043812,1.2423423528671265,1.2313229320570827,0.011019420810043812,1.2423423528671265
norman19_sams_modified,SAMS*,BAK1+BCL2L11,PerturBench,1.0,0.405,0.595,0.405,1.0,1.0,0.38,0.62,0.38,1.0,1.0,0.25,0.75,0.25,1.0,0.9988672731091688,-0.18955854197402264,1.1884258150831915,-0.18955854197402264,0.9988672731091688,0.9971565156549973,-0.10656621063606933,1.1037227262910667,-0.10656621063606933,0.9971565156549973,0.9967031392324068,-0.14899939380625352,1.1457025330386603,-0.14899939380625352,0.9967031392324068,0.95,0.05,0.8999999999999999,0.05,0.95,0.004357467405498028,2.0943543910980225,2.0899969236925244,0.004357467405498028,2.0943543910980225
norman19_sams_modified,SAMS*,BPGM+SAMD1,PerturBench,1.0,0.805,0.19499999999999995,0.805,1.0,1.0,0.6,0.4,0.6,1.0,1.0,0.3,0.7,0.3,1.0,0.9980676078528623,0.4627158797888769,0.5353517280639855,0.4627158797888769,0.9980676078528623,0.9941583109551404,0.4355607037648594,0.558597607190281,0.4355607037648594,0.9941583109551404,0.9786024427776577,0.4192546629467761,0.5593477798308817,0.4192546629467761,0.9786024427776577,1.0,0.05,0.95,0.05,1.0,0.02124222368001938,3.207462787628174,3.1862205639481544,0.02124222368001938,3.207462787628174
norman19_sams_modified,SAMS*,CBFA2T3+FEV,PerturBench,1.0,0.69,0.31000000000000005,0.69,1.0,1.0,0.6,0.4,0.6,1.0,1.0,0.55,0.44999999999999996,0.55,1.0,0.9938391269100652,0.3144596494719564,0.6793794774381088,0.3144596494719564,0.9938391269100652,0.9876451551836445,0.28620157301104904,0.7014435821725955,0.28620157301104904,0.9876451551836445,0.9648279097477191,0.4298998776256279,0.5349280321220913,0.4298998776256279,0.9648279097477191,0.95,0.1,0.85,0.1,0.95,0.050675373524427414,4.109463691711426,4.058788318186998,0.050675373524427414,4.109463691711426
norman19_sams_modified,SAMS*,CBFA2T3+POU3F2,PerturBench,1.0,0.76,0.24,0.76,1.0,1.0,0.8,0.19999999999999996,0.8,1.0,1.0,0.65,0.35,0.65,1.0,0.9982992951636689,0.536757340644889,0.4615419545187799,0.536757340644889,0.9982992951636689,0.995849071478749,0.37893156140418405,0.616917510074565,0.37893156140418405,0.995849071478749,0.9199275010492158,0.0624447235916,0.8574827774576158,0.0624447235916,0.9199275010492158,1.0,0.1,0.9,0.1,1.0,0.050007037818431854,4.638515472412109,4.5885084345936775,0.050007037818431854,4.638515472412109
norman19_sams_modified,SAMS*,CBL+CNN1,PerturBench,1.0,0.82,0.18000000000000005,0.82,1.0,1.0,0.7,0.30000000000000004,0.7,1.0,1.0,0.55,0.44999999999999996,0.55,1.0,0.9986206880714417,0.42221772570486416,0.5764029623665775,0.42221772570486416,0.9986206880714417,0.9962866930296063,0.37214444898913823,0.624142244040468,0.37214444898913823,0.9962866930296063,0.9893317730981985,0.6895239424375379,0.29980783066066063,0.6895239424375379,0.9893317730981985,0.95,0.0,0.95,0.0,0.95,0.01082075946033001,2.405954599380493,2.395133839920163,0.01082075946033001,2.405954599380493
norman19_sams_modified,SAMS*,CBL+PTPN12,PerturBench,1.0,0.755,0.245,0.755,1.0,1.0,0.6,0.4,0.6,1.0,1.0,0.35,0.65,0.35,1.0,0.9994705672057104,0.33751177427678714,0.6619587929289232,0.33751177427678714,0.9994705672057104,0.9980849597149187,0.32452863547909466,0.673556324235824,0.32452863547909466,0.9980849597149187,0.9965221396269762,0.6264445260718859,0.3700776135550903,0.6264445260718859,0.9965221396269762,1.0,0.0,1.0,0.0,1.0,0.0035385016817599535,2.5784223079681396,2.5748838062863797,0.0035385016817599535,2.5784223079681396
norman19_sams_modified,SAMS*,CBL+TGFBR2,PerturBench,1.0,0.785,0.21499999999999997,0.785,1.0,1.0,0.62,0.38,0.62,1.0,1.0,0.4,0.6,0.4,1.0,0.9993379605234092,0.3131179238892747,0.6862200366341344,0.3131179238892747,0.9993379605234092,0.9978493095803592,0.28599872584850816,0.7118505837318511,0.28599872584850816,0.9978493095803592,0.997252700219724,0.3213589780184909,0.6758937222012331,0.3213589780184909,0.997252700219724,0.95,0.05,0.8999999999999999,0.05,0.95,0.003332543419674039,4.652012825012207,4.648680281592533,0.003332543419674039,4.652012825012207
norman19_sams_modified,SAMS*,CDKN1B+CDKN1C,PerturBench,1.0,0.87,0.13,0.87,1.0,1.0,0.88,0.12,0.88,1.0,1.0,0.75,0.25,0.75,1.0,0.9964388085606409,0.6100959691374168,0.3863428394232241,0.6100959691374168,0.9964388085606409,0.9935792824387115,0.47451727330072585,0.5190620091379856,0.47451727330072585,0.9935792824387115,0.945191419884297,0.8401381540428425,0.10505326584145447,0.8401381540428425,0.945191419884297,0.9,0.2,0.7,0.2,0.9,0.045888762921094894,4.518032073974609,4.4721433110535145,0.045888762921094894,4.518032073974609
norman19_sams_modified,SAMS*,CEBPA+JUN,PerturBench,1.0,0.89,0.10999999999999999,0.89,1.0,1.0,0.86,0.14,0.86,1.0,1.0,0.85,0.15000000000000002,0.85,1.0,0.9970232913200875,0.6835106113694966,0.31351267995059084,0.6835106113694966,0.9970232913200875,0.9888917115453045,0.6014894586594356,0.38740225288586894,0.6014894586594356,0.9888917115453045,0.7866442621869223,0.7264345812312971,0.06020968095562518,0.7264345812312971,0.7866442621869223,0.95,0.05,0.8999999999999999,0.05,0.95,0.1378384679555893,2.5005557537078857,2.3627172857522964,0.1378384679555893,2.5005557537078857
norman19_sams_modified,SAMS*,CEBPB+CEBPE,PerturBench,1.0,0.86,0.14,0.86,1.0,1.0,0.78,0.21999999999999997,0.78,1.0,1.0,0.9,0.09999999999999998,0.9,1.0,0.9979219212829049,0.6607690080545517,0.33715291322835317,0.6607690080545517,0.9979219212829049,0.9935800333077152,0.5548208483814975,0.4387591849262177,0.5548208483814975,0.9935800333077152,0.9463724440090648,0.8865256705567651,0.05984677345229972,0.8865256705567651,0.9463724440090648,1.0,0.05,0.95,0.05,1.0,0.03172389045357704,1.8377487659454346,1.8060248754918575,0.03172389045357704,1.8377487659454346
norman19_sams_modified,SAMS*,CEBPB+MAPK1,PerturBench,1.0,0.795,0.20499999999999996,0.795,1.0,1.0,0.74,0.26,0.74,1.0,1.0,0.7,0.30000000000000004,0.7,1.0,0.9973552651936529,0.5637090932753571,0.4336461719182958,0.5637090932753571,0.9973552651936529,0.9920302722146508,0.4582319670390329,0.5337983051756179,0.4582319670390329,0.9920302722146508,0.9535439941440123,0.7731602940260961,0.18038370011791616,0.7731602940260961,0.9535439941440123,1.0,0.05,0.95,0.05,1.0,0.041355572640895844,1.7547543048858643,1.7133987322449684,0.041355572640895844,1.7547543048858643
norman19_sams_modified,SAMS*,CEBPE+ETS2,PerturBench,1.0,0.77,0.22999999999999998,0.77,1.0,1.0,0.7,0.30000000000000004,0.7,1.0,1.0,0.75,0.25,0.75,1.0,0.9981308793642539,0.5531985951343782,0.44493228422987574,0.5531985951343782,0.9981308793642539,0.9939960253338893,0.43457691807650173,0.5594191072573875,0.43457691807650173,0.9939960253338893,0.9791232897380677,0.9009229244537267,0.07820036528434104,0.9009229244537267,0.9791232897380677,1.0,0.1,0.9,0.1,1.0,0.021185729652643204,2.8601856231689453,2.838999893516302,0.021185729652643204,2.8601856231689453
norman19_sams_modified,SAMS*,CEBPE+ZC3HAV1,PerturBench,1.0,0.62,0.38,0.62,1.0,1.0,0.6,0.4,0.6,1.0,1.0,0.7,0.30000000000000004,0.7,1.0,0.9971400266318091,0.333702248437486,0.663437778194323,0.333702248437486,0.9971400266318091,0.9926110916427175,0.2637897920407983,0.7288212996019192,0.2637897920407983,0.9926110916427175,0.962158478442707,0.7952249797358012,0.16693349870690577,0.7952249797358012,0.962158478442707,0.95,0.1,0.85,0.1,0.95,0.03574756532907486,3.4925544261932373,3.4568068608641624,0.03574756532907486,3.4925544261932373
norman19_sams_modified,SAMS*,DUSP9+SNAI1,PerturBench,1.0,0.77,0.22999999999999998,0.77,1.0,1.0,0.76,0.24,0.76,1.0,1.0,0.65,0.35,0.65,1.0,0.9953828720040739,0.5635247438365877,0.43185812816748625,0.5635247438365877,0.9953828720040739,0.9897161707455893,0.4280179310759608,0.5616982396696284,0.4280179310759608,0.9897161707455893,0.9234082429618159,0.6024761795299884,0.32093206343182745,0.6024761795299884,0.9234082429618159,0.95,0.1,0.85,0.1,0.95,0.040387291461229324,3.657954454421997,3.6175671629607677,0.040387291461229324,3.657954454421997
norman19_sams_modified,SAMS*,FEV+MAP7D1,PerturBench,1.0,0.515,0.485,0.515,1.0,1.0,0.34,0.6599999999999999,0.34,1.0,1.0,0.35,0.65,0.35,1.0,0.9966406242245786,0.08246492062521356,0.914175703599365,0.08246492062521356,0.9966406242245786,0.9917409319497109,0.11790290157984216,0.8738380303698687,0.11790290157984216,0.9917409319497109,0.9823714811852533,0.45423573560582925,0.528135745579424,0.45423573560582925,0.9823714811852533,0.95,0.1,0.85,0.1,0.95,0.018505405634641647,4.122950553894043,4.104445148259401,0.018505405634641647,4.122950553894043
norman19_sams_modified,SAMS*,FOSB+UBASH3B,PerturBench,1.0,0.755,0.245,0.755,1.0,1.0,0.58,0.42000000000000004,0.58,1.0,1.0,0.25,0.75,0.25,1.0,0.998947933437741,0.41710393383673905,0.581843999601002,0.41710393383673905,0.998947933437741,0.9977399850867965,0.32105319131443816,0.6766867937723584,0.32105319131443816,0.9977399850867965,0.9962632525417581,0.04428874681801944,0.9519745057237387,0.04428874681801944,0.9962632525417581,0.95,0.05,0.8999999999999999,0.05,0.95,0.004815049469470978,4.138195991516113,4.133380942046642,0.004815049469470978,4.138195991516113
norman19_sams_modified,SAMS*,FOXA3+FOXL2,PerturBench,1.0,0.765,0.235,0.765,1.0,1.0,0.68,0.31999999999999995,0.68,1.0,1.0,0.8,0.19999999999999996,0.8,1.0,0.9990266811736721,0.5629127013906238,0.43611397978304833,0.5629127013906238,0.9990266811736721,0.9965680907184836,0.4354884222617514,0.5610796684567323,0.4354884222617514,0.9965680907184836,0.9758549142593245,0.4854873829724215,0.49036753128690297,0.4854873829724215,0.9758549142593245,0.95,0.1,0.85,0.1,0.95,0.015225459821522236,3.905749797821045,3.8905243379995227,0.015225459821522236,3.905749797821045
norman19_sams_modified,SAMS*,FOXL2+POU3F2,PerturBench,1.0,0.765,0.235,0.765,1.0,1.0,0.66,0.33999999999999997,0.66,1.0,1.0,0.5,0.5,0.5,1.0,0.9990449443178387,0.4759535505248329,0.5230913937930058,0.4759535505248329,0.9990449443178387,0.9969206554420533,0.3901892998875889,0.6067313555544644,0.3901892998875889,0.9969206554420533,0.9576024676224518,0.3288476096044014,0.6287548580180504,0.3288476096044014,0.9576024676224518,0.95,0.1,0.85,0.1,0.95,0.027526695281267166,4.918679237365723,4.8911525420844555,0.027526695281267166,4.918679237365723
norman19_sams_modified,SAMS*,MAP2K6+SPI1,PerturBench,1.0,0.75,0.25,0.75,1.0,1.0,0.52,0.48,0.52,1.0,1.0,0.4,0.6,0.4,1.0,0.9984257049351529,0.24231380795253618,0.7561118969826167,0.24231380795253618,0.9984257049351529,0.9970190838468493,0.2607270226831577,0.7362920611636916,0.2607270226831577,0.9970190838468493,0.9933913191817968,0.03381420720880072,0.9595771119729961,0.03381420720880072,0.9933913191817968,0.95,0.05,0.8999999999999999,0.05,0.95,0.009721153415739536,3.2178664207458496,3.20814526733011,0.009721153415739536,3.2178664207458496
norman19_sams_modified,SAMS*,PTPN12+UBASH3A,PerturBench,1.0,0.805,0.19499999999999995,0.805,1.0,1.0,0.6,0.4,0.6,1.0,1.0,0.25,0.75,0.25,1.0,0.9980850854681573,0.35268161467670117,0.6454034707914562,0.35268161467670117,0.9980850854681573,0.9950541300757754,0.31952109762921577,0.6755330324465596,0.31952109762921577,0.9950541300757754,0.9924903929072889,0.20928815472428167,0.7832022381830073,0.20928815472428167,0.9924903929072889,0.95,0.05,0.8999999999999999,0.05,0.95,0.011754659004509449,5.306628227233887,5.294873568229377,0.011754659004509449,5.306628227233887
norman19_sams_modified,SAMS*,PTPN12+UBASH3B,PerturBench,1.0,0.81,0.18999999999999995,0.81,1.0,1.0,0.66,0.33999999999999997,0.66,1.0,1.0,0.35,0.65,0.35,1.0,0.9993620052338331,0.3813576987919573,0.6180043064418759,0.3813576987919573,0.9993620052338331,0.9979819005253993,0.34677630422031486,0.6512055963050845,0.34677630422031486,0.9979819005253993,0.9977787066641913,0.33382932941898547,0.6639493772452059,0.33382932941898547,0.9977787066641913,1.0,0.05,0.95,0.05,1.0,0.0034593059681355953,4.5626325607299805,4.559173254761845,0.0034593059681355953,4.5626325607299805
norman19_sams_modified,SAMS*,PTPN12+ZBTB10,PerturBench,1.0,0.8,0.19999999999999996,0.8,1.0,1.0,0.74,0.26,0.74,1.0,1.0,0.85,0.15000000000000002,0.85,1.0,0.9954558838539488,0.5398416302642681,0.45561425358968066,0.5398416302642681,0.9954558838539488,0.9916763597441329,0.41293416250091014,0.5787421972432227,0.41293416250091014,0.9916763597441329,0.9854728353137682,0.0544914731172328,0.9309813621965354,0.0544914731172328,0.9854728353137682,0.95,0.15,0.7999999999999999,0.15,0.95,0.008231805637478828,4.658293724060059,4.65006191842258,0.008231805637478828,4.658293724060059
norman19_sams_modified,SAMS*,SNAI1+ZBTB10,PerturBench,1.0,0.88,0.12,0.88,1.0,1.0,0.82,0.18000000000000005,0.82,1.0,1.0,0.8,0.19999999999999996,0.8,1.0,0.9973443460881013,0.7146613512889655,0.28268299479913583,0.7146613512889655,0.9973443460881013,0.9924099288648763,0.5743380251446076,0.4180719037202687,0.5743380251446076,0.9924099288648763,0.8572487409260378,0.8139700226608201,0.043278718265217675,0.8139700226608201,0.8572487409260378,0.9,0.25,0.65,0.25,0.9,0.07144507020711899,5.301238536834717,5.229793466627598,0.07144507020711899,5.301238536834717
